lsej_id,path,split,imagenet_image_id,imagenet_class_id
LSEJ_000002,images/n01440764_1063.png,train,n01440764_1063,n01440764
LSEJ_000003,images/n01440764_10783.png,train,n01440764_10783,n01440764
LSEJ_000005,images/n01440764_13274.png,train,n01440764_13274,n01440764
LSEJ_000006,images/n01440764_13368.png,train,n01440764_13368,n01440764
LSEJ_000007,images/n01440764_141.png,train,n01440764_141,n01440764
LSEJ_000010,images/n01440764_2708.png,train,n01440764_2708,n01440764
LSEJ_000011,images/n01440764_3198.png,train,n01440764_3198,n01440764
LSEJ_000012,images/n01440764_3724.png,train,n01440764_3724,n01440764
LSEJ_000013,images/n01440764_5432.png,train,n01440764_5432,n01440764
LSEJ_000014,images/n01440764_5802.png,train,n01440764_5802,n01440764
LSEJ_000015,images/n01440764_5902.png,train,n01440764_5902,n01440764
LSEJ_000016,images/n01440764_6388.png,train,n01440764_6388,n01440764
LSEJ_000017,images/n01440764_6816.png,train,n01440764_6816,n01440764
LSEJ_000018,images/n01440764_7173.png,train,n01440764_7173,n01440764
LSEJ_000019,images/n01440764_7473.png,train,n01440764_7473,n01440764
LSEJ_000020,images/n01440764_7531.png,train,n01440764_7531,n01440764
LSEJ_000022,images/n01440764_7982.png,train,n01440764_7982,n01440764
LSEJ_000023,images/n01440764_8052.png,train,n01440764_8052,n01440764
LSEJ_000025,images/n01440764_8421.png,train,n01440764_8421,n01440764
LSEJ_000027,images/n01440764_8580.png,train,n01440764_8580,n01440764
LSEJ_000028,images/n01440764_9091.png,train,n01440764_9091,n01440764
LSEJ_000029,images/n01440764_9456.png,train,n01440764_9456,n01440764
LSEJ_000031,images/n01443537_1389.png,train,n01443537_1389,n01443537
LSEJ_000032,images/n01443537_1559.png,train,n01443537_1559,n01443537
LSEJ_000033,images/n01443537_1955.png,train,n01443537_1955,n01443537
LSEJ_000035,images/n01443537_2847.png,train,n01443537_2847,n01443537
LSEJ_000036,images/n01443537_3211.png,train,n01443537_3211,n01443537
LSEJ_000037,images/n01443537_4523.png,train,n01443537_4523,n01443537
LSEJ_000038,images/n01443537_4528.png,train,n01443537_4528,n01443537
LSEJ_000040,images/n01443537_891.png,train,n01443537_891,n01443537
LSEJ_000041,images/n01443537_962.png,train,n01443537_962,n01443537
LSEJ_000042,images/n01491361_1414.png,train,n01491361_1414,n01491361
LSEJ_000043,images/n01491361_58.png,train,n01491361_58,n01491361
LSEJ_000044,images/n01494475_1129.png,train,n01494475_1129,n01494475
LSEJ_000046,images/n01494475_1481.png,train,n01494475_1481,n01494475
LSEJ_000047,images/n01494475_18589.png,train,n01494475_18589,n01494475
LSEJ_000048,images/n01494475_2073.png,train,n01494475_2073,n01494475
LSEJ_000051,images/n01494475_433.png,train,n01494475_433,n01494475
LSEJ_000052,images/n01494475_5406.png,train,n01494475_5406,n01494475
LSEJ_000053,images/n01494475_547.png,train,n01494475_547,n01494475
LSEJ_000054,images/n01494475_608.png,train,n01494475_608,n01494475
LSEJ_000055,images/n01494475_6425.png,train,n01494475_6425,n01494475
LSEJ_000056,images/n01494475_6729.png,train,n01494475_6729,n01494475
LSEJ_000057,images/n01494475_6925.png,train,n01494475_6925,n01494475
LSEJ_000058,images/n01494475_9563.png,train,n01494475_9563,n01494475
LSEJ_000059,images/n01496331_11015.png,train,n01496331_11015,n01496331
LSEJ_000062,images/n01496331_11655.png,train,n01496331_11655,n01496331
LSEJ_000063,images/n01496331_11850.png,train,n01496331_11850,n01496331
LSEJ_000064,images/n01496331_11963.png,train,n01496331_11963,n01496331
LSEJ_000067,images/n01496331_13372.png,train,n01496331_13372,n01496331
LSEJ_000068,images/n01496331_13415.png,train,n01496331_13415,n01496331
LSEJ_000069,images/n01496331_14278.png,train,n01496331_14278,n01496331
LSEJ_000070,images/n01496331_14851.png,train,n01496331_14851,n01496331
LSEJ_000071,images/n01496331_2189.png,train,n01496331_2189,n01496331
LSEJ_000072,images/n01496331_25287.png,train,n01496331_25287,n01496331
LSEJ_000073,images/n01496331_27118.png,train,n01496331_27118,n01496331
LSEJ_000074,images/n01496331_2737.png,train,n01496331_2737,n01496331
LSEJ_000075,images/n01496331_27544.png,train,n01496331_27544,n01496331
LSEJ_000076,images/n01496331_29206.png,train,n01496331_29206,n01496331
LSEJ_000078,images/n01496331_31152.png,train,n01496331_31152,n01496331
LSEJ_000079,images/n01496331_31995.png,train,n01496331_31995,n01496331
LSEJ_000083,images/n01496331_35603.png,train,n01496331_35603,n01496331
LSEJ_000084,images/n01496331_4841.png,train,n01496331_4841,n01496331
LSEJ_000085,images/n01496331_6262.png,train,n01496331_6262,n01496331
LSEJ_000086,images/n01496331_7074.png,train,n01496331_7074,n01496331
LSEJ_000087,images/n01496331_7409.png,train,n01496331_7409,n01496331
LSEJ_000088,images/n01496331_7517.png,train,n01496331_7517,n01496331
LSEJ_000089,images/n01496331_7895.png,train,n01496331_7895,n01496331
LSEJ_000090,images/n01496331_8641.png,train,n01496331_8641,n01496331
LSEJ_000091,images/n01498041_10108.png,train,n01498041_10108,n01498041
LSEJ_000092,images/n01498041_10408.png,train,n01498041_10408,n01498041
LSEJ_000093,images/n01498041_694.png,train,n01498041_694,n01498041
LSEJ_000094,images/n01514668_10506.png,train,n01514668_10506,n01514668
LSEJ_000095,images/n01514668_202.png,train,n01514668_202,n01514668
LSEJ_000096,images/n01514668_4487.png,train,n01514668_4487,n01514668
LSEJ_000098,images/n01514859_12602.png,train,n01514859_12602,n01514859
LSEJ_000099,images/n01514859_12644.png,train,n01514859_12644,n01514859
LSEJ_000100,images/n01514859_2221.png,train,n01514859_2221,n01514859
LSEJ_000101,images/n01514859_2518.png,train,n01514859_2518,n01514859
LSEJ_000104,images/n01514859_5276.png,train,n01514859_5276,n01514859
LSEJ_000105,images/n01514859_5419.png,train,n01514859_5419,n01514859
LSEJ_000106,images/n01514859_5574.png,train,n01514859_5574,n01514859
LSEJ_000107,images/n01514859_989.png,train,n01514859_989,n01514859
LSEJ_000108,images/n01518878_10165.png,train,n01518878_10165,n01518878
LSEJ_000109,images/n01518878_11778.png,train,n01518878_11778,n01518878
LSEJ_000111,images/n01518878_1492.png,train,n01518878_1492,n01518878
LSEJ_000112,images/n01518878_3995.png,train,n01518878_3995,n01518878
LSEJ_000113,images/n01518878_440.png,train,n01518878_440,n01518878
LSEJ_000116,images/n01518878_5854.png,train,n01518878_5854,n01518878
LSEJ_000117,images/n01518878_7642.png,train,n01518878_7642,n01518878
LSEJ_000118,images/n01530575_2623.png,train,n01530575_2623,n01530575
LSEJ_000119,images/n01530575_3725.png,train,n01530575_3725,n01530575
LSEJ_000120,images/n01530575_4026.png,train,n01530575_4026,n01530575
LSEJ_000121,images/n01530575_5434.png,train,n01530575_5434,n01530575
LSEJ_000123,images/n01530575_6742.png,train,n01530575_6742,n01530575
LSEJ_000124,images/n01531178_1980.png,train,n01531178_1980,n01531178
LSEJ_000125,images/n01532829_2584.png,train,n01532829_2584,n01532829
LSEJ_000126,images/n01532829_3524.png,train,n01532829_3524,n01532829
LSEJ_000127,images/n01532829_7129.png,train,n01532829_7129,n01532829
LSEJ_000129,images/n01537544_2757.png,train,n01537544_2757,n01537544
LSEJ_000130,images/n01537544_4943.png,train,n01537544_4943,n01537544
LSEJ_000131,images/n01537544_714.png,train,n01537544_714,n01537544
LSEJ_000132,images/n01558993_12721.png,train,n01558993_12721,n01558993
LSEJ_000133,images/n01558993_2447.png,train,n01558993_2447,n01558993
LSEJ_000134,images/n01558993_4418.png,train,n01558993_4418,n01558993
LSEJ_000135,images/n01558993_6194.png,train,n01558993_6194,n01558993
LSEJ_000136,images/n01558993_6421.png,train,n01558993_6421,n01558993
LSEJ_000138,images/n01560419_2227.png,train,n01560419_2227,n01560419
LSEJ_000139,images/n01560419_2754.png,train,n01560419_2754,n01560419
LSEJ_000140,images/n01560419_42.png,train,n01560419_42,n01560419
LSEJ_000142,images/n01580077_5419.png,train,n01580077_5419,n01580077
LSEJ_000143,images/n01582220_3654.png,train,n01582220_3654,n01582220
LSEJ_000144,images/n01582220_986.png,train,n01582220_986,n01582220
LSEJ_000145,images/n01592084_9951.png,train,n01592084_9951,n01592084
LSEJ_000146,images/n01601694_10351.png,train,n01601694_10351,n01601694
LSEJ_000147,images/n01601694_8058.png,train,n01601694_8058,n01601694
LSEJ_000148,images/n01608432_10782.png,train,n01608432_10782,n01608432
LSEJ_000149,images/n01608432_13915.png,train,n01608432_13915,n01608432
LSEJ_000150,images/n01608432_2234.png,train,n01608432_2234,n01608432
LSEJ_000151,images/n01608432_3905.png,train,n01608432_3905,n01608432
LSEJ_000152,images/n01608432_4655.png,train,n01608432_4655,n01608432
LSEJ_000156,images/n01614925_16288.png,train,n01614925_16288,n01614925
LSEJ_000158,images/n01614925_3608.png,train,n01614925_3608,n01614925
LSEJ_000159,images/n01614925_47.png,train,n01614925_47,n01614925
LSEJ_000160,images/n01614925_5534.png,train,n01614925_5534,n01614925
LSEJ_000161,images/n01614925_8507.png,train,n01614925_8507,n01614925
LSEJ_000162,images/n01616318_5417.png,train,n01616318_5417,n01616318
LSEJ_000163,images/n01616318_9491.png,train,n01616318_9491,n01616318
LSEJ_000164,images/n01622779_4359.png,train,n01622779_4359,n01622779
LSEJ_000165,images/n01622779_5500.png,train,n01622779_5500,n01622779
LSEJ_000166,images/n01629819_111.png,train,n01629819_111,n01629819
LSEJ_000168,images/n01629819_12666.png,train,n01629819_12666,n01629819
LSEJ_000169,images/n01629819_175.png,train,n01629819_175,n01629819
LSEJ_000170,images/n01629819_19175.png,train,n01629819_19175,n01629819
LSEJ_000171,images/n01629819_19423.png,train,n01629819_19423,n01629819
LSEJ_000172,images/n01629819_19618.png,train,n01629819_19618,n01629819
LSEJ_000173,images/n01629819_2675.png,train,n01629819_2675,n01629819
LSEJ_000175,images/n01629819_3466.png,train,n01629819_3466,n01629819
LSEJ_000177,images/n01629819_5716.png,train,n01629819_5716,n01629819
LSEJ_000178,images/n01629819_9012.png,train,n01629819_9012,n01629819
LSEJ_000181,images/n01630670_310.png,train,n01630670_310,n01630670
LSEJ_000182,images/n01630670_3355.png,train,n01630670_3355,n01630670
LSEJ_000183,images/n01630670_4445.png,train,n01630670_4445,n01630670
LSEJ_000184,images/n01630670_5355.png,train,n01630670_5355,n01630670
LSEJ_000185,images/n01630670_5608.png,train,n01630670_5608,n01630670
LSEJ_000187,images/n01630670_654.png,train,n01630670_654,n01630670
LSEJ_000188,images/n01630670_6549.png,train,n01630670_6549,n01630670
LSEJ_000189,images/n01630670_7101.png,train,n01630670_7101,n01630670
LSEJ_000190,images/n01630670_7234.png,train,n01630670_7234,n01630670
LSEJ_000191,images/n01630670_8298.png,train,n01630670_8298,n01630670
LSEJ_000192,images/n01630670_8975.png,train,n01630670_8975,n01630670
LSEJ_000193,images/n01631663_1170.png,train,n01631663_1170,n01631663
LSEJ_000196,images/n01631663_2946.png,train,n01631663_2946,n01631663
LSEJ_000197,images/n01631663_3521.png,train,n01631663_3521,n01631663
LSEJ_000198,images/n01631663_4921.png,train,n01631663_4921,n01631663
LSEJ_000199,images/n01631663_5479.png,train,n01631663_5479,n01631663
LSEJ_000200,images/n01631663_6168.png,train,n01631663_6168,n01631663
LSEJ_000201,images/n01631663_618.png,train,n01631663_618,n01631663
LSEJ_000202,images/n01632458_104.png,train,n01632458_104,n01632458
LSEJ_000203,images/n01632458_2234.png,train,n01632458_2234,n01632458
LSEJ_000204,images/n01632458_2454.png,train,n01632458_2454,n01632458
LSEJ_000206,images/n01632458_2882.png,train,n01632458_2882,n01632458
LSEJ_000207,images/n01632458_2960.png,train,n01632458_2960,n01632458
LSEJ_000208,images/n01632458_373.png,train,n01632458_373,n01632458
LSEJ_000209,images/n01632458_432.png,train,n01632458_432,n01632458
LSEJ_000211,images/n01632458_673.png,train,n01632458_673,n01632458
LSEJ_000213,images/n01632777_11414.png,train,n01632777_11414,n01632777
LSEJ_000215,images/n01632777_16394.png,train,n01632777_16394,n01632777
LSEJ_000217,images/n01632777_17139.png,train,n01632777_17139,n01632777
LSEJ_000218,images/n01632777_17952.png,train,n01632777_17952,n01632777
LSEJ_000219,images/n01632777_19247.png,train,n01632777_19247,n01632777
LSEJ_000220,images/n01632777_19929.png,train,n01632777_19929,n01632777
LSEJ_000221,images/n01632777_5433.png,train,n01632777_5433,n01632777
LSEJ_000222,images/n01632777_6852.png,train,n01632777_6852,n01632777
LSEJ_000223,images/n01632777_8799.png,train,n01632777_8799,n01632777
LSEJ_000224,images/n01632777_9116.png,train,n01632777_9116,n01632777
LSEJ_000226,images/n01632777_9963.png,train,n01632777_9963,n01632777
LSEJ_000227,images/n01641577_11583.png,train,n01641577_11583,n01641577
LSEJ_000229,images/n01641577_1379.png,train,n01641577_1379,n01641577
LSEJ_000231,images/n01641577_623.png,train,n01641577_623,n01641577
LSEJ_000232,images/n01641577_6777.png,train,n01641577_6777,n01641577
LSEJ_000233,images/n01641577_7087.png,train,n01641577_7087,n01641577
LSEJ_000234,images/n01641577_9122.png,train,n01641577_9122,n01641577
LSEJ_000235,images/n01641577_9623.png,train,n01641577_9623,n01641577
LSEJ_000236,images/n01644373_10635.png,train,n01644373_10635,n01644373
LSEJ_000237,images/n01644373_10772.png,train,n01644373_10772,n01644373
LSEJ_000239,images/n01644373_3089.png,train,n01644373_3089,n01644373
LSEJ_000240,images/n01644373_3114.png,train,n01644373_3114,n01644373
LSEJ_000241,images/n01644373_6614.png,train,n01644373_6614,n01644373
LSEJ_000243,images/n01644373_6970.png,train,n01644373_6970,n01644373
LSEJ_000245,images/n01644373_7812.png,train,n01644373_7812,n01644373
LSEJ_000246,images/n01644373_7863.png,train,n01644373_7863,n01644373
LSEJ_000248,images/n01644373_8430.png,train,n01644373_8430,n01644373
LSEJ_000249,images/n01644373_8610.png,train,n01644373_8610,n01644373
LSEJ_000250,images/n01644373_8842.png,train,n01644373_8842,n01644373
LSEJ_000251,images/n01644373_9718.png,train,n01644373_9718,n01644373
LSEJ_000252,images/n01644900_10220.png,train,n01644900_10220,n01644900
LSEJ_000254,images/n01644900_11007.png,train,n01644900_11007,n01644900
LSEJ_000255,images/n01644900_11066.png,train,n01644900_11066,n01644900
LSEJ_000256,images/n01644900_12322.png,train,n01644900_12322,n01644900
LSEJ_000257,images/n01644900_16329.png,train,n01644900_16329,n01644900
LSEJ_000258,images/n01644900_17709.png,train,n01644900_17709,n01644900
LSEJ_000259,images/n01644900_19040.png,train,n01644900_19040,n01644900
LSEJ_000260,images/n01644900_19289.png,train,n01644900_19289,n01644900
LSEJ_000261,images/n01644900_22654.png,train,n01644900_22654,n01644900
LSEJ_000262,images/n01644900_22662.png,train,n01644900_22662,n01644900
LSEJ_000264,images/n01644900_354.png,train,n01644900_354,n01644900
LSEJ_000267,images/n01644900_4522.png,train,n01644900_4522,n01644900
LSEJ_000268,images/n01644900_5151.png,train,n01644900_5151,n01644900
LSEJ_000269,images/n01644900_5237.png,train,n01644900_5237,n01644900
LSEJ_000270,images/n01644900_5405.png,train,n01644900_5405,n01644900
LSEJ_000271,images/n01644900_5828.png,train,n01644900_5828,n01644900
LSEJ_000272,images/n01644900_709.png,train,n01644900_709,n01644900
LSEJ_000274,images/n01644900_7599.png,train,n01644900_7599,n01644900
LSEJ_000276,images/n01644900_8901.png,train,n01644900_8901,n01644900
LSEJ_000277,images/n01644900_8905.png,train,n01644900_8905,n01644900
LSEJ_000279,images/n01644900_9861.png,train,n01644900_9861,n01644900
LSEJ_000281,images/n01664065_18047.png,train,n01664065_18047,n01664065
LSEJ_000282,images/n01664065_18746.png,train,n01664065_18746,n01664065
LSEJ_000283,images/n01664065_22552.png,train,n01664065_22552,n01664065
LSEJ_000284,images/n01664065_22864.png,train,n01664065_22864,n01664065
LSEJ_000285,images/n01664065_25400.png,train,n01664065_25400,n01664065
LSEJ_000286,images/n01664065_27821.png,train,n01664065_27821,n01664065
LSEJ_000287,images/n01664065_30325.png,train,n01664065_30325,n01664065
LSEJ_000289,images/n01664065_3102.png,train,n01664065_3102,n01664065
LSEJ_000291,images/n01664065_9581.png,train,n01664065_9581,n01664065
LSEJ_000293,images/n01665541_1058.png,train,n01665541_1058,n01665541
LSEJ_000294,images/n01665541_11501.png,train,n01665541_11501,n01665541
LSEJ_000295,images/n01665541_14868.png,train,n01665541_14868,n01665541
LSEJ_000296,images/n01665541_16009.png,train,n01665541_16009,n01665541
LSEJ_000297,images/n01665541_20416.png,train,n01665541_20416,n01665541
LSEJ_000299,images/n01665541_21190.png,train,n01665541_21190,n01665541
LSEJ_000300,images/n01665541_25331.png,train,n01665541_25331,n01665541
LSEJ_000301,images/n01665541_26959.png,train,n01665541_26959,n01665541
LSEJ_000302,images/n01665541_29138.png,train,n01665541_29138,n01665541
LSEJ_000303,images/n01665541_374.png,train,n01665541_374,n01665541
LSEJ_000305,images/n01665541_5845.png,train,n01665541_5845,n01665541
LSEJ_000307,images/n01665541_89.png,train,n01665541_89,n01665541
LSEJ_000308,images/n01665541_9244.png,train,n01665541_9244,n01665541
LSEJ_000310,images/n01667114_11649.png,train,n01667114_11649,n01667114
LSEJ_000311,images/n01667114_12158.png,train,n01667114_12158,n01667114
LSEJ_000312,images/n01667114_12482.png,train,n01667114_12482,n01667114
LSEJ_000313,images/n01667114_12504.png,train,n01667114_12504,n01667114
LSEJ_000314,images/n01667114_12537.png,train,n01667114_12537,n01667114
LSEJ_000316,images/n01667114_13875.png,train,n01667114_13875,n01667114
LSEJ_000317,images/n01667114_1459.png,train,n01667114_1459,n01667114
LSEJ_000319,images/n01667114_3009.png,train,n01667114_3009,n01667114
LSEJ_000320,images/n01667114_312.png,train,n01667114_312,n01667114
LSEJ_000321,images/n01667114_3757.png,train,n01667114_3757,n01667114
LSEJ_000322,images/n01667114_3868.png,train,n01667114_3868,n01667114
LSEJ_000323,images/n01667114_4483.png,train,n01667114_4483,n01667114
LSEJ_000324,images/n01667114_590.png,train,n01667114_590,n01667114
LSEJ_000326,images/n01667778_10971.png,train,n01667778_10971,n01667778
LSEJ_000327,images/n01667778_13150.png,train,n01667778_13150,n01667778
LSEJ_000329,images/n01667778_16183.png,train,n01667778_16183,n01667778
LSEJ_000330,images/n01667778_17906.png,train,n01667778_17906,n01667778
LSEJ_000332,images/n01667778_19242.png,train,n01667778_19242,n01667778
LSEJ_000334,images/n01667778_21657.png,train,n01667778_21657,n01667778
LSEJ_000335,images/n01667778_22337.png,train,n01667778_22337,n01667778
LSEJ_000336,images/n01667778_2460.png,train,n01667778_2460,n01667778
LSEJ_000337,images/n01667778_2498.png,train,n01667778_2498,n01667778
LSEJ_000339,images/n01667778_2810.png,train,n01667778_2810,n01667778
LSEJ_000340,images/n01667778_4370.png,train,n01667778_4370,n01667778
LSEJ_000341,images/n01667778_4497.png,train,n01667778_4497,n01667778
LSEJ_000342,images/n01667778_4849.png,train,n01667778_4849,n01667778
LSEJ_000343,images/n01667778_5251.png,train,n01667778_5251,n01667778
LSEJ_000344,images/n01667778_5686.png,train,n01667778_5686,n01667778
LSEJ_000346,images/n01667778_6074.png,train,n01667778_6074,n01667778
LSEJ_000348,images/n01667778_8386.png,train,n01667778_8386,n01667778
LSEJ_000349,images/n01669191_10076.png,train,n01669191_10076,n01669191
LSEJ_000350,images/n01669191_10331.png,train,n01669191_10331,n01669191
LSEJ_000352,images/n01669191_11040.png,train,n01669191_11040,n01669191
LSEJ_000353,images/n01669191_11214.png,train,n01669191_11214,n01669191
LSEJ_000354,images/n01669191_11222.png,train,n01669191_11222,n01669191
LSEJ_000355,images/n01669191_11846.png,train,n01669191_11846,n01669191
LSEJ_000356,images/n01669191_11893.png,train,n01669191_11893,n01669191
LSEJ_000357,images/n01669191_12272.png,train,n01669191_12272,n01669191
LSEJ_000358,images/n01669191_12631.png,train,n01669191_12631,n01669191
LSEJ_000361,images/n01669191_9811.png,train,n01669191_9811,n01669191
LSEJ_000362,images/n01675722_1007.png,train,n01675722_1007,n01675722
LSEJ_000363,images/n01675722_1047.png,train,n01675722_1047,n01675722
LSEJ_000365,images/n01675722_1460.png,train,n01675722_1460,n01675722
LSEJ_000367,images/n01675722_2316.png,train,n01675722_2316,n01675722
LSEJ_000369,images/n01675722_286.png,train,n01675722_286,n01675722
LSEJ_000371,images/n01675722_3424.png,train,n01675722_3424,n01675722
LSEJ_000372,images/n01675722_349.png,train,n01675722_349,n01675722
LSEJ_000373,images/n01675722_3842.png,train,n01675722_3842,n01675722
LSEJ_000374,images/n01675722_4379.png,train,n01675722_4379,n01675722
LSEJ_000375,images/n01675722_4664.png,train,n01675722_4664,n01675722
LSEJ_000376,images/n01675722_5339.png,train,n01675722_5339,n01675722
LSEJ_000377,images/n01675722_5351.png,train,n01675722_5351,n01675722
LSEJ_000380,images/n01675722_6168.png,train,n01675722_6168,n01675722
LSEJ_000381,images/n01675722_666.png,train,n01675722_666,n01675722
LSEJ_000382,images/n01675722_69.png,train,n01675722_69,n01675722
LSEJ_000383,images/n01675722_7449.png,train,n01675722_7449,n01675722
LSEJ_000384,images/n01675722_808.png,train,n01675722_808,n01675722
LSEJ_000385,images/n01675722_8274.png,train,n01675722_8274,n01675722
LSEJ_000386,images/n01675722_8307.png,train,n01675722_8307,n01675722
LSEJ_000387,images/n01675722_8959.png,train,n01675722_8959,n01675722
LSEJ_000388,images/n01675722_9039.png,train,n01675722_9039,n01675722
LSEJ_000389,images/n01677366_10564.png,train,n01677366_10564,n01677366
LSEJ_000390,images/n01677366_11913.png,train,n01677366_11913,n01677366
LSEJ_000391,images/n01677366_12441.png,train,n01677366_12441,n01677366
LSEJ_000393,images/n01677366_16005.png,train,n01677366_16005,n01677366
LSEJ_000394,images/n01677366_1793.png,train,n01677366_1793,n01677366
LSEJ_000395,images/n01677366_18894.png,train,n01677366_18894,n01677366
LSEJ_000396,images/n01677366_22109.png,train,n01677366_22109,n01677366
LSEJ_000398,images/n01677366_3070.png,train,n01677366_3070,n01677366
LSEJ_000399,images/n01677366_32602.png,train,n01677366_32602,n01677366
LSEJ_000401,images/n01677366_4500.png,train,n01677366_4500,n01677366
LSEJ_000402,images/n01677366_672.png,train,n01677366_672,n01677366
LSEJ_000403,images/n01677366_8626.png,train,n01677366_8626,n01677366
LSEJ_000404,images/n01677366_9451.png,train,n01677366_9451,n01677366
LSEJ_000406,images/n01682714_10485.png,train,n01682714_10485,n01682714
LSEJ_000408,images/n01682714_11690.png,train,n01682714_11690,n01682714
LSEJ_000409,images/n01682714_13894.png,train,n01682714_13894,n01682714
LSEJ_000410,images/n01682714_15196.png,train,n01682714_15196,n01682714
LSEJ_000411,images/n01682714_17357.png,train,n01682714_17357,n01682714
LSEJ_000413,images/n01682714_3920.png,train,n01682714_3920,n01682714
LSEJ_000414,images/n01682714_5244.png,train,n01682714_5244,n01682714
LSEJ_000415,images/n01682714_6284.png,train,n01682714_6284,n01682714
LSEJ_000417,images/n01682714_7749.png,train,n01682714_7749,n01682714
LSEJ_000418,images/n01682714_9124.png,train,n01682714_9124,n01682714
LSEJ_000420,images/n01685808_193.png,train,n01685808_193,n01685808
LSEJ_000421,images/n01685808_2086.png,train,n01685808_2086,n01685808
LSEJ_000423,images/n01685808_262.png,train,n01685808_262,n01685808
LSEJ_000424,images/n01685808_2746.png,train,n01685808_2746,n01685808
LSEJ_000425,images/n01685808_2847.png,train,n01685808_2847,n01685808
LSEJ_000426,images/n01685808_3421.png,train,n01685808_3421,n01685808
LSEJ_000427,images/n01685808_3757.png,train,n01685808_3757,n01685808
LSEJ_000428,images/n01685808_3800.png,train,n01685808_3800,n01685808
LSEJ_000429,images/n01685808_4263.png,train,n01685808_4263,n01685808
LSEJ_000430,images/n01685808_4637.png,train,n01685808_4637,n01685808
LSEJ_000431,images/n01685808_4822.png,train,n01685808_4822,n01685808
LSEJ_000433,images/n01685808_4933.png,train,n01685808_4933,n01685808
LSEJ_000434,images/n01685808_5161.png,train,n01685808_5161,n01685808
LSEJ_000435,images/n01685808_5764.png,train,n01685808_5764,n01685808
LSEJ_000437,images/n01685808_6387.png,train,n01685808_6387,n01685808
LSEJ_000438,images/n01685808_7024.png,train,n01685808_7024,n01685808
LSEJ_000439,images/n01685808_7082.png,train,n01685808_7082,n01685808
LSEJ_000440,images/n01685808_748.png,train,n01685808_748,n01685808
LSEJ_000442,images/n01685808_8307.png,train,n01685808_8307,n01685808
LSEJ_000444,images/n01687978_13010.png,train,n01687978_13010,n01687978
LSEJ_000445,images/n01687978_152.png,train,n01687978_152,n01687978
LSEJ_000446,images/n01687978_2184.png,train,n01687978_2184,n01687978
LSEJ_000448,images/n01687978_2402.png,train,n01687978_2402,n01687978
LSEJ_000449,images/n01687978_2828.png,train,n01687978_2828,n01687978
LSEJ_000450,images/n01687978_2934.png,train,n01687978_2934,n01687978
LSEJ_000451,images/n01687978_3106.png,train,n01687978_3106,n01687978
LSEJ_000452,images/n01687978_339.png,train,n01687978_339,n01687978
LSEJ_000453,images/n01687978_3508.png,train,n01687978_3508,n01687978
LSEJ_000454,images/n01687978_3866.png,train,n01687978_3866,n01687978
LSEJ_000456,images/n01687978_4349.png,train,n01687978_4349,n01687978
LSEJ_000458,images/n01687978_5306.png,train,n01687978_5306,n01687978
LSEJ_000459,images/n01687978_5519.png,train,n01687978_5519,n01687978
LSEJ_000460,images/n01687978_5540.png,train,n01687978_5540,n01687978
LSEJ_000462,images/n01687978_5908.png,train,n01687978_5908,n01687978
LSEJ_000464,images/n01687978_657.png,train,n01687978_657,n01687978
LSEJ_000466,images/n01687978_6689.png,train,n01687978_6689,n01687978
LSEJ_000467,images/n01687978_6741.png,train,n01687978_6741,n01687978
LSEJ_000469,images/n01687978_7602.png,train,n01687978_7602,n01687978
LSEJ_000470,images/n01687978_7703.png,train,n01687978_7703,n01687978
LSEJ_000471,images/n01687978_8323.png,train,n01687978_8323,n01687978
LSEJ_000472,images/n01687978_954.png,train,n01687978_954,n01687978
LSEJ_000473,images/n01688243_1447.png,train,n01688243_1447,n01688243
LSEJ_000474,images/n01688243_1780.png,train,n01688243_1780,n01688243
LSEJ_000475,images/n01688243_2266.png,train,n01688243_2266,n01688243
LSEJ_000477,images/n01688243_3064.png,train,n01688243_3064,n01688243
LSEJ_000478,images/n01688243_3101.png,train,n01688243_3101,n01688243
LSEJ_000479,images/n01688243_313.png,train,n01688243_313,n01688243
LSEJ_000481,images/n01688243_3335.png,train,n01688243_3335,n01688243
LSEJ_000482,images/n01688243_4545.png,train,n01688243_4545,n01688243
LSEJ_000483,images/n01688243_459.png,train,n01688243_459,n01688243
LSEJ_000484,images/n01688243_5320.png,train,n01688243_5320,n01688243
LSEJ_000485,images/n01688243_5649.png,train,n01688243_5649,n01688243
LSEJ_000486,images/n01688243_8369.png,train,n01688243_8369,n01688243
LSEJ_000488,images/n01689811_2197.png,train,n01689811_2197,n01689811
LSEJ_000489,images/n01689811_4047.png,train,n01689811_4047,n01689811
LSEJ_000490,images/n01689811_4374.png,train,n01689811_4374,n01689811
LSEJ_000491,images/n01689811_641.png,train,n01689811_641,n01689811
LSEJ_000494,images/n01689811_784.png,train,n01689811_784,n01689811
LSEJ_000495,images/n01689811_7986.png,train,n01689811_7986,n01689811
LSEJ_000497,images/n01689811_9083.png,train,n01689811_9083,n01689811
LSEJ_000498,images/n01689811_9694.png,train,n01689811_9694,n01689811
LSEJ_000499,images/n01692333_12067.png,train,n01692333_12067,n01692333
LSEJ_000501,images/n01692333_1499.png,train,n01692333_1499,n01692333
LSEJ_000502,images/n01692333_198.png,train,n01692333_198,n01692333
LSEJ_000503,images/n01692333_219.png,train,n01692333_219,n01692333
LSEJ_000505,images/n01692333_2691.png,train,n01692333_2691,n01692333
LSEJ_000506,images/n01692333_318.png,train,n01692333_318,n01692333
LSEJ_000508,images/n01692333_4750.png,train,n01692333_4750,n01692333
LSEJ_000509,images/n01692333_4842.png,train,n01692333_4842,n01692333
LSEJ_000510,images/n01692333_5130.png,train,n01692333_5130,n01692333
LSEJ_000511,images/n01692333_6133.png,train,n01692333_6133,n01692333
LSEJ_000512,images/n01692333_6874.png,train,n01692333_6874,n01692333
LSEJ_000513,images/n01692333_7621.png,train,n01692333_7621,n01692333
LSEJ_000515,images/n01692333_8862.png,train,n01692333_8862,n01692333
LSEJ_000516,images/n01692333_8893.png,train,n01692333_8893,n01692333
LSEJ_000518,images/n01693334_5451.png,train,n01693334_5451,n01693334
LSEJ_000519,images/n01693334_5461.png,train,n01693334_5461,n01693334
LSEJ_000520,images/n01693334_6727.png,train,n01693334_6727,n01693334
LSEJ_000521,images/n01694178_1212.png,train,n01694178_1212,n01694178
LSEJ_000522,images/n01694178_1488.png,train,n01694178_1488,n01694178
LSEJ_000524,images/n01694178_17.png,train,n01694178_17,n01694178
LSEJ_000525,images/n01694178_1700.png,train,n01694178_1700,n01694178
LSEJ_000526,images/n01694178_2112.png,train,n01694178_2112,n01694178
LSEJ_000527,images/n01694178_2422.png,train,n01694178_2422,n01694178
LSEJ_000528,images/n01694178_2650.png,train,n01694178_2650,n01694178
LSEJ_000529,images/n01694178_2734.png,train,n01694178_2734,n01694178
LSEJ_000530,images/n01694178_3056.png,train,n01694178_3056,n01694178
LSEJ_000533,images/n01694178_3559.png,train,n01694178_3559,n01694178
LSEJ_000535,images/n01694178_4143.png,train,n01694178_4143,n01694178
LSEJ_000536,images/n01694178_4387.png,train,n01694178_4387,n01694178
LSEJ_000537,images/n01694178_5096.png,train,n01694178_5096,n01694178
LSEJ_000538,images/n01694178_5255.png,train,n01694178_5255,n01694178
LSEJ_000539,images/n01694178_5690.png,train,n01694178_5690,n01694178
LSEJ_000541,images/n01694178_640.png,train,n01694178_640,n01694178
LSEJ_000543,images/n01694178_7489.png,train,n01694178_7489,n01694178
LSEJ_000544,images/n01694178_7636.png,train,n01694178_7636,n01694178
LSEJ_000546,images/n01694178_8803.png,train,n01694178_8803,n01694178
LSEJ_000547,images/n01694178_9544.png,train,n01694178_9544,n01694178
LSEJ_000548,images/n01694178_9682.png,train,n01694178_9682,n01694178
LSEJ_000549,images/n01694178_9940.png,train,n01694178_9940,n01694178
LSEJ_000550,images/n01695060_12382.png,train,n01695060_12382,n01695060
LSEJ_000551,images/n01695060_17.png,train,n01695060_17,n01695060
LSEJ_000553,images/n01695060_4884.png,train,n01695060_4884,n01695060
LSEJ_000554,images/n01695060_5493.png,train,n01695060_5493,n01695060
LSEJ_000555,images/n01695060_6099.png,train,n01695060_6099,n01695060
LSEJ_000557,images/n01697457_10345.png,train,n01697457_10345,n01697457
LSEJ_000558,images/n01697457_2423.png,train,n01697457_2423,n01697457
LSEJ_000559,images/n01697457_2482.png,train,n01697457_2482,n01697457
LSEJ_000560,images/n01697457_2913.png,train,n01697457_2913,n01697457
LSEJ_000561,images/n01697457_415.png,train,n01697457_415,n01697457
LSEJ_000562,images/n01697457_4434.png,train,n01697457_4434,n01697457
LSEJ_000563,images/n01697457_6031.png,train,n01697457_6031,n01697457
LSEJ_000566,images/n01698640_10136.png,train,n01698640_10136,n01698640
LSEJ_000567,images/n01698640_7417.png,train,n01698640_7417,n01698640
LSEJ_000568,images/n01698640_8066.png,train,n01698640_8066,n01698640
LSEJ_000569,images/n01704323_1314.png,train,n01704323_1314,n01704323
LSEJ_000570,images/n01704323_1697.png,train,n01704323_1697,n01704323
LSEJ_000571,images/n01704323_1947.png,train,n01704323_1947,n01704323
LSEJ_000572,images/n01704323_3004.png,train,n01704323_3004,n01704323
LSEJ_000574,images/n01704323_4225.png,train,n01704323_4225,n01704323
LSEJ_000575,images/n01704323_4640.png,train,n01704323_4640,n01704323
LSEJ_000576,images/n01704323_5147.png,train,n01704323_5147,n01704323
LSEJ_000578,images/n01704323_5429.png,train,n01704323_5429,n01704323
LSEJ_000580,images/n01704323_873.png,train,n01704323_873,n01704323
LSEJ_000581,images/n01704323_9385.png,train,n01704323_9385,n01704323
LSEJ_000582,images/n01704323_9986.png,train,n01704323_9986,n01704323
LSEJ_000586,images/n01728572_14108.png,train,n01728572_14108,n01728572
LSEJ_000587,images/n01728572_1477.png,train,n01728572_1477,n01728572
LSEJ_000588,images/n01728572_14941.png,train,n01728572_14941,n01728572
LSEJ_000589,images/n01728572_15038.png,train,n01728572_15038,n01728572
LSEJ_000591,images/n01728572_1606.png,train,n01728572_1606,n01728572
LSEJ_000592,images/n01728572_16119.png,train,n01728572_16119,n01728572
LSEJ_000593,images/n01728572_17365.png,train,n01728572_17365,n01728572
LSEJ_000594,images/n01728572_17861.png,train,n01728572_17861,n01728572
LSEJ_000595,images/n01728572_1815.png,train,n01728572_1815,n01728572
LSEJ_000596,images/n01728572_1898.png,train,n01728572_1898,n01728572
LSEJ_000599,images/n01728572_20126.png,train,n01728572_20126,n01728572
LSEJ_000600,images/n01728572_22236.png,train,n01728572_22236,n01728572
LSEJ_000601,images/n01728572_22979.png,train,n01728572_22979,n01728572
LSEJ_000603,images/n01728572_24990.png,train,n01728572_24990,n01728572
LSEJ_000604,images/n01728572_2505.png,train,n01728572_2505,n01728572
LSEJ_000605,images/n01728572_3144.png,train,n01728572_3144,n01728572
LSEJ_000606,images/n01728572_3150.png,train,n01728572_3150,n01728572
LSEJ_000607,images/n01728572_3262.png,train,n01728572_3262,n01728572
LSEJ_000608,images/n01728572_3441.png,train,n01728572_3441,n01728572
LSEJ_000609,images/n01728572_6600.png,train,n01728572_6600,n01728572
LSEJ_000610,images/n01728572_6652.png,train,n01728572_6652,n01728572
LSEJ_000611,images/n01728920_10029.png,train,n01728920_10029,n01728920
LSEJ_000612,images/n01728920_10039.png,train,n01728920_10039,n01728920
LSEJ_000613,images/n01728920_10545.png,train,n01728920_10545,n01728920
LSEJ_000616,images/n01728920_14330.png,train,n01728920_14330,n01728920
LSEJ_000617,images/n01728920_14716.png,train,n01728920_14716,n01728920
LSEJ_000618,images/n01728920_15440.png,train,n01728920_15440,n01728920
LSEJ_000619,images/n01728920_16304.png,train,n01728920_16304,n01728920
LSEJ_000620,images/n01728920_19668.png,train,n01728920_19668,n01728920
LSEJ_000621,images/n01728920_20571.png,train,n01728920_20571,n01728920
LSEJ_000622,images/n01728920_22068.png,train,n01728920_22068,n01728920
LSEJ_000623,images/n01728920_2418.png,train,n01728920_2418,n01728920
LSEJ_000624,images/n01728920_2770.png,train,n01728920_2770,n01728920
LSEJ_000626,images/n01728920_3693.png,train,n01728920_3693,n01728920
LSEJ_000627,images/n01728920_4131.png,train,n01728920_4131,n01728920
LSEJ_000628,images/n01728920_4211.png,train,n01728920_4211,n01728920
LSEJ_000629,images/n01728920_4455.png,train,n01728920_4455,n01728920
LSEJ_000630,images/n01728920_4825.png,train,n01728920_4825,n01728920
LSEJ_000631,images/n01728920_5634.png,train,n01728920_5634,n01728920
LSEJ_000633,images/n01728920_6074.png,train,n01728920_6074,n01728920
LSEJ_000634,images/n01728920_6450.png,train,n01728920_6450,n01728920
LSEJ_000635,images/n01728920_6659.png,train,n01728920_6659,n01728920
LSEJ_000637,images/n01728920_704.png,train,n01728920_704,n01728920
LSEJ_000639,images/n01728920_7174.png,train,n01728920_7174,n01728920
LSEJ_000642,images/n01729322_10471.png,train,n01729322_10471,n01729322
LSEJ_000643,images/n01729322_1062.png,train,n01729322_1062,n01729322
LSEJ_000645,images/n01729322_13222.png,train,n01729322_13222,n01729322
LSEJ_000646,images/n01729322_15906.png,train,n01729322_15906,n01729322
LSEJ_000647,images/n01729322_16251.png,train,n01729322_16251,n01729322
LSEJ_000648,images/n01729322_18240.png,train,n01729322_18240,n01729322
LSEJ_000653,images/n01729322_4118.png,train,n01729322_4118,n01729322
LSEJ_000654,images/n01729322_4351.png,train,n01729322_4351,n01729322
LSEJ_000655,images/n01729322_5143.png,train,n01729322_5143,n01729322
LSEJ_000656,images/n01729322_6071.png,train,n01729322_6071,n01729322
LSEJ_000657,images/n01729322_6075.png,train,n01729322_6075,n01729322
LSEJ_000658,images/n01729322_6333.png,train,n01729322_6333,n01729322
LSEJ_000659,images/n01729322_6722.png,train,n01729322_6722,n01729322
LSEJ_000660,images/n01729322_7420.png,train,n01729322_7420,n01729322
LSEJ_000661,images/n01729322_7640.png,train,n01729322_7640,n01729322
LSEJ_000662,images/n01729322_7728.png,train,n01729322_7728,n01729322
LSEJ_000663,images/n01729322_8783.png,train,n01729322_8783,n01729322
LSEJ_000665,images/n01729322_9580.png,train,n01729322_9580,n01729322
LSEJ_000666,images/n01729977_1005.png,train,n01729977_1005,n01729977
LSEJ_000667,images/n01729977_1202.png,train,n01729977_1202,n01729977
LSEJ_000668,images/n01729977_9653.png,train,n01729977_9653,n01729977
LSEJ_000670,images/n01734418_11896.png,train,n01734418_11896,n01734418
LSEJ_000671,images/n01734418_14599.png,train,n01734418_14599,n01734418
LSEJ_000672,images/n01734418_1662.png,train,n01734418_1662,n01734418
LSEJ_000673,images/n01734418_1747.png,train,n01734418_1747,n01734418
LSEJ_000674,images/n01734418_5604.png,train,n01734418_5604,n01734418
LSEJ_000676,images/n01734418_7472.png,train,n01734418_7472,n01734418
LSEJ_000677,images/n01734418_7960.png,train,n01734418_7960,n01734418
LSEJ_000679,images/n01734418_8536.png,train,n01734418_8536,n01734418
LSEJ_000680,images/n01735189_11010.png,train,n01735189_11010,n01735189
LSEJ_000681,images/n01735189_1313.png,train,n01735189_1313,n01735189
LSEJ_000682,images/n01735189_13335.png,train,n01735189_13335,n01735189
LSEJ_000684,images/n01735189_15878.png,train,n01735189_15878,n01735189
LSEJ_000685,images/n01735189_3768.png,train,n01735189_3768,n01735189
LSEJ_000686,images/n01735189_4612.png,train,n01735189_4612,n01735189
LSEJ_000687,images/n01735189_7402.png,train,n01735189_7402,n01735189
LSEJ_000689,images/n01737021_11294.png,train,n01737021_11294,n01737021
LSEJ_000690,images/n01737021_12650.png,train,n01737021_12650,n01737021
LSEJ_000691,images/n01737021_17852.png,train,n01737021_17852,n01737021
LSEJ_000692,images/n01737021_18816.png,train,n01737021_18816,n01737021
LSEJ_000693,images/n01737021_18897.png,train,n01737021_18897,n01737021
LSEJ_000696,images/n01737021_5597.png,train,n01737021_5597,n01737021
LSEJ_000697,images/n01737021_7321.png,train,n01737021_7321,n01737021
LSEJ_000698,images/n01737021_8253.png,train,n01737021_8253,n01737021
LSEJ_000699,images/n01737021_9424.png,train,n01737021_9424,n01737021
LSEJ_000701,images/n01739381_1758.png,train,n01739381_1758,n01739381
LSEJ_000702,images/n01739381_2096.png,train,n01739381_2096,n01739381
LSEJ_000704,images/n01739381_3252.png,train,n01739381_3252,n01739381
LSEJ_000706,images/n01739381_3637.png,train,n01739381_3637,n01739381
LSEJ_000707,images/n01739381_3737.png,train,n01739381_3737,n01739381
LSEJ_000708,images/n01739381_4071.png,train,n01739381_4071,n01739381
LSEJ_000709,images/n01739381_4295.png,train,n01739381_4295,n01739381
LSEJ_000710,images/n01739381_4345.png,train,n01739381_4345,n01739381
LSEJ_000711,images/n01739381_4439.png,train,n01739381_4439,n01739381
LSEJ_000712,images/n01739381_5629.png,train,n01739381_5629,n01739381
LSEJ_000713,images/n01739381_5748.png,train,n01739381_5748,n01739381
LSEJ_000716,images/n01739381_6585.png,train,n01739381_6585,n01739381
LSEJ_000717,images/n01739381_6782.png,train,n01739381_6782,n01739381
LSEJ_000718,images/n01739381_6970.png,train,n01739381_6970,n01739381
LSEJ_000722,images/n01740131_1202.png,train,n01740131_1202,n01740131
LSEJ_000723,images/n01740131_12263.png,train,n01740131_12263,n01740131
LSEJ_000724,images/n01740131_13117.png,train,n01740131_13117,n01740131
LSEJ_000725,images/n01740131_13154.png,train,n01740131_13154,n01740131
LSEJ_000726,images/n01740131_13198.png,train,n01740131_13198,n01740131
LSEJ_000728,images/n01740131_13680.png,train,n01740131_13680,n01740131
LSEJ_000729,images/n01740131_13760.png,train,n01740131_13760,n01740131
LSEJ_000730,images/n01740131_13814.png,train,n01740131_13814,n01740131
LSEJ_000732,images/n01740131_14510.png,train,n01740131_14510,n01740131
LSEJ_000733,images/n01740131_14550.png,train,n01740131_14550,n01740131
LSEJ_000734,images/n01740131_14606.png,train,n01740131_14606,n01740131
LSEJ_000736,images/n01740131_2434.png,train,n01740131_2434,n01740131
LSEJ_000738,images/n01740131_4830.png,train,n01740131_4830,n01740131
LSEJ_000739,images/n01740131_6303.png,train,n01740131_6303,n01740131
LSEJ_000740,images/n01740131_6796.png,train,n01740131_6796,n01740131
LSEJ_000741,images/n01740131_7809.png,train,n01740131_7809,n01740131
LSEJ_000742,images/n01742172_10369.png,train,n01742172_10369,n01742172
LSEJ_000743,images/n01742172_1966.png,train,n01742172_1966,n01742172
LSEJ_000744,images/n01742172_2542.png,train,n01742172_2542,n01742172
LSEJ_000745,images/n01742172_2708.png,train,n01742172_2708,n01742172
LSEJ_000748,images/n01742172_4768.png,train,n01742172_4768,n01742172
LSEJ_000750,images/n01742172_5449.png,train,n01742172_5449,n01742172
LSEJ_000751,images/n01742172_5484.png,train,n01742172_5484,n01742172
LSEJ_000753,images/n01744401_10188.png,train,n01744401_10188,n01744401
LSEJ_000754,images/n01744401_10390.png,train,n01744401_10390,n01744401
LSEJ_000756,images/n01744401_1206.png,train,n01744401_1206,n01744401
LSEJ_000757,images/n01744401_12417.png,train,n01744401_12417,n01744401
LSEJ_000758,images/n01744401_12572.png,train,n01744401_12572,n01744401
LSEJ_000759,images/n01744401_13020.png,train,n01744401_13020,n01744401
LSEJ_000760,images/n01744401_13501.png,train,n01744401_13501,n01744401
LSEJ_000762,images/n01744401_1517.png,train,n01744401_1517,n01744401
LSEJ_000763,images/n01744401_17.png,train,n01744401_17,n01744401
LSEJ_000765,images/n01744401_299.png,train,n01744401_299,n01744401
LSEJ_000766,images/n01744401_3784.png,train,n01744401_3784,n01744401
LSEJ_000767,images/n01744401_4008.png,train,n01744401_4008,n01744401
LSEJ_000768,images/n01744401_5023.png,train,n01744401_5023,n01744401
LSEJ_000769,images/n01744401_5985.png,train,n01744401_5985,n01744401
LSEJ_000771,images/n01744401_6911.png,train,n01744401_6911,n01744401
LSEJ_000772,images/n01744401_7026.png,train,n01744401_7026,n01744401
LSEJ_000773,images/n01744401_7211.png,train,n01744401_7211,n01744401
LSEJ_000774,images/n01744401_7224.png,train,n01744401_7224,n01744401
LSEJ_000775,images/n01744401_7232.png,train,n01744401_7232,n01744401
LSEJ_000777,images/n01744401_9850.png,train,n01744401_9850,n01744401
LSEJ_000779,images/n01748264_17402.png,train,n01748264_17402,n01748264
LSEJ_000780,images/n01748264_17810.png,train,n01748264_17810,n01748264
LSEJ_000781,images/n01748264_21789.png,train,n01748264_21789,n01748264
LSEJ_000782,images/n01748264_694.png,train,n01748264_694,n01748264
LSEJ_000783,images/n01748264_912.png,train,n01748264_912,n01748264
LSEJ_000784,images/n01749939_10202.png,train,n01749939_10202,n01749939
LSEJ_000785,images/n01749939_10236.png,train,n01749939_10236,n01749939
LSEJ_000786,images/n01749939_10299.png,train,n01749939_10299,n01749939
LSEJ_000787,images/n01749939_11294.png,train,n01749939_11294,n01749939
LSEJ_000789,images/n01749939_11983.png,train,n01749939_11983,n01749939
LSEJ_000790,images/n01749939_11990.png,train,n01749939_11990,n01749939
LSEJ_000791,images/n01749939_1250.png,train,n01749939_1250,n01749939
LSEJ_000792,images/n01749939_1356.png,train,n01749939_1356,n01749939
LSEJ_000793,images/n01749939_1449.png,train,n01749939_1449,n01749939
LSEJ_000794,images/n01749939_2771.png,train,n01749939_2771,n01749939
LSEJ_000796,images/n01749939_3040.png,train,n01749939_3040,n01749939
LSEJ_000799,images/n01749939_3549.png,train,n01749939_3549,n01749939
LSEJ_000800,images/n01749939_373.png,train,n01749939_373,n01749939
LSEJ_000801,images/n01749939_4418.png,train,n01749939_4418,n01749939
LSEJ_000802,images/n01749939_5162.png,train,n01749939_5162,n01749939
LSEJ_000803,images/n01749939_6079.png,train,n01749939_6079,n01749939
LSEJ_000805,images/n01749939_6217.png,train,n01749939_6217,n01749939
LSEJ_000807,images/n01749939_6508.png,train,n01749939_6508,n01749939
LSEJ_000808,images/n01749939_7066.png,train,n01749939_7066,n01749939
LSEJ_000809,images/n01749939_7392.png,train,n01749939_7392,n01749939
LSEJ_000811,images/n01749939_8954.png,train,n01749939_8954,n01749939
LSEJ_000812,images/n01749939_91.png,train,n01749939_91,n01749939
LSEJ_000813,images/n01751748_1505.png,train,n01751748_1505,n01751748
LSEJ_000814,images/n01751748_1596.png,train,n01751748_1596,n01751748
LSEJ_000815,images/n01751748_1705.png,train,n01751748_1705,n01751748
LSEJ_000816,images/n01751748_182.png,train,n01751748_182,n01751748
LSEJ_000817,images/n01751748_2195.png,train,n01751748_2195,n01751748
LSEJ_000820,images/n01751748_2754.png,train,n01751748_2754,n01751748
LSEJ_000822,images/n01751748_3154.png,train,n01751748_3154,n01751748
LSEJ_000825,images/n01751748_3381.png,train,n01751748_3381,n01751748
LSEJ_000826,images/n01751748_4314.png,train,n01751748_4314,n01751748
LSEJ_000827,images/n01751748_4978.png,train,n01751748_4978,n01751748
LSEJ_000829,images/n01751748_6277.png,train,n01751748_6277,n01751748
LSEJ_000830,images/n01751748_632.png,train,n01751748_632,n01751748
LSEJ_000831,images/n01751748_6416.png,train,n01751748_6416,n01751748
LSEJ_000832,images/n01751748_6844.png,train,n01751748_6844,n01751748
LSEJ_000833,images/n01751748_7532.png,train,n01751748_7532,n01751748
LSEJ_000834,images/n01751748_7706.png,train,n01751748_7706,n01751748
LSEJ_000835,images/n01751748_7803.png,train,n01751748_7803,n01751748
LSEJ_000836,images/n01751748_7890.png,train,n01751748_7890,n01751748
LSEJ_000837,images/n01751748_8476.png,train,n01751748_8476,n01751748
LSEJ_000838,images/n01751748_8628.png,train,n01751748_8628,n01751748
LSEJ_000839,images/n01751748_9115.png,train,n01751748_9115,n01751748
LSEJ_000841,images/n01753488_10647.png,train,n01753488_10647,n01753488
LSEJ_000842,images/n01753488_12089.png,train,n01753488_12089,n01753488
LSEJ_000843,images/n01753488_17362.png,train,n01753488_17362,n01753488
LSEJ_000846,images/n01753488_2920.png,train,n01753488_2920,n01753488
LSEJ_000848,images/n01753488_3381.png,train,n01753488_3381,n01753488
LSEJ_000849,images/n01753488_511.png,train,n01753488_511,n01753488
LSEJ_000850,images/n01753488_5338.png,train,n01753488_5338,n01753488
LSEJ_000851,images/n01753488_5341.png,train,n01753488_5341,n01753488
LSEJ_000852,images/n01753488_8366.png,train,n01753488_8366,n01753488
LSEJ_000853,images/n01753488_9000.png,train,n01753488_9000,n01753488
LSEJ_000854,images/n01755581_11008.png,train,n01755581_11008,n01755581
LSEJ_000855,images/n01755581_12878.png,train,n01755581_12878,n01755581
LSEJ_000856,images/n01755581_13585.png,train,n01755581_13585,n01755581
LSEJ_000857,images/n01755581_2070.png,train,n01755581_2070,n01755581
LSEJ_000860,images/n01755581_4975.png,train,n01755581_4975,n01755581
LSEJ_000862,images/n01755581_6601.png,train,n01755581_6601,n01755581
LSEJ_000863,images/n01755581_6861.png,train,n01755581_6861,n01755581
LSEJ_000864,images/n01755581_7101.png,train,n01755581_7101,n01755581
LSEJ_000866,images/n01755581_8545.png,train,n01755581_8545,n01755581
LSEJ_000867,images/n01755581_860.png,train,n01755581_860,n01755581
LSEJ_000868,images/n01755581_8681.png,train,n01755581_8681,n01755581
LSEJ_000869,images/n01756291_1139.png,train,n01756291_1139,n01756291
LSEJ_000870,images/n01756291_12505.png,train,n01756291_12505,n01756291
LSEJ_000871,images/n01756291_13086.png,train,n01756291_13086,n01756291
LSEJ_000872,images/n01756291_13169.png,train,n01756291_13169,n01756291
LSEJ_000874,images/n01756291_13577.png,train,n01756291_13577,n01756291
LSEJ_000876,images/n01756291_14557.png,train,n01756291_14557,n01756291
LSEJ_000877,images/n01756291_17011.png,train,n01756291_17011,n01756291
LSEJ_000878,images/n01756291_17156.png,train,n01756291_17156,n01756291
LSEJ_000879,images/n01756291_1803.png,train,n01756291_1803,n01756291
LSEJ_000880,images/n01756291_2795.png,train,n01756291_2795,n01756291
LSEJ_000881,images/n01756291_4461.png,train,n01756291_4461,n01756291
LSEJ_000882,images/n01756291_6037.png,train,n01756291_6037,n01756291
LSEJ_000883,images/n01756291_6663.png,train,n01756291_6663,n01756291
LSEJ_000885,images/n01756291_8423.png,train,n01756291_8423,n01756291
LSEJ_000887,images/n01768244_1234.png,train,n01768244_1234,n01768244
LSEJ_000888,images/n01768244_1311.png,train,n01768244_1311,n01768244
LSEJ_000890,images/n01768244_1757.png,train,n01768244_1757,n01768244
LSEJ_000891,images/n01768244_2827.png,train,n01768244_2827,n01768244
LSEJ_000892,images/n01768244_3940.png,train,n01768244_3940,n01768244
LSEJ_000893,images/n01768244_3951.png,train,n01768244_3951,n01768244
LSEJ_000894,images/n01768244_3993.png,train,n01768244_3993,n01768244
LSEJ_000896,images/n01768244_497.png,train,n01768244_497,n01768244
LSEJ_000897,images/n01768244_7401.png,train,n01768244_7401,n01768244
LSEJ_000899,images/n01768244_8350.png,train,n01768244_8350,n01768244
LSEJ_000900,images/n01768244_918.png,train,n01768244_918,n01768244
LSEJ_000901,images/n01770081_10373.png,train,n01770081_10373,n01770081
LSEJ_000902,images/n01770081_12397.png,train,n01770081_12397,n01770081
LSEJ_000903,images/n01770081_15203.png,train,n01770081_15203,n01770081
LSEJ_000904,images/n01770081_17731.png,train,n01770081_17731,n01770081
LSEJ_000905,images/n01770081_18081.png,train,n01770081_18081,n01770081
LSEJ_000906,images/n01770081_18574.png,train,n01770081_18574,n01770081
LSEJ_000907,images/n01770081_19908.png,train,n01770081_19908,n01770081
LSEJ_000909,images/n01770081_3131.png,train,n01770081_3131,n01770081
LSEJ_000910,images/n01770081_5073.png,train,n01770081_5073,n01770081
LSEJ_000911,images/n01770081_6475.png,train,n01770081_6475,n01770081
LSEJ_000915,images/n01770393_10693.png,train,n01770393_10693,n01770393
LSEJ_000916,images/n01770393_13031.png,train,n01770393_13031,n01770393
LSEJ_000917,images/n01770393_13443.png,train,n01770393_13443,n01770393
LSEJ_000919,images/n01770393_24178.png,train,n01770393_24178,n01770393
LSEJ_000920,images/n01770393_4052.png,train,n01770393_4052,n01770393
LSEJ_000921,images/n01773157_1999.png,train,n01773157_1999,n01773157
LSEJ_000923,images/n01773157_2180.png,train,n01773157_2180,n01773157
LSEJ_000925,images/n01773157_2376.png,train,n01773157_2376,n01773157
LSEJ_000926,images/n01773157_2561.png,train,n01773157_2561,n01773157
LSEJ_000927,images/n01773157_3647.png,train,n01773157_3647,n01773157
LSEJ_000928,images/n01773157_3852.png,train,n01773157_3852,n01773157
LSEJ_000929,images/n01773157_4744.png,train,n01773157_4744,n01773157
LSEJ_000930,images/n01773157_5806.png,train,n01773157_5806,n01773157
LSEJ_000931,images/n01773157_6083.png,train,n01773157_6083,n01773157
LSEJ_000933,images/n01773549_1147.png,train,n01773549_1147,n01773549
LSEJ_000934,images/n01773549_1260.png,train,n01773549_1260,n01773549
LSEJ_000935,images/n01773549_1300.png,train,n01773549_1300,n01773549
LSEJ_000936,images/n01773549_15.png,train,n01773549_15,n01773549
LSEJ_000937,images/n01773549_1501.png,train,n01773549_1501,n01773549
LSEJ_000938,images/n01773549_1508.png,train,n01773549_1508,n01773549
LSEJ_000939,images/n01773549_1695.png,train,n01773549_1695,n01773549
LSEJ_000940,images/n01773549_181.png,train,n01773549_181,n01773549
LSEJ_000941,images/n01773549_1943.png,train,n01773549_1943,n01773549
LSEJ_000943,images/n01773549_2855.png,train,n01773549_2855,n01773549
LSEJ_000944,images/n01773549_2968.png,train,n01773549_2968,n01773549
LSEJ_000945,images/n01773549_464.png,train,n01773549_464,n01773549
LSEJ_000947,images/n01773549_4902.png,train,n01773549_4902,n01773549
LSEJ_000948,images/n01773549_5072.png,train,n01773549_5072,n01773549
LSEJ_000949,images/n01773549_5076.png,train,n01773549_5076,n01773549
LSEJ_000950,images/n01773549_5127.png,train,n01773549_5127,n01773549
LSEJ_000952,images/n01773549_5291.png,train,n01773549_5291,n01773549
LSEJ_000953,images/n01773549_5319.png,train,n01773549_5319,n01773549
LSEJ_000954,images/n01773549_5414.png,train,n01773549_5414,n01773549
LSEJ_000955,images/n01773549_5536.png,train,n01773549_5536,n01773549
LSEJ_000956,images/n01773549_5947.png,train,n01773549_5947,n01773549
LSEJ_000957,images/n01773549_6065.png,train,n01773549_6065,n01773549
LSEJ_000958,images/n01773549_6547.png,train,n01773549_6547,n01773549
LSEJ_000959,images/n01773549_6574.png,train,n01773549_6574,n01773549
LSEJ_000962,images/n01773549_7096.png,train,n01773549_7096,n01773549
LSEJ_000966,images/n01773797_1284.png,train,n01773797_1284,n01773797
LSEJ_000967,images/n01773797_1812.png,train,n01773797_1812,n01773797
LSEJ_000969,images/n01773797_2043.png,train,n01773797_2043,n01773797
LSEJ_000970,images/n01773797_2559.png,train,n01773797_2559,n01773797
LSEJ_000971,images/n01773797_2628.png,train,n01773797_2628,n01773797
LSEJ_000975,images/n01773797_3083.png,train,n01773797_3083,n01773797
LSEJ_000976,images/n01773797_3123.png,train,n01773797_3123,n01773797
LSEJ_000977,images/n01773797_34.png,train,n01773797_34,n01773797
LSEJ_000978,images/n01773797_48.png,train,n01773797_48,n01773797
LSEJ_000979,images/n01773797_717.png,train,n01773797_717,n01773797
LSEJ_000981,images/n01773797_8198.png,train,n01773797_8198,n01773797
LSEJ_000982,images/n01773797_8230.png,train,n01773797_8230,n01773797
LSEJ_000983,images/n01773797_8259.png,train,n01773797_8259,n01773797
LSEJ_000984,images/n01773797_8540.png,train,n01773797_8540,n01773797
LSEJ_000985,images/n01773797_9303.png,train,n01773797_9303,n01773797
LSEJ_000986,images/n01773797_9425.png,train,n01773797_9425,n01773797
LSEJ_000987,images/n01774384_1705.png,train,n01774384_1705,n01774384
LSEJ_000988,images/n01774384_5184.png,train,n01774384_5184,n01774384
LSEJ_000989,images/n01774384_5717.png,train,n01774384_5717,n01774384
LSEJ_000991,images/n01774750_2179.png,train,n01774750_2179,n01774750
LSEJ_000992,images/n01774750_2924.png,train,n01774750_2924,n01774750
LSEJ_000993,images/n01774750_3623.png,train,n01774750_3623,n01774750
LSEJ_000995,images/n01776313_11773.png,train,n01776313_11773,n01776313
LSEJ_000996,images/n01776313_13287.png,train,n01776313_13287,n01776313
LSEJ_000997,images/n01776313_32237.png,train,n01776313_32237,n01776313
LSEJ_000999,images/n01776313_50.png,train,n01776313_50,n01776313
LSEJ_001000,images/n01784675_1386.png,train,n01784675_1386,n01784675
LSEJ_001001,images/n01784675_14839.png,train,n01784675_14839,n01784675
LSEJ_001002,images/n01784675_15108.png,train,n01784675_15108,n01784675
LSEJ_001003,images/n01784675_15388.png,train,n01784675_15388,n01784675
LSEJ_001004,images/n01784675_2102.png,train,n01784675_2102,n01784675
LSEJ_001007,images/n01784675_4886.png,train,n01784675_4886,n01784675
LSEJ_001008,images/n01784675_5658.png,train,n01784675_5658,n01784675
LSEJ_001009,images/n01784675_729.png,train,n01784675_729,n01784675
LSEJ_001010,images/n01784675_8921.png,train,n01784675_8921,n01784675
LSEJ_001012,images/n01784675_970.png,train,n01784675_970,n01784675
LSEJ_001014,images/n01795545_13816.png,train,n01795545_13816,n01795545
LSEJ_001016,images/n01795545_15288.png,train,n01795545_15288,n01795545
LSEJ_001017,images/n01795545_16240.png,train,n01795545_16240,n01795545
LSEJ_001018,images/n01795545_17825.png,train,n01795545_17825,n01795545
LSEJ_001019,images/n01795545_18105.png,train,n01795545_18105,n01795545
LSEJ_001020,images/n01795545_18514.png,train,n01795545_18514,n01795545
LSEJ_001021,images/n01795545_6936.png,train,n01795545_6936,n01795545
LSEJ_001022,images/n01796340_17130.png,train,n01796340_17130,n01796340
LSEJ_001023,images/n01796340_17789.png,train,n01796340_17789,n01796340
LSEJ_001024,images/n01796340_18692.png,train,n01796340_18692,n01796340
LSEJ_001026,images/n01797886_10204.png,train,n01797886_10204,n01797886
LSEJ_001027,images/n01797886_161.png,train,n01797886_161,n01797886
LSEJ_001028,images/n01797886_1796.png,train,n01797886_1796,n01797886
LSEJ_001029,images/n01797886_18873.png,train,n01797886_18873,n01797886
LSEJ_001030,images/n01797886_22127.png,train,n01797886_22127,n01797886
LSEJ_001033,images/n01797886_27061.png,train,n01797886_27061,n01797886
LSEJ_001034,images/n01797886_27984.png,train,n01797886_27984,n01797886
LSEJ_001035,images/n01797886_31929.png,train,n01797886_31929,n01797886
LSEJ_001036,images/n01797886_3311.png,train,n01797886_3311,n01797886
LSEJ_001038,images/n01797886_4250.png,train,n01797886_4250,n01797886
LSEJ_001040,images/n01797886_7904.png,train,n01797886_7904,n01797886
LSEJ_001041,images/n01797886_9486.png,train,n01797886_9486,n01797886
LSEJ_001042,images/n01798484_10300.png,train,n01798484_10300,n01798484
LSEJ_001043,images/n01798484_11409.png,train,n01798484_11409,n01798484
LSEJ_001046,images/n01798484_11798.png,train,n01798484_11798,n01798484
LSEJ_001047,images/n01798484_11983.png,train,n01798484_11983,n01798484
LSEJ_001048,images/n01798484_12395.png,train,n01798484_12395,n01798484
LSEJ_001049,images/n01798484_12434.png,train,n01798484_12434,n01798484
LSEJ_001051,images/n01798484_13565.png,train,n01798484_13565,n01798484
LSEJ_001053,images/n01798484_13980.png,train,n01798484_13980,n01798484
LSEJ_001055,images/n01798484_14483.png,train,n01798484_14483,n01798484
LSEJ_001057,images/n01798484_15122.png,train,n01798484_15122,n01798484
LSEJ_001058,images/n01798484_15356.png,train,n01798484_15356,n01798484
LSEJ_001059,images/n01798484_1552.png,train,n01798484_1552,n01798484
LSEJ_001060,images/n01798484_1963.png,train,n01798484_1963,n01798484
LSEJ_001061,images/n01798484_2014.png,train,n01798484_2014,n01798484
LSEJ_001062,images/n01798484_2112.png,train,n01798484_2112,n01798484
LSEJ_001063,images/n01798484_2552.png,train,n01798484_2552,n01798484
LSEJ_001064,images/n01798484_2954.png,train,n01798484_2954,n01798484
LSEJ_001065,images/n01798484_4530.png,train,n01798484_4530,n01798484
LSEJ_001066,images/n01798484_5062.png,train,n01798484_5062,n01798484
LSEJ_001068,images/n01798484_787.png,train,n01798484_787,n01798484
LSEJ_001069,images/n01798484_8159.png,train,n01798484_8159,n01798484
LSEJ_001071,images/n01806567_21271.png,train,n01806567_21271,n01806567
LSEJ_001072,images/n01806567_2140.png,train,n01806567_2140,n01806567
LSEJ_001073,images/n01806567_4013.png,train,n01806567_4013,n01806567
LSEJ_001074,images/n01806567_4579.png,train,n01806567_4579,n01806567
LSEJ_001075,images/n01806567_7353.png,train,n01806567_7353,n01806567
LSEJ_001078,images/n01807496_11384.png,train,n01807496_11384,n01807496
LSEJ_001079,images/n01807496_1306.png,train,n01807496_1306,n01807496
LSEJ_001080,images/n01807496_1810.png,train,n01807496_1810,n01807496
LSEJ_001082,images/n01807496_2203.png,train,n01807496_2203,n01807496
LSEJ_001083,images/n01807496_22140.png,train,n01807496_22140,n01807496
LSEJ_001084,images/n01807496_24991.png,train,n01807496_24991,n01807496
LSEJ_001086,images/n01807496_28363.png,train,n01807496_28363,n01807496
LSEJ_001087,images/n01807496_3795.png,train,n01807496_3795,n01807496
LSEJ_001088,images/n01807496_8419.png,train,n01807496_8419,n01807496
LSEJ_001089,images/n01807496_9620.png,train,n01807496_9620,n01807496
LSEJ_001090,images/n01817953_10766.png,train,n01817953_10766,n01817953
LSEJ_001091,images/n01817953_12238.png,train,n01817953_12238,n01817953
LSEJ_001092,images/n01817953_2287.png,train,n01817953_2287,n01817953
LSEJ_001093,images/n01817953_2423.png,train,n01817953_2423,n01817953
LSEJ_001095,images/n01817953_5904.png,train,n01817953_5904,n01817953
LSEJ_001096,images/n01817953_6333.png,train,n01817953_6333,n01817953
LSEJ_001098,images/n01817953_7097.png,train,n01817953_7097,n01817953
LSEJ_001099,images/n01818515_3395.png,train,n01818515_3395,n01818515
LSEJ_001100,images/n01818515_4196.png,train,n01818515_4196,n01818515
LSEJ_001101,images/n01818515_4410.png,train,n01818515_4410,n01818515
LSEJ_001103,images/n01818515_5146.png,train,n01818515_5146,n01818515
LSEJ_001104,images/n01818515_5168.png,train,n01818515_5168,n01818515
LSEJ_001105,images/n01818515_69.png,train,n01818515_69,n01818515
LSEJ_001107,images/n01819313_479.png,train,n01819313_479,n01819313
LSEJ_001108,images/n01819313_910.png,train,n01819313_910,n01819313
LSEJ_001109,images/n01824575_20.png,train,n01824575_20,n01824575
LSEJ_001110,images/n01824575_2076.png,train,n01824575_2076,n01824575
LSEJ_001111,images/n01824575_2274.png,train,n01824575_2274,n01824575
LSEJ_001112,images/n01824575_2821.png,train,n01824575_2821,n01824575
LSEJ_001116,images/n01824575_769.png,train,n01824575_769,n01824575
LSEJ_001117,images/n01824575_817.png,train,n01824575_817,n01824575
LSEJ_001118,images/n01824575_999.png,train,n01824575_999,n01824575
LSEJ_001119,images/n01828970_10231.png,train,n01828970_10231,n01828970
LSEJ_001120,images/n01828970_10538.png,train,n01828970_10538,n01828970
LSEJ_001121,images/n01828970_1217.png,train,n01828970_1217,n01828970
LSEJ_001122,images/n01828970_3631.png,train,n01828970_3631,n01828970
LSEJ_001124,images/n01828970_5562.png,train,n01828970_5562,n01828970
LSEJ_001125,images/n01828970_5737.png,train,n01828970_5737,n01828970
LSEJ_001126,images/n01828970_6018.png,train,n01828970_6018,n01828970
LSEJ_001128,images/n01828970_6123.png,train,n01828970_6123,n01828970
LSEJ_001129,images/n01828970_6215.png,train,n01828970_6215,n01828970
LSEJ_001130,images/n01828970_6992.png,train,n01828970_6992,n01828970
LSEJ_001131,images/n01828970_7035.png,train,n01828970_7035,n01828970
LSEJ_001132,images/n01828970_7093.png,train,n01828970_7093,n01828970
LSEJ_001135,images/n01828970_7743.png,train,n01828970_7743,n01828970
LSEJ_001136,images/n01828970_9593.png,train,n01828970_9593,n01828970
LSEJ_001139,images/n01829413_3060.png,train,n01829413_3060,n01829413
LSEJ_001141,images/n01829413_7725.png,train,n01829413_7725,n01829413
LSEJ_001142,images/n01829413_8168.png,train,n01829413_8168,n01829413
LSEJ_001143,images/n01829413_8747.png,train,n01829413_8747,n01829413
LSEJ_001144,images/n01829413_9332.png,train,n01829413_9332,n01829413
LSEJ_001146,images/n01833805_1867.png,train,n01833805_1867,n01833805
LSEJ_001148,images/n01833805_2671.png,train,n01833805_2671,n01833805
LSEJ_001149,images/n01833805_3022.png,train,n01833805_3022,n01833805
LSEJ_001150,images/n01833805_329.png,train,n01833805_329,n01833805
LSEJ_001151,images/n01833805_4244.png,train,n01833805_4244,n01833805
LSEJ_001153,images/n01833805_592.png,train,n01833805_592,n01833805
LSEJ_001154,images/n01833805_703.png,train,n01833805_703,n01833805
LSEJ_001155,images/n01833805_76.png,train,n01833805_76,n01833805
LSEJ_001156,images/n01833805_877.png,train,n01833805_877,n01833805
LSEJ_001157,images/n01833805_934.png,train,n01833805_934,n01833805
LSEJ_001158,images/n01843065_1200.png,train,n01843065_1200,n01843065
LSEJ_001159,images/n01843065_1562.png,train,n01843065_1562,n01843065
LSEJ_001161,images/n01843065_2134.png,train,n01843065_2134,n01843065
LSEJ_001162,images/n01843065_22.png,train,n01843065_22,n01843065
LSEJ_001163,images/n01843065_2384.png,train,n01843065_2384,n01843065
LSEJ_001165,images/n01843065_3190.png,train,n01843065_3190,n01843065
LSEJ_001166,images/n01843065_400.png,train,n01843065_400,n01843065
LSEJ_001167,images/n01843065_4222.png,train,n01843065_4222,n01843065
LSEJ_001169,images/n01843065_807.png,train,n01843065_807,n01843065
LSEJ_001170,images/n01843383_10024.png,train,n01843383_10024,n01843383
LSEJ_001171,images/n01843383_1065.png,train,n01843383_1065,n01843383
LSEJ_001172,images/n01843383_11166.png,train,n01843383_11166,n01843383
LSEJ_001173,images/n01843383_1773.png,train,n01843383_1773,n01843383
LSEJ_001174,images/n01843383_437.png,train,n01843383_437,n01843383
LSEJ_001177,images/n01843383_9059.png,train,n01843383_9059,n01843383
LSEJ_001178,images/n01843383_9378.png,train,n01843383_9378,n01843383
LSEJ_001179,images/n01847000_1551.png,train,n01847000_1551,n01847000
LSEJ_001181,images/n01847000_4255.png,train,n01847000_4255,n01847000
LSEJ_001182,images/n01847000_4341.png,train,n01847000_4341,n01847000
LSEJ_001185,images/n01855032_2441.png,train,n01855032_2441,n01855032
LSEJ_001186,images/n01855032_3077.png,train,n01855032_3077,n01855032
LSEJ_001187,images/n01855032_7832.png,train,n01855032_7832,n01855032
LSEJ_001188,images/n01855032_7862.png,train,n01855032_7862,n01855032
LSEJ_001191,images/n01855672_1951.png,train,n01855672_1951,n01855672
LSEJ_001192,images/n01855672_3114.png,train,n01855672_3114,n01855672
LSEJ_001193,images/n01855672_3382.png,train,n01855672_3382,n01855672
LSEJ_001195,images/n01855672_4536.png,train,n01855672_4536,n01855672
LSEJ_001196,images/n01855672_4704.png,train,n01855672_4704,n01855672
LSEJ_001197,images/n01855672_4969.png,train,n01855672_4969,n01855672
LSEJ_001200,images/n01855672_5994.png,train,n01855672_5994,n01855672
LSEJ_001201,images/n01855672_6038.png,train,n01855672_6038,n01855672
LSEJ_001202,images/n01855672_6572.png,train,n01855672_6572,n01855672
LSEJ_001204,images/n01855672_7321.png,train,n01855672_7321,n01855672
LSEJ_001205,images/n01855672_7546.png,train,n01855672_7546,n01855672
LSEJ_001206,images/n01855672_7732.png,train,n01855672_7732,n01855672
LSEJ_001207,images/n01855672_7888.png,train,n01855672_7888,n01855672
LSEJ_001208,images/n01855672_9109.png,train,n01855672_9109,n01855672
LSEJ_001209,images/n01855672_9178.png,train,n01855672_9178,n01855672
LSEJ_001210,images/n01855672_9236.png,train,n01855672_9236,n01855672
LSEJ_001211,images/n01855672_9585.png,train,n01855672_9585,n01855672
LSEJ_001212,images/n01860187_1011.png,train,n01860187_1011,n01860187
LSEJ_001213,images/n01860187_1366.png,train,n01860187_1366,n01860187
LSEJ_001214,images/n01860187_2220.png,train,n01860187_2220,n01860187
LSEJ_001217,images/n01860187_3179.png,train,n01860187_3179,n01860187
LSEJ_001218,images/n01860187_3574.png,train,n01860187_3574,n01860187
LSEJ_001220,images/n01860187_5846.png,train,n01860187_5846,n01860187
LSEJ_001221,images/n01860187_6470.png,train,n01860187_6470,n01860187
LSEJ_001222,images/n01860187_6680.png,train,n01860187_6680,n01860187
LSEJ_001223,images/n01860187_711.png,train,n01860187_711,n01860187
LSEJ_001224,images/n01860187_7550.png,train,n01860187_7550,n01860187
LSEJ_001225,images/n01860187_8419.png,train,n01860187_8419,n01860187
LSEJ_001226,images/n01860187_8860.png,train,n01860187_8860,n01860187
LSEJ_001228,images/n01860187_9657.png,train,n01860187_9657,n01860187
LSEJ_001229,images/n01871265_5441.png,train,n01871265_5441,n01871265
LSEJ_001230,images/n01872401_12320.png,train,n01872401_12320,n01872401
LSEJ_001231,images/n01872401_18520.png,train,n01872401_18520,n01872401
LSEJ_001233,images/n01872401_4293.png,train,n01872401_4293,n01872401
LSEJ_001234,images/n01873310_22324.png,train,n01873310_22324,n01873310
LSEJ_001235,images/n01873310_28194.png,train,n01873310_28194,n01873310
LSEJ_001236,images/n01873310_28898.png,train,n01873310_28898,n01873310
LSEJ_001238,images/n01873310_6584.png,train,n01873310_6584,n01873310
LSEJ_001240,images/n01877812_5772.png,train,n01877812_5772,n01877812
LSEJ_001242,images/n01877812_7281.png,train,n01877812_7281,n01877812
LSEJ_001244,images/n01877812_7593.png,train,n01877812_7593,n01877812
LSEJ_001245,images/n01877812_7852.png,train,n01877812_7852,n01877812
LSEJ_001246,images/n01882714_12807.png,train,n01882714_12807,n01882714
LSEJ_001247,images/n01882714_1770.png,train,n01882714_1770,n01882714
LSEJ_001248,images/n01882714_22911.png,train,n01882714_22911,n01882714
LSEJ_001249,images/n01882714_25292.png,train,n01882714_25292,n01882714
LSEJ_001250,images/n01882714_25753.png,train,n01882714_25753,n01882714
LSEJ_001253,images/n01882714_3551.png,train,n01882714_3551,n01882714
LSEJ_001254,images/n01882714_7740.png,train,n01882714_7740,n01882714
LSEJ_001256,images/n01883070_2881.png,train,n01883070_2881,n01883070
LSEJ_001258,images/n01883070_6924.png,train,n01883070_6924,n01883070
LSEJ_001259,images/n01883070_7437.png,train,n01883070_7437,n01883070
LSEJ_001260,images/n01883070_7451.png,train,n01883070_7451,n01883070
LSEJ_001261,images/n01883070_8835.png,train,n01883070_8835,n01883070
LSEJ_001262,images/n01910747_1005.png,train,n01910747_1005,n01910747
LSEJ_001263,images/n01910747_10623.png,train,n01910747_10623,n01910747
LSEJ_001264,images/n01910747_1191.png,train,n01910747_1191,n01910747
LSEJ_001267,images/n01910747_2556.png,train,n01910747_2556,n01910747
LSEJ_001268,images/n01910747_3328.png,train,n01910747_3328,n01910747
LSEJ_001269,images/n01910747_3337.png,train,n01910747_3337,n01910747
LSEJ_001270,images/n01910747_4839.png,train,n01910747_4839,n01910747
LSEJ_001271,images/n01910747_548.png,train,n01910747_548,n01910747
LSEJ_001272,images/n01910747_551.png,train,n01910747_551,n01910747
LSEJ_001273,images/n01910747_784.png,train,n01910747_784,n01910747
LSEJ_001276,images/n01910747_9817.png,train,n01910747_9817,n01910747
LSEJ_001277,images/n01914609_1086.png,train,n01914609_1086,n01914609
LSEJ_001278,images/n01914609_116.png,train,n01914609_116,n01914609
LSEJ_001280,images/n01914609_1408.png,train,n01914609_1408,n01914609
LSEJ_001281,images/n01914609_1437.png,train,n01914609_1437,n01914609
LSEJ_001283,images/n01914609_1558.png,train,n01914609_1558,n01914609
LSEJ_001284,images/n01914609_1595.png,train,n01914609_1595,n01914609
LSEJ_001286,images/n01914609_1649.png,train,n01914609_1649,n01914609
LSEJ_001287,images/n01914609_165.png,train,n01914609_165,n01914609
LSEJ_001290,images/n01914609_1729.png,train,n01914609_1729,n01914609
LSEJ_001291,images/n01914609_17827.png,train,n01914609_17827,n01914609
LSEJ_001292,images/n01914609_1889.png,train,n01914609_1889,n01914609
LSEJ_001293,images/n01914609_19468.png,train,n01914609_19468,n01914609
LSEJ_001294,images/n01914609_1993.png,train,n01914609_1993,n01914609
LSEJ_001298,images/n01914609_231.png,train,n01914609_231,n01914609
LSEJ_001299,images/n01914609_2313.png,train,n01914609_2313,n01914609
LSEJ_001301,images/n01914609_2549.png,train,n01914609_2549,n01914609
LSEJ_001302,images/n01914609_2552.png,train,n01914609_2552,n01914609
LSEJ_001304,images/n01914609_2613.png,train,n01914609_2613,n01914609
LSEJ_001306,images/n01914609_3559.png,train,n01914609_3559,n01914609
LSEJ_001307,images/n01914609_3603.png,train,n01914609_3603,n01914609
LSEJ_001308,images/n01914609_3779.png,train,n01914609_3779,n01914609
LSEJ_001309,images/n01914609_3827.png,train,n01914609_3827,n01914609
LSEJ_001310,images/n01914609_392.png,train,n01914609_392,n01914609
LSEJ_001311,images/n01914609_4209.png,train,n01914609_4209,n01914609
LSEJ_001312,images/n01914609_421.png,train,n01914609_421,n01914609
LSEJ_001313,images/n01914609_4306.png,train,n01914609_4306,n01914609
LSEJ_001315,images/n01914609_450.png,train,n01914609_450,n01914609
LSEJ_001316,images/n01914609_4563.png,train,n01914609_4563,n01914609
LSEJ_001317,images/n01914609_4669.png,train,n01914609_4669,n01914609
LSEJ_001318,images/n01914609_4712.png,train,n01914609_4712,n01914609
LSEJ_001319,images/n01914609_4754.png,train,n01914609_4754,n01914609
LSEJ_001320,images/n01914609_4912.png,train,n01914609_4912,n01914609
LSEJ_001321,images/n01914609_492.png,train,n01914609_492,n01914609
LSEJ_001322,images/n01914609_4962.png,train,n01914609_4962,n01914609
LSEJ_001323,images/n01914609_503.png,train,n01914609_503,n01914609
LSEJ_001324,images/n01914609_5165.png,train,n01914609_5165,n01914609
LSEJ_001325,images/n01914609_531.png,train,n01914609_531,n01914609
LSEJ_001326,images/n01914609_670.png,train,n01914609_670,n01914609
LSEJ_001328,images/n01914609_778.png,train,n01914609_778,n01914609
LSEJ_001329,images/n01917289_1073.png,train,n01917289_1073,n01917289
LSEJ_001330,images/n01917289_109.png,train,n01917289_109,n01917289
LSEJ_001333,images/n01917289_1267.png,train,n01917289_1267,n01917289
LSEJ_001334,images/n01917289_1350.png,train,n01917289_1350,n01917289
LSEJ_001335,images/n01917289_1383.png,train,n01917289_1383,n01917289
LSEJ_001338,images/n01917289_1463.png,train,n01917289_1463,n01917289
LSEJ_001339,images/n01917289_1636.png,train,n01917289_1636,n01917289
LSEJ_001340,images/n01917289_1764.png,train,n01917289_1764,n01917289
LSEJ_001341,images/n01917289_1769.png,train,n01917289_1769,n01917289
LSEJ_001344,images/n01917289_18.png,train,n01917289_18,n01917289
LSEJ_001345,images/n01917289_1803.png,train,n01917289_1803,n01917289
LSEJ_001346,images/n01917289_1806.png,train,n01917289_1806,n01917289
LSEJ_001347,images/n01917289_1807.png,train,n01917289_1807,n01917289
LSEJ_001349,images/n01917289_1846.png,train,n01917289_1846,n01917289
LSEJ_001350,images/n01917289_1861.png,train,n01917289_1861,n01917289
LSEJ_001351,images/n01917289_1864.png,train,n01917289_1864,n01917289
LSEJ_001352,images/n01917289_1877.png,train,n01917289_1877,n01917289
LSEJ_001353,images/n01917289_1884.png,train,n01917289_1884,n01917289
LSEJ_001354,images/n01917289_1898.png,train,n01917289_1898,n01917289
LSEJ_001355,images/n01917289_1907.png,train,n01917289_1907,n01917289
LSEJ_001356,images/n01917289_1916.png,train,n01917289_1916,n01917289
LSEJ_001359,images/n01917289_2057.png,train,n01917289_2057,n01917289
LSEJ_001361,images/n01917289_2087.png,train,n01917289_2087,n01917289
LSEJ_001362,images/n01917289_2147.png,train,n01917289_2147,n01917289
LSEJ_001363,images/n01917289_2229.png,train,n01917289_2229,n01917289
LSEJ_001364,images/n01917289_2236.png,train,n01917289_2236,n01917289
LSEJ_001365,images/n01917289_2276.png,train,n01917289_2276,n01917289
LSEJ_001366,images/n01917289_2287.png,train,n01917289_2287,n01917289
LSEJ_001368,images/n01917289_2343.png,train,n01917289_2343,n01917289
LSEJ_001369,images/n01917289_237.png,train,n01917289_237,n01917289
LSEJ_001371,images/n01917289_2515.png,train,n01917289_2515,n01917289
LSEJ_001372,images/n01917289_2561.png,train,n01917289_2561,n01917289
LSEJ_001373,images/n01917289_2601.png,train,n01917289_2601,n01917289
LSEJ_001374,images/n01917289_2610.png,train,n01917289_2610,n01917289
LSEJ_001375,images/n01917289_2628.png,train,n01917289_2628,n01917289
LSEJ_001376,images/n01917289_263.png,train,n01917289_263,n01917289
LSEJ_001377,images/n01917289_2693.png,train,n01917289_2693,n01917289
LSEJ_001378,images/n01917289_290.png,train,n01917289_290,n01917289
LSEJ_001379,images/n01917289_317.png,train,n01917289_317,n01917289
LSEJ_001380,images/n01917289_372.png,train,n01917289_372,n01917289
LSEJ_001382,images/n01917289_479.png,train,n01917289_479,n01917289
LSEJ_001383,images/n01917289_499.png,train,n01917289_499,n01917289
LSEJ_001384,images/n01917289_53.png,train,n01917289_53,n01917289
LSEJ_001385,images/n01917289_542.png,train,n01917289_542,n01917289
LSEJ_001386,images/n01917289_59.png,train,n01917289_59,n01917289
LSEJ_001387,images/n01917289_650.png,train,n01917289_650,n01917289
LSEJ_001391,images/n01917289_745.png,train,n01917289_745,n01917289
LSEJ_001392,images/n01917289_79.png,train,n01917289_79,n01917289
LSEJ_001393,images/n01917289_815.png,train,n01917289_815,n01917289
LSEJ_001394,images/n01917289_880.png,train,n01917289_880,n01917289
LSEJ_001395,images/n01917289_90.png,train,n01917289_90,n01917289
LSEJ_001397,images/n01917289_923.png,train,n01917289_923,n01917289
LSEJ_001398,images/n01917289_967.png,train,n01917289_967,n01917289
LSEJ_001399,images/n01917289_970.png,train,n01917289_970,n01917289
LSEJ_001401,images/n01917289_973.png,train,n01917289_973,n01917289
LSEJ_001402,images/n01917289_982.png,train,n01917289_982,n01917289
LSEJ_001403,images/n01924916_1187.png,train,n01924916_1187,n01924916
LSEJ_001404,images/n01924916_11960.png,train,n01924916_11960,n01924916
LSEJ_001405,images/n01924916_13465.png,train,n01924916_13465,n01924916
LSEJ_001407,images/n01924916_2422.png,train,n01924916_2422,n01924916
LSEJ_001408,images/n01924916_2823.png,train,n01924916_2823,n01924916
LSEJ_001409,images/n01924916_3232.png,train,n01924916_3232,n01924916
LSEJ_001410,images/n01924916_3514.png,train,n01924916_3514,n01924916
LSEJ_001413,images/n01930112_11306.png,train,n01930112_11306,n01930112
LSEJ_001414,images/n01930112_1298.png,train,n01930112_1298,n01930112
LSEJ_001416,images/n01930112_15304.png,train,n01930112_15304,n01930112
LSEJ_001418,images/n01930112_17549.png,train,n01930112_17549,n01930112
LSEJ_001419,images/n01930112_18267.png,train,n01930112_18267,n01930112
LSEJ_001420,images/n01930112_18885.png,train,n01930112_18885,n01930112
LSEJ_001422,images/n01930112_2595.png,train,n01930112_2595,n01930112
LSEJ_001423,images/n01930112_4092.png,train,n01930112_4092,n01930112
LSEJ_001424,images/n01930112_4327.png,train,n01930112_4327,n01930112
LSEJ_001425,images/n01930112_5808.png,train,n01930112_5808,n01930112
LSEJ_001426,images/n01930112_6276.png,train,n01930112_6276,n01930112
LSEJ_001428,images/n01943899_2718.png,train,n01943899_2718,n01943899
LSEJ_001430,images/n01943899_2935.png,train,n01943899_2935,n01943899
LSEJ_001432,images/n01943899_4056.png,train,n01943899_4056,n01943899
LSEJ_001433,images/n01943899_4390.png,train,n01943899_4390,n01943899
LSEJ_001434,images/n01943899_6232.png,train,n01943899_6232,n01943899
LSEJ_001435,images/n01943899_6382.png,train,n01943899_6382,n01943899
LSEJ_001436,images/n01943899_6434.png,train,n01943899_6434,n01943899
LSEJ_001437,images/n01943899_7081.png,train,n01943899_7081,n01943899
LSEJ_001438,images/n01943899_7240.png,train,n01943899_7240,n01943899
LSEJ_001440,images/n01944390_1351.png,train,n01944390_1351,n01944390
LSEJ_001441,images/n01944390_15090.png,train,n01944390_15090,n01944390
LSEJ_001442,images/n01944390_2029.png,train,n01944390_2029,n01944390
LSEJ_001443,images/n01944390_2572.png,train,n01944390_2572,n01944390
LSEJ_001444,images/n01944390_2899.png,train,n01944390_2899,n01944390
LSEJ_001445,images/n01944390_3174.png,train,n01944390_3174,n01944390
LSEJ_001447,images/n01944390_32235.png,train,n01944390_32235,n01944390
LSEJ_001449,images/n01944390_33347.png,train,n01944390_33347,n01944390
LSEJ_001450,images/n01944390_39975.png,train,n01944390_39975,n01944390
LSEJ_001451,images/n01944390_4489.png,train,n01944390_4489,n01944390
LSEJ_001452,images/n01944390_5200.png,train,n01944390_5200,n01944390
LSEJ_001454,images/n01944390_6132.png,train,n01944390_6132,n01944390
LSEJ_001455,images/n01944390_92.png,train,n01944390_92,n01944390
LSEJ_001456,images/n01945685_1066.png,train,n01945685_1066,n01945685
LSEJ_001457,images/n01945685_1089.png,train,n01945685_1089,n01945685
LSEJ_001459,images/n01945685_1603.png,train,n01945685_1603,n01945685
LSEJ_001460,images/n01945685_16119.png,train,n01945685_16119,n01945685
LSEJ_001461,images/n01945685_17720.png,train,n01945685_17720,n01945685
LSEJ_001462,images/n01945685_1902.png,train,n01945685_1902,n01945685
LSEJ_001463,images/n01945685_2016.png,train,n01945685_2016,n01945685
LSEJ_001464,images/n01945685_2063.png,train,n01945685_2063,n01945685
LSEJ_001465,images/n01945685_2313.png,train,n01945685_2313,n01945685
LSEJ_001467,images/n01945685_2865.png,train,n01945685_2865,n01945685
LSEJ_001468,images/n01945685_29064.png,train,n01945685_29064,n01945685
LSEJ_001469,images/n01945685_3306.png,train,n01945685_3306,n01945685
LSEJ_001472,images/n01945685_361.png,train,n01945685_361,n01945685
LSEJ_001474,images/n01945685_3906.png,train,n01945685_3906,n01945685
LSEJ_001475,images/n01945685_8356.png,train,n01945685_8356,n01945685
LSEJ_001476,images/n01950731_1096.png,train,n01950731_1096,n01950731
LSEJ_001477,images/n01950731_1143.png,train,n01950731_1143,n01950731
LSEJ_001478,images/n01950731_1273.png,train,n01950731_1273,n01950731
LSEJ_001480,images/n01950731_1335.png,train,n01950731_1335,n01950731
LSEJ_001481,images/n01950731_16879.png,train,n01950731_16879,n01950731
LSEJ_001483,images/n01950731_355.png,train,n01950731_355,n01950731
LSEJ_001484,images/n01950731_35808.png,train,n01950731_35808,n01950731
LSEJ_001485,images/n01950731_3952.png,train,n01950731_3952,n01950731
LSEJ_001486,images/n01950731_4125.png,train,n01950731_4125,n01950731
LSEJ_001487,images/n01950731_4226.png,train,n01950731_4226,n01950731
LSEJ_001488,images/n01950731_4401.png,train,n01950731_4401,n01950731
LSEJ_001490,images/n01950731_4598.png,train,n01950731_4598,n01950731
LSEJ_001491,images/n01950731_5069.png,train,n01950731_5069,n01950731
LSEJ_001492,images/n01950731_5792.png,train,n01950731_5792,n01950731
LSEJ_001494,images/n01950731_8713.png,train,n01950731_8713,n01950731
LSEJ_001496,images/n01955084_1093.png,train,n01955084_1093,n01955084
LSEJ_001499,images/n01955084_12931.png,train,n01955084_12931,n01955084
LSEJ_001500,images/n01955084_1352.png,train,n01955084_1352,n01955084
LSEJ_001501,images/n01955084_14910.png,train,n01955084_14910,n01955084
LSEJ_001502,images/n01955084_1714.png,train,n01955084_1714,n01955084
LSEJ_001503,images/n01955084_2340.png,train,n01955084_2340,n01955084
LSEJ_001504,images/n01955084_2525.png,train,n01955084_2525,n01955084
LSEJ_001505,images/n01955084_2857.png,train,n01955084_2857,n01955084
LSEJ_001506,images/n01955084_2866.png,train,n01955084_2866,n01955084
LSEJ_001507,images/n01955084_3245.png,train,n01955084_3245,n01955084
LSEJ_001508,images/n01955084_4155.png,train,n01955084_4155,n01955084
LSEJ_001509,images/n01955084_4409.png,train,n01955084_4409,n01955084
LSEJ_001510,images/n01955084_4414.png,train,n01955084_4414,n01955084
LSEJ_001514,images/n01955084_9615.png,train,n01955084_9615,n01955084
LSEJ_001515,images/n01968897_13358.png,train,n01968897_13358,n01968897
LSEJ_001516,images/n01968897_17016.png,train,n01968897_17016,n01968897
LSEJ_001519,images/n01968897_19852.png,train,n01968897_19852,n01968897
LSEJ_001520,images/n01968897_23613.png,train,n01968897_23613,n01968897
LSEJ_001521,images/n01968897_25905.png,train,n01968897_25905,n01968897
LSEJ_001522,images/n01978287_1589.png,train,n01978287_1589,n01978287
LSEJ_001524,images/n01978287_1799.png,train,n01978287_1799,n01978287
LSEJ_001525,images/n01978287_283.png,train,n01978287_283,n01978287
LSEJ_001526,images/n01978287_332.png,train,n01978287_332,n01978287
LSEJ_001528,images/n01978287_5260.png,train,n01978287_5260,n01978287
LSEJ_001529,images/n01978287_6046.png,train,n01978287_6046,n01978287
LSEJ_001530,images/n01978287_6048.png,train,n01978287_6048,n01978287
LSEJ_001532,images/n01978287_8635.png,train,n01978287_8635,n01978287
LSEJ_001533,images/n01978287_9984.png,train,n01978287_9984,n01978287
LSEJ_001534,images/n01978455_11285.png,train,n01978455_11285,n01978455
LSEJ_001535,images/n01978455_12359.png,train,n01978455_12359,n01978455
LSEJ_001536,images/n01978455_1323.png,train,n01978455_1323,n01978455
LSEJ_001538,images/n01978455_1443.png,train,n01978455_1443,n01978455
LSEJ_001539,images/n01978455_1717.png,train,n01978455_1717,n01978455
LSEJ_001540,images/n01978455_1800.png,train,n01978455_1800,n01978455
LSEJ_001543,images/n01978455_266.png,train,n01978455_266,n01978455
LSEJ_001544,images/n01978455_268.png,train,n01978455_268,n01978455
LSEJ_001546,images/n01978455_337.png,train,n01978455_337,n01978455
LSEJ_001547,images/n01978455_4213.png,train,n01978455_4213,n01978455
LSEJ_001548,images/n01978455_4302.png,train,n01978455_4302,n01978455
LSEJ_001549,images/n01978455_4520.png,train,n01978455_4520,n01978455
LSEJ_001550,images/n01978455_4986.png,train,n01978455_4986,n01978455
LSEJ_001553,images/n01978455_702.png,train,n01978455_702,n01978455
LSEJ_001554,images/n01978455_7300.png,train,n01978455_7300,n01978455
LSEJ_001555,images/n01978455_8102.png,train,n01978455_8102,n01978455
LSEJ_001556,images/n01978455_9348.png,train,n01978455_9348,n01978455
LSEJ_001557,images/n01980166_10030.png,train,n01980166_10030,n01980166
LSEJ_001558,images/n01980166_1216.png,train,n01980166_1216,n01980166
LSEJ_001560,images/n01980166_1266.png,train,n01980166_1266,n01980166
LSEJ_001562,images/n01980166_1463.png,train,n01980166_1463,n01980166
LSEJ_001563,images/n01980166_2316.png,train,n01980166_2316,n01980166
LSEJ_001564,images/n01980166_2356.png,train,n01980166_2356,n01980166
LSEJ_001565,images/n01980166_2403.png,train,n01980166_2403,n01980166
LSEJ_001566,images/n01980166_2746.png,train,n01980166_2746,n01980166
LSEJ_001569,images/n01980166_3588.png,train,n01980166_3588,n01980166
LSEJ_001570,images/n01980166_3741.png,train,n01980166_3741,n01980166
LSEJ_001571,images/n01980166_4821.png,train,n01980166_4821,n01980166
LSEJ_001572,images/n01980166_5239.png,train,n01980166_5239,n01980166
LSEJ_001573,images/n01980166_7742.png,train,n01980166_7742,n01980166
LSEJ_001574,images/n01981276_10627.png,train,n01981276_10627,n01981276
LSEJ_001577,images/n01981276_13258.png,train,n01981276_13258,n01981276
LSEJ_001580,images/n01981276_13832.png,train,n01981276_13832,n01981276
LSEJ_001581,images/n01981276_15634.png,train,n01981276_15634,n01981276
LSEJ_001582,images/n01981276_15860.png,train,n01981276_15860,n01981276
LSEJ_001583,images/n01981276_1590.png,train,n01981276_1590,n01981276
LSEJ_001584,images/n01981276_1628.png,train,n01981276_1628,n01981276
LSEJ_001585,images/n01981276_171.png,train,n01981276_171,n01981276
LSEJ_001586,images/n01981276_17111.png,train,n01981276_17111,n01981276
LSEJ_001587,images/n01981276_17303.png,train,n01981276_17303,n01981276
LSEJ_001588,images/n01981276_17668.png,train,n01981276_17668,n01981276
LSEJ_001589,images/n01981276_17980.png,train,n01981276_17980,n01981276
LSEJ_001590,images/n01981276_18340.png,train,n01981276_18340,n01981276
LSEJ_001591,images/n01981276_19130.png,train,n01981276_19130,n01981276
LSEJ_001594,images/n01981276_5008.png,train,n01981276_5008,n01981276
LSEJ_001595,images/n01981276_5293.png,train,n01981276_5293,n01981276
LSEJ_001596,images/n01981276_5755.png,train,n01981276_5755,n01981276
LSEJ_001597,images/n01981276_7628.png,train,n01981276_7628,n01981276
LSEJ_001599,images/n01981276_8363.png,train,n01981276_8363,n01981276
LSEJ_001600,images/n01981276_8387.png,train,n01981276_8387,n01981276
LSEJ_001601,images/n01981276_858.png,train,n01981276_858,n01981276
LSEJ_001603,images/n01981276_9485.png,train,n01981276_9485,n01981276
LSEJ_001604,images/n01981276_9831.png,train,n01981276_9831,n01981276
LSEJ_001605,images/n01983481_10773.png,train,n01983481_10773,n01983481
LSEJ_001607,images/n01983481_13483.png,train,n01983481_13483,n01983481
LSEJ_001609,images/n01983481_15527.png,train,n01983481_15527,n01983481
LSEJ_001610,images/n01983481_17.png,train,n01983481_17,n01983481
LSEJ_001612,images/n01983481_23791.png,train,n01983481_23791,n01983481
LSEJ_001613,images/n01983481_24145.png,train,n01983481_24145,n01983481
LSEJ_001615,images/n01983481_2929.png,train,n01983481_2929,n01983481
LSEJ_001616,images/n01983481_4978.png,train,n01983481_4978,n01983481
LSEJ_001617,images/n01983481_5164.png,train,n01983481_5164,n01983481
LSEJ_001618,images/n01983481_7077.png,train,n01983481_7077,n01983481
LSEJ_001619,images/n01983481_846.png,train,n01983481_846,n01983481
LSEJ_001620,images/n01983481_8852.png,train,n01983481_8852,n01983481
LSEJ_001622,images/n01984695_13929.png,train,n01984695_13929,n01984695
LSEJ_001623,images/n01984695_15489.png,train,n01984695_15489,n01984695
LSEJ_001624,images/n01984695_15939.png,train,n01984695_15939,n01984695
LSEJ_001627,images/n01984695_16993.png,train,n01984695_16993,n01984695
LSEJ_001629,images/n01984695_17624.png,train,n01984695_17624,n01984695
LSEJ_001630,images/n01984695_18037.png,train,n01984695_18037,n01984695
LSEJ_001631,images/n01984695_18425.png,train,n01984695_18425,n01984695
LSEJ_001632,images/n01984695_18567.png,train,n01984695_18567,n01984695
LSEJ_001634,images/n01984695_23844.png,train,n01984695_23844,n01984695
LSEJ_001635,images/n01984695_24488.png,train,n01984695_24488,n01984695
LSEJ_001636,images/n01984695_28530.png,train,n01984695_28530,n01984695
LSEJ_001637,images/n01984695_28853.png,train,n01984695_28853,n01984695
LSEJ_001639,images/n01984695_29824.png,train,n01984695_29824,n01984695
LSEJ_001640,images/n01984695_30354.png,train,n01984695_30354,n01984695
LSEJ_001641,images/n01984695_3376.png,train,n01984695_3376,n01984695
LSEJ_001642,images/n01984695_34341.png,train,n01984695_34341,n01984695
LSEJ_001644,images/n01984695_45826.png,train,n01984695_45826,n01984695
LSEJ_001645,images/n01984695_48955.png,train,n01984695_48955,n01984695
LSEJ_001646,images/n01984695_50200.png,train,n01984695_50200,n01984695
LSEJ_001647,images/n01984695_50380.png,train,n01984695_50380,n01984695
LSEJ_001649,images/n01984695_61673.png,train,n01984695_61673,n01984695
LSEJ_001650,images/n01984695_63339.png,train,n01984695_63339,n01984695
LSEJ_001651,images/n01984695_6356.png,train,n01984695_6356,n01984695
LSEJ_001653,images/n01984695_67183.png,train,n01984695_67183,n01984695
LSEJ_001654,images/n01984695_69171.png,train,n01984695_69171,n01984695
LSEJ_001655,images/n01985128_10861.png,train,n01985128_10861,n01985128
LSEJ_001656,images/n01985128_15633.png,train,n01985128_15633,n01985128
LSEJ_001657,images/n01985128_20634.png,train,n01985128_20634,n01985128
LSEJ_001658,images/n01985128_22893.png,train,n01985128_22893,n01985128
LSEJ_001659,images/n01985128_28012.png,train,n01985128_28012,n01985128
LSEJ_001661,images/n01985128_3983.png,train,n01985128_3983,n01985128
LSEJ_001663,images/n01985128_7889.png,train,n01985128_7889,n01985128
LSEJ_001664,images/n01986214_10571.png,train,n01986214_10571,n01986214
LSEJ_001666,images/n01986214_13572.png,train,n01986214_13572,n01986214
LSEJ_001667,images/n01986214_2109.png,train,n01986214_2109,n01986214
LSEJ_001668,images/n01986214_3609.png,train,n01986214_3609,n01986214
LSEJ_001669,images/n01986214_3861.png,train,n01986214_3861,n01986214
LSEJ_001671,images/n01986214_4603.png,train,n01986214_4603,n01986214
LSEJ_001673,images/n01986214_5996.png,train,n01986214_5996,n01986214
LSEJ_001674,images/n01990800_10307.png,train,n01990800_10307,n01990800
LSEJ_001677,images/n01990800_11173.png,train,n01990800_11173,n01990800
LSEJ_001678,images/n01990800_12222.png,train,n01990800_12222,n01990800
LSEJ_001679,images/n01990800_1796.png,train,n01990800_1796,n01990800
LSEJ_001680,images/n01990800_2466.png,train,n01990800_2466,n01990800
LSEJ_001681,images/n01990800_2506.png,train,n01990800_2506,n01990800
LSEJ_001683,images/n01990800_4339.png,train,n01990800_4339,n01990800
LSEJ_001685,images/n01990800_48.png,train,n01990800_48,n01990800
LSEJ_001686,images/n01990800_7586.png,train,n01990800_7586,n01990800
LSEJ_001687,images/n01990800_8424.png,train,n01990800_8424,n01990800
LSEJ_001688,images/n01990800_9231.png,train,n01990800_9231,n01990800
LSEJ_001689,images/n01990800_9436.png,train,n01990800_9436,n01990800
LSEJ_001690,images/n02002556_10327.png,train,n02002556_10327,n02002556
LSEJ_001691,images/n02002556_1623.png,train,n02002556_1623,n02002556
LSEJ_001695,images/n02002556_5602.png,train,n02002556_5602,n02002556
LSEJ_001696,images/n02002556_573.png,train,n02002556_573,n02002556
LSEJ_001697,images/n02002556_6528.png,train,n02002556_6528,n02002556
LSEJ_001698,images/n02002556_6578.png,train,n02002556_6578,n02002556
LSEJ_001699,images/n02002556_6852.png,train,n02002556_6852,n02002556
LSEJ_001700,images/n02002556_9390.png,train,n02002556_9390,n02002556
LSEJ_001701,images/n02002556_9529.png,train,n02002556_9529,n02002556
LSEJ_001702,images/n02002724_1594.png,train,n02002724_1594,n02002724
LSEJ_001703,images/n02002724_2799.png,train,n02002724_2799,n02002724
LSEJ_001704,images/n02002724_3170.png,train,n02002724_3170,n02002724
LSEJ_001705,images/n02002724_6207.png,train,n02002724_6207,n02002724
LSEJ_001708,images/n02006656_10639.png,train,n02006656_10639,n02006656
LSEJ_001709,images/n02006656_10947.png,train,n02006656_10947,n02006656
LSEJ_001711,images/n02006656_4031.png,train,n02006656_4031,n02006656
LSEJ_001712,images/n02006656_4848.png,train,n02006656_4848,n02006656
LSEJ_001713,images/n02006656_5402.png,train,n02006656_5402,n02006656
LSEJ_001714,images/n02006656_5621.png,train,n02006656_5621,n02006656
LSEJ_001716,images/n02006656_6701.png,train,n02006656_6701,n02006656
LSEJ_001717,images/n02009229_1929.png,train,n02009229_1929,n02009229
LSEJ_001719,images/n02009229_217.png,train,n02009229_217,n02009229
LSEJ_001720,images/n02009229_3412.png,train,n02009229_3412,n02009229
LSEJ_001721,images/n02009229_4649.png,train,n02009229_4649,n02009229
LSEJ_001723,images/n02009229_5267.png,train,n02009229_5267,n02009229
LSEJ_001724,images/n02009229_5484.png,train,n02009229_5484,n02009229
LSEJ_001725,images/n02009229_6108.png,train,n02009229_6108,n02009229
LSEJ_001726,images/n02009912_10027.png,train,n02009912_10027,n02009912
LSEJ_001728,images/n02009912_11495.png,train,n02009912_11495,n02009912
LSEJ_001729,images/n02009912_11663.png,train,n02009912_11663,n02009912
LSEJ_001731,images/n02009912_4600.png,train,n02009912_4600,n02009912
LSEJ_001732,images/n02009912_4657.png,train,n02009912_4657,n02009912
LSEJ_001733,images/n02009912_4764.png,train,n02009912_4764,n02009912
LSEJ_001734,images/n02009912_5112.png,train,n02009912_5112,n02009912
LSEJ_001735,images/n02009912_5306.png,train,n02009912_5306,n02009912
LSEJ_001737,images/n02009912_5965.png,train,n02009912_5965,n02009912
LSEJ_001738,images/n02009912_6747.png,train,n02009912_6747,n02009912
LSEJ_001740,images/n02009912_8289.png,train,n02009912_8289,n02009912
LSEJ_001741,images/n02012849_3234.png,train,n02012849_3234,n02012849
LSEJ_001742,images/n02012849_5613.png,train,n02012849_5613,n02012849
LSEJ_001743,images/n02013706_1820.png,train,n02013706_1820,n02013706
LSEJ_001744,images/n02013706_1889.png,train,n02013706_1889,n02013706
LSEJ_001746,images/n02013706_3548.png,train,n02013706_3548,n02013706
LSEJ_001747,images/n02013706_3726.png,train,n02013706_3726,n02013706
LSEJ_001748,images/n02013706_4281.png,train,n02013706_4281,n02013706
LSEJ_001749,images/n02013706_5320.png,train,n02013706_5320,n02013706
LSEJ_001751,images/n02013706_7042.png,train,n02013706_7042,n02013706
LSEJ_001753,images/n02017213_3008.png,train,n02017213_3008,n02017213
LSEJ_001755,images/n02017213_4858.png,train,n02017213_4858,n02017213
LSEJ_001756,images/n02017213_528.png,train,n02017213_528,n02017213
LSEJ_001757,images/n02017213_5394.png,train,n02017213_5394,n02017213
LSEJ_001758,images/n02017213_665.png,train,n02017213_665,n02017213
LSEJ_001759,images/n02017213_98.png,train,n02017213_98,n02017213
LSEJ_001760,images/n02018207_16298.png,train,n02018207_16298,n02018207
LSEJ_001761,images/n02018795_1276.png,train,n02018795_1276,n02018795
LSEJ_001762,images/n02018795_1818.png,train,n02018795_1818,n02018795
LSEJ_001763,images/n02018795_1929.png,train,n02018795_1929,n02018795
LSEJ_001764,images/n02018795_2025.png,train,n02018795_2025,n02018795
LSEJ_001765,images/n02018795_2073.png,train,n02018795_2073,n02018795
LSEJ_001766,images/n02018795_2170.png,train,n02018795_2170,n02018795
LSEJ_001767,images/n02018795_2489.png,train,n02018795_2489,n02018795
LSEJ_001768,images/n02018795_3172.png,train,n02018795_3172,n02018795
LSEJ_001769,images/n02018795_3261.png,train,n02018795_3261,n02018795
LSEJ_001771,images/n02018795_351.png,train,n02018795_351,n02018795
LSEJ_001775,images/n02018795_5157.png,train,n02018795_5157,n02018795
LSEJ_001776,images/n02018795_5263.png,train,n02018795_5263,n02018795
LSEJ_001777,images/n02018795_5456.png,train,n02018795_5456,n02018795
LSEJ_001778,images/n02018795_6244.png,train,n02018795_6244,n02018795
LSEJ_001779,images/n02018795_6875.png,train,n02018795_6875,n02018795
LSEJ_001780,images/n02018795_6999.png,train,n02018795_6999,n02018795
LSEJ_001783,images/n02025239_2195.png,train,n02025239_2195,n02025239
LSEJ_001784,images/n02025239_3191.png,train,n02025239_3191,n02025239
LSEJ_001785,images/n02025239_605.png,train,n02025239_605,n02025239
LSEJ_001786,images/n02025239_6762.png,train,n02025239_6762,n02025239
LSEJ_001788,images/n02025239_723.png,train,n02025239_723,n02025239
LSEJ_001789,images/n02025239_7598.png,train,n02025239_7598,n02025239
LSEJ_001790,images/n02027492_201.png,train,n02027492_201,n02027492
LSEJ_001792,images/n02027492_6428.png,train,n02027492_6428,n02027492
LSEJ_001793,images/n02027492_6699.png,train,n02027492_6699,n02027492
LSEJ_001794,images/n02028035_12788.png,train,n02028035_12788,n02028035
LSEJ_001796,images/n02028035_7195.png,train,n02028035_7195,n02028035
LSEJ_001797,images/n02033041_1012.png,train,n02033041_1012,n02033041
LSEJ_001800,images/n02033041_3442.png,train,n02033041_3442,n02033041
LSEJ_001801,images/n02033041_3679.png,train,n02033041_3679,n02033041
LSEJ_001803,images/n02033041_4122.png,train,n02033041_4122,n02033041
LSEJ_001804,images/n02033041_5578.png,train,n02033041_5578,n02033041
LSEJ_001805,images/n02033041_5743.png,train,n02033041_5743,n02033041
LSEJ_001806,images/n02033041_6151.png,train,n02033041_6151,n02033041
LSEJ_001807,images/n02037110_10647.png,train,n02037110_10647,n02037110
LSEJ_001809,images/n02037110_4009.png,train,n02037110_4009,n02037110
LSEJ_001810,images/n02037110_4113.png,train,n02037110_4113,n02037110
LSEJ_001812,images/n02037110_800.png,train,n02037110_800,n02037110
LSEJ_001813,images/n02037110_8019.png,train,n02037110_8019,n02037110
LSEJ_001814,images/n02037110_8732.png,train,n02037110_8732,n02037110
LSEJ_001815,images/n02051845_10239.png,train,n02051845_10239,n02051845
LSEJ_001816,images/n02051845_12104.png,train,n02051845_12104,n02051845
LSEJ_001818,images/n02051845_14424.png,train,n02051845_14424,n02051845
LSEJ_001820,images/n02051845_2839.png,train,n02051845_2839,n02051845
LSEJ_001821,images/n02051845_3549.png,train,n02051845_3549,n02051845
LSEJ_001822,images/n02051845_3816.png,train,n02051845_3816,n02051845
LSEJ_001823,images/n02051845_3867.png,train,n02051845_3867,n02051845
LSEJ_001824,images/n02051845_4476.png,train,n02051845_4476,n02051845
LSEJ_001825,images/n02051845_5031.png,train,n02051845_5031,n02051845
LSEJ_001826,images/n02051845_5052.png,train,n02051845_5052,n02051845
LSEJ_001827,images/n02051845_6216.png,train,n02051845_6216,n02051845
LSEJ_001829,images/n02051845_7875.png,train,n02051845_7875,n02051845
LSEJ_001830,images/n02051845_8296.png,train,n02051845_8296,n02051845
LSEJ_001833,images/n02056570_1048.png,train,n02056570_1048,n02056570
LSEJ_001834,images/n02056570_109.png,train,n02056570_109,n02056570
LSEJ_001836,images/n02056570_1377.png,train,n02056570_1377,n02056570
LSEJ_001837,images/n02056570_1399.png,train,n02056570_1399,n02056570
LSEJ_001838,images/n02056570_1400.png,train,n02056570_1400,n02056570
LSEJ_001839,images/n02056570_1536.png,train,n02056570_1536,n02056570
LSEJ_001840,images/n02056570_1608.png,train,n02056570_1608,n02056570
LSEJ_001841,images/n02056570_1691.png,train,n02056570_1691,n02056570
LSEJ_001845,images/n02056570_1962.png,train,n02056570_1962,n02056570
LSEJ_001846,images/n02056570_2043.png,train,n02056570_2043,n02056570
LSEJ_001847,images/n02056570_2109.png,train,n02056570_2109,n02056570
LSEJ_001849,images/n02056570_2145.png,train,n02056570_2145,n02056570
LSEJ_001850,images/n02056570_2533.png,train,n02056570_2533,n02056570
LSEJ_001851,images/n02056570_2868.png,train,n02056570_2868,n02056570
LSEJ_001852,images/n02056570_3219.png,train,n02056570_3219,n02056570
LSEJ_001853,images/n02056570_3439.png,train,n02056570_3439,n02056570
LSEJ_001854,images/n02056570_3497.png,train,n02056570_3497,n02056570
LSEJ_001855,images/n02056570_3561.png,train,n02056570_3561,n02056570
LSEJ_001857,images/n02056570_4309.png,train,n02056570_4309,n02056570
LSEJ_001858,images/n02056570_4485.png,train,n02056570_4485,n02056570
LSEJ_001860,images/n02056570_5078.png,train,n02056570_5078,n02056570
LSEJ_001862,images/n02056570_5200.png,train,n02056570_5200,n02056570
LSEJ_001863,images/n02056570_5361.png,train,n02056570_5361,n02056570
LSEJ_001864,images/n02056570_5493.png,train,n02056570_5493,n02056570
LSEJ_001865,images/n02056570_5556.png,train,n02056570_5556,n02056570
LSEJ_001866,images/n02056570_5577.png,train,n02056570_5577,n02056570
LSEJ_001867,images/n02056570_6016.png,train,n02056570_6016,n02056570
LSEJ_001868,images/n02056570_6202.png,train,n02056570_6202,n02056570
LSEJ_001869,images/n02056570_6422.png,train,n02056570_6422,n02056570
LSEJ_001870,images/n02056570_6802.png,train,n02056570_6802,n02056570
LSEJ_001871,images/n02056570_7137.png,train,n02056570_7137,n02056570
LSEJ_001873,images/n02056570_7419.png,train,n02056570_7419,n02056570
LSEJ_001875,images/n02056570_7815.png,train,n02056570_7815,n02056570
LSEJ_001877,images/n02056570_8065.png,train,n02056570_8065,n02056570
LSEJ_001878,images/n02058221_1021.png,train,n02058221_1021,n02058221
LSEJ_001879,images/n02058221_1072.png,train,n02058221_1072,n02058221
LSEJ_001881,images/n02058221_203.png,train,n02058221_203,n02058221
LSEJ_001884,images/n02058221_2980.png,train,n02058221_2980,n02058221
LSEJ_001886,images/n02058221_378.png,train,n02058221_378,n02058221
LSEJ_001888,images/n02058221_501.png,train,n02058221_501,n02058221
LSEJ_001889,images/n02058221_6048.png,train,n02058221_6048,n02058221
LSEJ_001890,images/n02058221_635.png,train,n02058221_635,n02058221
LSEJ_001891,images/n02058221_7175.png,train,n02058221_7175,n02058221
LSEJ_001892,images/n02058221_724.png,train,n02058221_724,n02058221
LSEJ_001893,images/n02058221_7506.png,train,n02058221_7506,n02058221
LSEJ_001894,images/n02058221_7560.png,train,n02058221_7560,n02058221
LSEJ_001895,images/n02058221_7797.png,train,n02058221_7797,n02058221
LSEJ_001896,images/n02066245_10848.png,train,n02066245_10848,n02066245
LSEJ_001898,images/n02066245_5206.png,train,n02066245_5206,n02066245
LSEJ_001900,images/n02066245_6992.png,train,n02066245_6992,n02066245
LSEJ_001901,images/n02066245_9494.png,train,n02066245_9494,n02066245
LSEJ_001902,images/n02071294_493.png,train,n02071294_493,n02071294
LSEJ_001904,images/n02074367_524.png,train,n02074367_524,n02074367
LSEJ_001905,images/n02074367_8501.png,train,n02074367_8501,n02074367
LSEJ_001906,images/n02077923_10523.png,train,n02077923_10523,n02077923
LSEJ_001908,images/n02077923_1293.png,train,n02077923_1293,n02077923
LSEJ_001909,images/n02077923_14366.png,train,n02077923_14366,n02077923
LSEJ_001910,images/n02077923_14822.png,train,n02077923_14822,n02077923
LSEJ_001911,images/n02077923_15442.png,train,n02077923_15442,n02077923
LSEJ_001912,images/n02077923_1930.png,train,n02077923_1930,n02077923
LSEJ_001913,images/n02077923_2348.png,train,n02077923_2348,n02077923
LSEJ_001914,images/n02077923_2365.png,train,n02077923_2365,n02077923
LSEJ_001915,images/n02077923_2903.png,train,n02077923_2903,n02077923
LSEJ_001918,images/n02077923_697.png,train,n02077923_697,n02077923
LSEJ_001919,images/n02077923_701.png,train,n02077923_701,n02077923
LSEJ_001921,images/n02085620_1185.png,train,n02085620_1185,n02085620
LSEJ_001922,images/n02085620_12686.png,train,n02085620_12686,n02085620
LSEJ_001923,images/n02085620_16624.png,train,n02085620_16624,n02085620
LSEJ_001924,images/n02085620_4602.png,train,n02085620_4602,n02085620
LSEJ_001926,images/n02085782_12325.png,train,n02085782_12325,n02085782
LSEJ_001927,images/n02085782_13447.png,train,n02085782_13447,n02085782
LSEJ_001928,images/n02085782_14116.png,train,n02085782_14116,n02085782
LSEJ_001929,images/n02085782_15684.png,train,n02085782_15684,n02085782
LSEJ_001930,images/n02085782_168.png,train,n02085782_168,n02085782
LSEJ_001931,images/n02085782_6222.png,train,n02085782_6222,n02085782
LSEJ_001932,images/n02085782_6802.png,train,n02085782_6802,n02085782
LSEJ_001933,images/n02085782_6997.png,train,n02085782_6997,n02085782
LSEJ_001938,images/n02085936_791.png,train,n02085936_791,n02085936
LSEJ_001939,images/n02085936_9125.png,train,n02085936_9125,n02085936
LSEJ_001940,images/n02086079_11317.png,train,n02086079_11317,n02086079
LSEJ_001942,images/n02086079_1596.png,train,n02086079_1596,n02086079
LSEJ_001943,images/n02086079_18622.png,train,n02086079_18622,n02086079
LSEJ_001944,images/n02086079_19287.png,train,n02086079_19287,n02086079
LSEJ_001945,images/n02086079_2891.png,train,n02086079_2891,n02086079
LSEJ_001946,images/n02086079_29923.png,train,n02086079_29923,n02086079
LSEJ_001948,images/n02086079_6561.png,train,n02086079_6561,n02086079
LSEJ_001949,images/n02086240_12500.png,train,n02086240_12500,n02086240
LSEJ_001950,images/n02086240_1763.png,train,n02086240_1763,n02086240
LSEJ_001952,images/n02086240_4256.png,train,n02086240_4256,n02086240
LSEJ_001953,images/n02086240_4720.png,train,n02086240_4720,n02086240
LSEJ_001954,images/n02086240_4898.png,train,n02086240_4898,n02086240
LSEJ_001955,images/n02086240_5444.png,train,n02086240_5444,n02086240
LSEJ_001957,images/n02086646_1514.png,train,n02086646_1514,n02086646
LSEJ_001958,images/n02086646_156.png,train,n02086646_156,n02086646
LSEJ_001960,images/n02086646_2168.png,train,n02086646_2168,n02086646
LSEJ_001961,images/n02086646_3670.png,train,n02086646_3670,n02086646
LSEJ_001963,images/n02086646_4521.png,train,n02086646_4521,n02086646
LSEJ_001964,images/n02086646_4731.png,train,n02086646_4731,n02086646
LSEJ_001965,images/n02086646_5146.png,train,n02086646_5146,n02086646
LSEJ_001966,images/n02086646_5258.png,train,n02086646_5258,n02086646
LSEJ_001967,images/n02086646_5357.png,train,n02086646_5357,n02086646
LSEJ_001969,images/n02086646_5745.png,train,n02086646_5745,n02086646
LSEJ_001970,images/n02086646_5981.png,train,n02086646_5981,n02086646
LSEJ_001971,images/n02086646_6048.png,train,n02086646_6048,n02086646
LSEJ_001972,images/n02086646_6740.png,train,n02086646_6740,n02086646
LSEJ_001974,images/n02086646_8486.png,train,n02086646_8486,n02086646
LSEJ_001976,images/n02086646_9268.png,train,n02086646_9268,n02086646
LSEJ_001977,images/n02086910_11294.png,train,n02086910_11294,n02086910
LSEJ_001978,images/n02086910_12257.png,train,n02086910_12257,n02086910
LSEJ_001979,images/n02086910_12497.png,train,n02086910_12497,n02086910
LSEJ_001980,images/n02086910_1344.png,train,n02086910_1344,n02086910
LSEJ_001981,images/n02086910_15468.png,train,n02086910_15468,n02086910
LSEJ_001984,images/n02086910_9742.png,train,n02086910_9742,n02086910
LSEJ_001985,images/n02087046_127.png,train,n02087046_127,n02087046
LSEJ_001986,images/n02087046_7365.png,train,n02087046_7365,n02087046
LSEJ_001988,images/n02087394_13881.png,train,n02087394_13881,n02087394
LSEJ_001990,images/n02087394_14362.png,train,n02087394_14362,n02087394
LSEJ_001991,images/n02087394_15807.png,train,n02087394_15807,n02087394
LSEJ_001993,images/n02087394_2609.png,train,n02087394_2609,n02087394
LSEJ_001994,images/n02087394_3130.png,train,n02087394_3130,n02087394
LSEJ_001995,images/n02087394_4741.png,train,n02087394_4741,n02087394
LSEJ_001996,images/n02087394_5140.png,train,n02087394_5140,n02087394
LSEJ_001997,images/n02087394_6074.png,train,n02087394_6074,n02087394
LSEJ_001998,images/n02087394_6350.png,train,n02087394_6350,n02087394
LSEJ_001999,images/n02088094_11702.png,train,n02088094_11702,n02088094
LSEJ_002000,images/n02088094_12864.png,train,n02088094_12864,n02088094
LSEJ_002002,images/n02088238_10090.png,train,n02088238_10090,n02088238
LSEJ_002004,images/n02088238_8719.png,train,n02088238_8719,n02088238
LSEJ_002005,images/n02088238_9787.png,train,n02088238_9787,n02088238
LSEJ_002007,images/n02088364_6210.png,train,n02088364_6210,n02088364
LSEJ_002008,images/n02088364_6311.png,train,n02088364_6311,n02088364
LSEJ_002009,images/n02088364_8619.png,train,n02088364_8619,n02088364
LSEJ_002011,images/n02088466_11764.png,train,n02088466_11764,n02088466
LSEJ_002012,images/n02088466_6579.png,train,n02088466_6579,n02088466
LSEJ_002013,images/n02088466_8325.png,train,n02088466_8325,n02088466
LSEJ_002014,images/n02088466_8648.png,train,n02088466_8648,n02088466
LSEJ_002015,images/n02088466_9069.png,train,n02088466_9069,n02088466
LSEJ_002017,images/n02088466_9608.png,train,n02088466_9608,n02088466
LSEJ_002018,images/n02088632_1282.png,train,n02088632_1282,n02088632
LSEJ_002019,images/n02088632_1418.png,train,n02088632_1418,n02088632
LSEJ_002020,images/n02088632_2847.png,train,n02088632_2847,n02088632
LSEJ_002021,images/n02088632_4894.png,train,n02088632_4894,n02088632
LSEJ_002023,images/n02088632_6624.png,train,n02088632_6624,n02088632
LSEJ_002025,images/n02089078_8557.png,train,n02089078_8557,n02089078
LSEJ_002027,images/n02089867_2933.png,train,n02089867_2933,n02089867
LSEJ_002028,images/n02089867_4135.png,train,n02089867_4135,n02089867
LSEJ_002029,images/n02089867_4968.png,train,n02089867_4968,n02089867
LSEJ_002032,images/n02089867_600.png,train,n02089867_600,n02089867
LSEJ_002033,images/n02089867_614.png,train,n02089867_614,n02089867
LSEJ_002034,images/n02089867_6270.png,train,n02089867_6270,n02089867
LSEJ_002035,images/n02089867_6960.png,train,n02089867_6960,n02089867
LSEJ_002036,images/n02089867_7501.png,train,n02089867_7501,n02089867
LSEJ_002037,images/n02089867_7616.png,train,n02089867_7616,n02089867
LSEJ_002039,images/n02089867_8401.png,train,n02089867_8401,n02089867
LSEJ_002040,images/n02089867_8635.png,train,n02089867_8635,n02089867
LSEJ_002041,images/n02089973_3037.png,train,n02089973_3037,n02089973
LSEJ_002042,images/n02089973_4608.png,train,n02089973_4608,n02089973
LSEJ_002043,images/n02089973_5084.png,train,n02089973_5084,n02089973
LSEJ_002045,images/n02090379_1309.png,train,n02090379_1309,n02090379
LSEJ_002046,images/n02090379_276.png,train,n02090379_276,n02090379
LSEJ_002047,images/n02090379_2765.png,train,n02090379_2765,n02090379
LSEJ_002048,images/n02090379_3879.png,train,n02090379_3879,n02090379
LSEJ_002049,images/n02090379_3924.png,train,n02090379_3924,n02090379
LSEJ_002051,images/n02090379_5827.png,train,n02090379_5827,n02090379
LSEJ_002053,images/n02090379_6216.png,train,n02090379_6216,n02090379
LSEJ_002056,images/n02090622_1643.png,train,n02090622_1643,n02090622
LSEJ_002057,images/n02090622_2154.png,train,n02090622_2154,n02090622
LSEJ_002059,images/n02090622_8374.png,train,n02090622_8374,n02090622
LSEJ_002060,images/n02090622_8806.png,train,n02090622_8806,n02090622
LSEJ_002061,images/n02090622_8903.png,train,n02090622_8903,n02090622
LSEJ_002063,images/n02090721_1720.png,train,n02090721_1720,n02090721
LSEJ_002064,images/n02090721_2946.png,train,n02090721_2946,n02090721
LSEJ_002065,images/n02090721_2952.png,train,n02090721_2952,n02090721
LSEJ_002066,images/n02090721_4377.png,train,n02090721_4377,n02090721
LSEJ_002068,images/n02090721_4984.png,train,n02090721_4984,n02090721
LSEJ_002069,images/n02090721_6420.png,train,n02090721_6420,n02090721
LSEJ_002070,images/n02091032_11118.png,train,n02091032_11118,n02091032
LSEJ_002071,images/n02091032_291.png,train,n02091032_291,n02091032
LSEJ_002072,images/n02091032_522.png,train,n02091032_522,n02091032
LSEJ_002073,images/n02091032_69.png,train,n02091032_69,n02091032
LSEJ_002075,images/n02091134_17124.png,train,n02091134_17124,n02091134
LSEJ_002076,images/n02091134_18524.png,train,n02091134_18524,n02091134
LSEJ_002079,images/n02091134_4620.png,train,n02091134_4620,n02091134
LSEJ_002080,images/n02091134_7327.png,train,n02091134_7327,n02091134
LSEJ_002081,images/n02091134_9508.png,train,n02091134_9508,n02091134
LSEJ_002082,images/n02091244_38.png,train,n02091244_38,n02091244
LSEJ_002083,images/n02091467_3243.png,train,n02091467_3243,n02091467
LSEJ_002085,images/n02091467_5368.png,train,n02091467_5368,n02091467
LSEJ_002086,images/n02091635_10696.png,train,n02091635_10696,n02091635
LSEJ_002087,images/n02091635_11453.png,train,n02091635_11453,n02091635
LSEJ_002089,images/n02091635_12275.png,train,n02091635_12275,n02091635
LSEJ_002090,images/n02091635_1590.png,train,n02091635_1590,n02091635
LSEJ_002092,images/n02091635_5574.png,train,n02091635_5574,n02091635
LSEJ_002093,images/n02091635_5641.png,train,n02091635_5641,n02091635
LSEJ_002095,images/n02091635_6290.png,train,n02091635_6290,n02091635
LSEJ_002096,images/n02091635_6503.png,train,n02091635_6503,n02091635
LSEJ_002097,images/n02091635_6899.png,train,n02091635_6899,n02091635
LSEJ_002099,images/n02091635_7367.png,train,n02091635_7367,n02091635
LSEJ_002100,images/n02091635_7646.png,train,n02091635_7646,n02091635
LSEJ_002101,images/n02091635_7794.png,train,n02091635_7794,n02091635
LSEJ_002102,images/n02091635_9014.png,train,n02091635_9014,n02091635
LSEJ_002103,images/n02091831_13320.png,train,n02091831_13320,n02091831
LSEJ_002105,images/n02091831_2751.png,train,n02091831_2751,n02091831
LSEJ_002106,images/n02091831_3571.png,train,n02091831_3571,n02091831
LSEJ_002107,images/n02091831_8838.png,train,n02091831_8838,n02091831
LSEJ_002108,images/n02092002_10955.png,train,n02092002_10955,n02092002
LSEJ_002109,images/n02092002_6621.png,train,n02092002_6621,n02092002
LSEJ_002110,images/n02092339_14.png,train,n02092339_14,n02092339
LSEJ_002112,images/n02092339_211.png,train,n02092339_211,n02092339
LSEJ_002113,images/n02092339_2326.png,train,n02092339_2326,n02092339
LSEJ_002115,images/n02092339_6725.png,train,n02092339_6725,n02092339
LSEJ_002116,images/n02092339_7407.png,train,n02092339_7407,n02092339
LSEJ_002118,images/n02093256_4340.png,train,n02093256_4340,n02093256
LSEJ_002119,images/n02093256_5949.png,train,n02093256_5949,n02093256
LSEJ_002120,images/n02093256_8560.png,train,n02093256_8560,n02093256
LSEJ_002121,images/n02093256_9832.png,train,n02093256_9832,n02093256
LSEJ_002122,images/n02093428_17997.png,train,n02093428_17997,n02093428
LSEJ_002123,images/n02093428_5350.png,train,n02093428_5350,n02093428
LSEJ_002124,images/n02093428_5443.png,train,n02093428_5443,n02093428
LSEJ_002128,images/n02093647_2255.png,train,n02093647_2255,n02093647
LSEJ_002130,images/n02093647_2743.png,train,n02093647_2743,n02093647
LSEJ_002131,images/n02093647_322.png,train,n02093647_322,n02093647
LSEJ_002132,images/n02093647_326.png,train,n02093647_326,n02093647
LSEJ_002133,images/n02093647_3753.png,train,n02093647_3753,n02093647
LSEJ_002134,images/n02093647_4094.png,train,n02093647_4094,n02093647
LSEJ_002135,images/n02093647_5095.png,train,n02093647_5095,n02093647
LSEJ_002136,images/n02093647_6369.png,train,n02093647_6369,n02093647
LSEJ_002137,images/n02093647_6568.png,train,n02093647_6568,n02093647
LSEJ_002138,images/n02093754_334.png,train,n02093754_334,n02093754
LSEJ_002139,images/n02093754_49.png,train,n02093754_49,n02093754
LSEJ_002140,images/n02093859_1003.png,train,n02093859_1003,n02093859
LSEJ_002141,images/n02093859_1711.png,train,n02093859_1711,n02093859
LSEJ_002142,images/n02093859_1979.png,train,n02093859_1979,n02093859
LSEJ_002143,images/n02093859_2086.png,train,n02093859_2086,n02093859
LSEJ_002145,images/n02093859_3516.png,train,n02093859_3516,n02093859
LSEJ_002147,images/n02093859_3728.png,train,n02093859_3728,n02093859
LSEJ_002148,images/n02093859_3891.png,train,n02093859_3891,n02093859
LSEJ_002150,images/n02093859_4426.png,train,n02093859_4426,n02093859
LSEJ_002152,images/n02093859_5029.png,train,n02093859_5029,n02093859
LSEJ_002153,images/n02093859_5063.png,train,n02093859_5063,n02093859
LSEJ_002154,images/n02093859_5106.png,train,n02093859_5106,n02093859
LSEJ_002155,images/n02093859_738.png,train,n02093859_738,n02093859
LSEJ_002156,images/n02093991_1853.png,train,n02093991_1853,n02093991
LSEJ_002157,images/n02093991_2706.png,train,n02093991_2706,n02093991
LSEJ_002159,images/n02093991_3454.png,train,n02093991_3454,n02093991
LSEJ_002160,images/n02093991_3524.png,train,n02093991_3524,n02093991
LSEJ_002162,images/n02094114_1128.png,train,n02094114_1128,n02094114
LSEJ_002164,images/n02094114_6243.png,train,n02094114_6243,n02094114
LSEJ_002165,images/n02094258_1032.png,train,n02094258_1032,n02094258
LSEJ_002166,images/n02094258_123.png,train,n02094258_123,n02094258
LSEJ_002167,images/n02094258_181.png,train,n02094258_181,n02094258
LSEJ_002168,images/n02094258_2503.png,train,n02094258_2503,n02094258
LSEJ_002169,images/n02094258_2732.png,train,n02094258_2732,n02094258
LSEJ_002171,images/n02094258_343.png,train,n02094258_343,n02094258
LSEJ_002173,images/n02094258_4461.png,train,n02094258_4461,n02094258
LSEJ_002174,images/n02094258_4644.png,train,n02094258_4644,n02094258
LSEJ_002175,images/n02094258_4825.png,train,n02094258_4825,n02094258
LSEJ_002177,images/n02094258_5308.png,train,n02094258_5308,n02094258
LSEJ_002178,images/n02094258_5571.png,train,n02094258_5571,n02094258
LSEJ_002179,images/n02094258_5624.png,train,n02094258_5624,n02094258
LSEJ_002180,images/n02094258_5630.png,train,n02094258_5630,n02094258
LSEJ_002182,images/n02094258_5774.png,train,n02094258_5774,n02094258
LSEJ_002183,images/n02094258_5908.png,train,n02094258_5908,n02094258
LSEJ_002184,images/n02094258_5935.png,train,n02094258_5935,n02094258
LSEJ_002186,images/n02094433_10783.png,train,n02094433_10783,n02094433
LSEJ_002187,images/n02094433_12423.png,train,n02094433_12423,n02094433
LSEJ_002188,images/n02094433_2327.png,train,n02094433_2327,n02094433
LSEJ_002189,images/n02094433_235.png,train,n02094433_235,n02094433
LSEJ_002190,images/n02094433_2427.png,train,n02094433_2427,n02094433
LSEJ_002191,images/n02094433_259.png,train,n02094433_259,n02094433
LSEJ_002193,images/n02094433_4813.png,train,n02094433_4813,n02094433
LSEJ_002195,images/n02094433_634.png,train,n02094433_634,n02094433
LSEJ_002196,images/n02094433_6859.png,train,n02094433_6859,n02094433
LSEJ_002197,images/n02094433_7572.png,train,n02094433_7572,n02094433
LSEJ_002199,images/n02094433_8284.png,train,n02094433_8284,n02094433
LSEJ_002200,images/n02094433_868.png,train,n02094433_868,n02094433
LSEJ_002202,images/n02094433_9196.png,train,n02094433_9196,n02094433
LSEJ_002203,images/n02095314_1662.png,train,n02095314_1662,n02095314
LSEJ_002204,images/n02095314_3935.png,train,n02095314_3935,n02095314
LSEJ_002206,images/n02095314_4249.png,train,n02095314_4249,n02095314
LSEJ_002207,images/n02095314_4346.png,train,n02095314_4346,n02095314
LSEJ_002208,images/n02095314_4417.png,train,n02095314_4417,n02095314
LSEJ_002209,images/n02095314_4662.png,train,n02095314_4662,n02095314
LSEJ_002210,images/n02095314_512.png,train,n02095314_512,n02095314
LSEJ_002213,images/n02095314_6420.png,train,n02095314_6420,n02095314
LSEJ_002214,images/n02095314_6461.png,train,n02095314_6461,n02095314
LSEJ_002215,images/n02095570_1752.png,train,n02095570_1752,n02095570
LSEJ_002216,images/n02095570_2721.png,train,n02095570_2721,n02095570
LSEJ_002218,images/n02095570_6491.png,train,n02095570_6491,n02095570
LSEJ_002219,images/n02095889_15259.png,train,n02095889_15259,n02095889
LSEJ_002220,images/n02095889_16314.png,train,n02095889_16314,n02095889
LSEJ_002221,images/n02095889_16322.png,train,n02095889_16322,n02095889
LSEJ_002223,images/n02095889_6485.png,train,n02095889_6485,n02095889
LSEJ_002225,images/n02095889_7145.png,train,n02095889_7145,n02095889
LSEJ_002226,images/n02095889_7923.png,train,n02095889_7923,n02095889
LSEJ_002227,images/n02095889_8681.png,train,n02095889_8681,n02095889
LSEJ_002228,images/n02095889_9062.png,train,n02095889_9062,n02095889
LSEJ_002229,images/n02095889_9317.png,train,n02095889_9317,n02095889
LSEJ_002231,images/n02095889_9536.png,train,n02095889_9536,n02095889
LSEJ_002232,images/n02096051_1744.png,train,n02096051_1744,n02096051
LSEJ_002235,images/n02096051_5434.png,train,n02096051_5434,n02096051
LSEJ_002236,images/n02096051_7062.png,train,n02096051_7062,n02096051
LSEJ_002237,images/n02096051_8067.png,train,n02096051_8067,n02096051
LSEJ_002238,images/n02096177_4042.png,train,n02096177_4042,n02096177
LSEJ_002239,images/n02096177_4752.png,train,n02096177_4752,n02096177
LSEJ_002240,images/n02096177_6401.png,train,n02096177_6401,n02096177
LSEJ_002241,images/n02096177_8373.png,train,n02096177_8373,n02096177
LSEJ_002244,images/n02096294_4135.png,train,n02096294_4135,n02096294
LSEJ_002245,images/n02096294_4892.png,train,n02096294_4892,n02096294
LSEJ_002246,images/n02096294_5039.png,train,n02096294_5039,n02096294
LSEJ_002247,images/n02096294_5308.png,train,n02096294_5308,n02096294
LSEJ_002248,images/n02096294_8318.png,train,n02096294_8318,n02096294
LSEJ_002249,images/n02096294_9396.png,train,n02096294_9396,n02096294
LSEJ_002250,images/n02096294_9402.png,train,n02096294_9402,n02096294
LSEJ_002253,images/n02096437_1733.png,train,n02096437_1733,n02096437
LSEJ_002254,images/n02096437_4672.png,train,n02096437_4672,n02096437
LSEJ_002255,images/n02096437_4915.png,train,n02096437_4915,n02096437
LSEJ_002256,images/n02096437_5166.png,train,n02096437_5166,n02096437
LSEJ_002257,images/n02096437_6074.png,train,n02096437_6074,n02096437
LSEJ_002259,images/n02096437_6638.png,train,n02096437_6638,n02096437
LSEJ_002260,images/n02096437_6759.png,train,n02096437_6759,n02096437
LSEJ_002262,images/n02096585_12790.png,train,n02096585_12790,n02096585
LSEJ_002263,images/n02096585_2384.png,train,n02096585_2384,n02096585
LSEJ_002264,images/n02096585_3550.png,train,n02096585_3550,n02096585
LSEJ_002266,images/n02096585_8879.png,train,n02096585_8879,n02096585
LSEJ_002267,images/n02097047_1925.png,train,n02097047_1925,n02097047
LSEJ_002268,images/n02097047_2247.png,train,n02097047_2247,n02097047
LSEJ_002269,images/n02097047_2647.png,train,n02097047_2647,n02097047
LSEJ_002270,images/n02097047_290.png,train,n02097047_290,n02097047
LSEJ_002272,images/n02097047_511.png,train,n02097047_511,n02097047
LSEJ_002273,images/n02097047_6788.png,train,n02097047_6788,n02097047
LSEJ_002275,images/n02097047_836.png,train,n02097047_836,n02097047
LSEJ_002276,images/n02097130_1137.png,train,n02097130_1137,n02097130
LSEJ_002277,images/n02097130_1940.png,train,n02097130_1940,n02097130
LSEJ_002278,images/n02097130_2852.png,train,n02097130_2852,n02097130
LSEJ_002279,images/n02097130_3059.png,train,n02097130_3059,n02097130
LSEJ_002280,images/n02097130_4069.png,train,n02097130_4069,n02097130
LSEJ_002281,images/n02097130_4409.png,train,n02097130_4409,n02097130
LSEJ_002282,images/n02097130_4577.png,train,n02097130_4577,n02097130
LSEJ_002285,images/n02097209_12.png,train,n02097209_12,n02097209
LSEJ_002286,images/n02097209_1342.png,train,n02097209_1342,n02097209
LSEJ_002288,images/n02097209_1722.png,train,n02097209_1722,n02097209
LSEJ_002289,images/n02097209_1763.png,train,n02097209_1763,n02097209
LSEJ_002290,images/n02097209_1878.png,train,n02097209_1878,n02097209
LSEJ_002292,images/n02097209_3393.png,train,n02097209_3393,n02097209
LSEJ_002293,images/n02097209_3951.png,train,n02097209_3951,n02097209
LSEJ_002294,images/n02097209_5260.png,train,n02097209_5260,n02097209
LSEJ_002295,images/n02097209_5555.png,train,n02097209_5555,n02097209
LSEJ_002298,images/n02097209_6455.png,train,n02097209_6455,n02097209
LSEJ_002299,images/n02097209_6541.png,train,n02097209_6541,n02097209
LSEJ_002300,images/n02097209_773.png,train,n02097209_773,n02097209
LSEJ_002301,images/n02097298_15905.png,train,n02097298_15905,n02097298
LSEJ_002302,images/n02097298_7010.png,train,n02097298_7010,n02097298
LSEJ_002303,images/n02097474_10297.png,train,n02097474_10297,n02097474
LSEJ_002304,images/n02097474_1861.png,train,n02097474_1861,n02097474
LSEJ_002306,images/n02098105_1646.png,train,n02098105_1646,n02098105
LSEJ_002307,images/n02098105_2668.png,train,n02098105_2668,n02098105
LSEJ_002308,images/n02098105_3045.png,train,n02098105_3045,n02098105
LSEJ_002310,images/n02098105_33.png,train,n02098105_33,n02098105
LSEJ_002312,images/n02098105_370.png,train,n02098105_370,n02098105
LSEJ_002313,images/n02098105_4155.png,train,n02098105_4155,n02098105
LSEJ_002314,images/n02098105_421.png,train,n02098105_421,n02098105
LSEJ_002315,images/n02098286_1170.png,train,n02098286_1170,n02098286
LSEJ_002316,images/n02098286_2065.png,train,n02098286_2065,n02098286
LSEJ_002317,images/n02098286_2804.png,train,n02098286_2804,n02098286
LSEJ_002318,images/n02098286_5493.png,train,n02098286_5493,n02098286
LSEJ_002320,images/n02098413_10726.png,train,n02098413_10726,n02098413
LSEJ_002321,images/n02098413_10889.png,train,n02098413_10889,n02098413
LSEJ_002322,images/n02098413_14490.png,train,n02098413_14490,n02098413
LSEJ_002323,images/n02098413_17190.png,train,n02098413_17190,n02098413
LSEJ_002324,images/n02098413_18247.png,train,n02098413_18247,n02098413
LSEJ_002325,images/n02098413_2557.png,train,n02098413_2557,n02098413
LSEJ_002326,images/n02098413_2756.png,train,n02098413_2756,n02098413
LSEJ_002330,images/n02099267_1281.png,train,n02099267_1281,n02099267
LSEJ_002331,images/n02099267_1527.png,train,n02099267_1527,n02099267
LSEJ_002332,images/n02099267_1575.png,train,n02099267_1575,n02099267
LSEJ_002334,images/n02099267_3229.png,train,n02099267_3229,n02099267
LSEJ_002335,images/n02099267_352.png,train,n02099267_352,n02099267
LSEJ_002336,images/n02099267_4941.png,train,n02099267_4941,n02099267
LSEJ_002339,images/n02099267_756.png,train,n02099267_756,n02099267
LSEJ_002340,images/n02099267_905.png,train,n02099267_905,n02099267
LSEJ_002341,images/n02099429_3551.png,train,n02099429_3551,n02099429
LSEJ_002342,images/n02099429_3626.png,train,n02099429_3626,n02099429
LSEJ_002343,images/n02099429_3715.png,train,n02099429_3715,n02099429
LSEJ_002344,images/n02099429_3899.png,train,n02099429_3899,n02099429
LSEJ_002345,images/n02099429_3922.png,train,n02099429_3922,n02099429
LSEJ_002346,images/n02099429_3957.png,train,n02099429_3957,n02099429
LSEJ_002347,images/n02099429_4225.png,train,n02099429_4225,n02099429
LSEJ_002348,images/n02099429_4403.png,train,n02099429_4403,n02099429
LSEJ_002349,images/n02099429_4886.png,train,n02099429_4886,n02099429
LSEJ_002352,images/n02099429_5103.png,train,n02099429_5103,n02099429
LSEJ_002354,images/n02099429_5840.png,train,n02099429_5840,n02099429
LSEJ_002355,images/n02099601_1242.png,train,n02099601_1242,n02099601
LSEJ_002356,images/n02099601_2315.png,train,n02099601_2315,n02099601
LSEJ_002357,images/n02099601_3736.png,train,n02099601_3736,n02099601
LSEJ_002358,images/n02099601_3828.png,train,n02099601_3828,n02099601
LSEJ_002359,images/n02099601_4313.png,train,n02099601_4313,n02099601
LSEJ_002362,images/n02099601_4654.png,train,n02099601_4654,n02099601
LSEJ_002363,images/n02099601_5981.png,train,n02099601_5981,n02099601
LSEJ_002364,images/n02099601_6176.png,train,n02099601_6176,n02099601
LSEJ_002365,images/n02099601_6387.png,train,n02099601_6387,n02099601
LSEJ_002366,images/n02099601_6495.png,train,n02099601_6495,n02099601
LSEJ_002368,images/n02099601_8346.png,train,n02099601_8346,n02099601
LSEJ_002369,images/n02099712_2123.png,train,n02099712_2123,n02099712
LSEJ_002370,images/n02099712_2222.png,train,n02099712_2222,n02099712
LSEJ_002371,images/n02099712_4218.png,train,n02099712_4218,n02099712
LSEJ_002372,images/n02099712_4494.png,train,n02099712_4494,n02099712
LSEJ_002374,images/n02099712_6234.png,train,n02099712_6234,n02099712
LSEJ_002376,images/n02099849_1020.png,train,n02099849_1020,n02099849
LSEJ_002377,images/n02099849_579.png,train,n02099849_579,n02099849
LSEJ_002378,images/n02100236_10150.png,train,n02100236_10150,n02100236
LSEJ_002379,images/n02100236_10323.png,train,n02100236_10323,n02100236
LSEJ_002380,images/n02100236_11126.png,train,n02100236_11126,n02100236
LSEJ_002381,images/n02100236_11398.png,train,n02100236_11398,n02100236
LSEJ_002383,images/n02100236_3454.png,train,n02100236_3454,n02100236
LSEJ_002385,images/n02100236_5674.png,train,n02100236_5674,n02100236
LSEJ_002386,images/n02100236_6337.png,train,n02100236_6337,n02100236
LSEJ_002387,images/n02100236_6445.png,train,n02100236_6445,n02100236
LSEJ_002390,images/n02100236_7033.png,train,n02100236_7033,n02100236
LSEJ_002391,images/n02100236_7340.png,train,n02100236_7340,n02100236
LSEJ_002392,images/n02100236_7553.png,train,n02100236_7553,n02100236
LSEJ_002393,images/n02100236_804.png,train,n02100236_804,n02100236
LSEJ_002394,images/n02100236_8176.png,train,n02100236_8176,n02100236
LSEJ_002396,images/n02100236_8794.png,train,n02100236_8794,n02100236
LSEJ_002397,images/n02100236_8870.png,train,n02100236_8870,n02100236
LSEJ_002398,images/n02100236_9047.png,train,n02100236_9047,n02100236
LSEJ_002399,images/n02100236_9196.png,train,n02100236_9196,n02100236
LSEJ_002400,images/n02100236_9272.png,train,n02100236_9272,n02100236
LSEJ_002402,images/n02100583_10085.png,train,n02100583_10085,n02100583
LSEJ_002403,images/n02100583_13300.png,train,n02100583_13300,n02100583
LSEJ_002405,images/n02100583_1522.png,train,n02100583_1522,n02100583
LSEJ_002406,images/n02100583_1843.png,train,n02100583_1843,n02100583
LSEJ_002407,images/n02100583_2132.png,train,n02100583_2132,n02100583
LSEJ_002409,images/n02100583_22960.png,train,n02100583_22960,n02100583
LSEJ_002410,images/n02100583_2521.png,train,n02100583_2521,n02100583
LSEJ_002412,images/n02100583_3081.png,train,n02100583_3081,n02100583
LSEJ_002414,images/n02100583_547.png,train,n02100583_547,n02100583
LSEJ_002415,images/n02100583_706.png,train,n02100583_706,n02100583
LSEJ_002416,images/n02100583_7626.png,train,n02100583_7626,n02100583
LSEJ_002417,images/n02100735_11708.png,train,n02100735_11708,n02100735
LSEJ_002418,images/n02100735_12077.png,train,n02100735_12077,n02100735
LSEJ_002420,images/n02100735_2375.png,train,n02100735_2375,n02100735
LSEJ_002421,images/n02100735_3387.png,train,n02100735_3387,n02100735
LSEJ_002423,images/n02100735_6965.png,train,n02100735_6965,n02100735
LSEJ_002425,images/n02100877_14113.png,train,n02100877_14113,n02100877
LSEJ_002426,images/n02100877_1952.png,train,n02100877_1952,n02100877
LSEJ_002427,images/n02100877_2338.png,train,n02100877_2338,n02100877
LSEJ_002428,images/n02100877_341.png,train,n02100877_341,n02100877
LSEJ_002429,images/n02100877_3694.png,train,n02100877_3694,n02100877
LSEJ_002430,images/n02100877_3973.png,train,n02100877_3973,n02100877
LSEJ_002432,images/n02100877_8595.png,train,n02100877_8595,n02100877
LSEJ_002433,images/n02100877_9375.png,train,n02100877_9375,n02100877
LSEJ_002435,images/n02101006_152.png,train,n02101006_152,n02101006
LSEJ_002436,images/n02101006_1779.png,train,n02101006_1779,n02101006
LSEJ_002438,images/n02101006_1929.png,train,n02101006_1929,n02101006
LSEJ_002439,images/n02101006_2353.png,train,n02101006_2353,n02101006
LSEJ_002440,images/n02101006_3838.png,train,n02101006_3838,n02101006
LSEJ_002441,images/n02101006_4223.png,train,n02101006_4223,n02101006
LSEJ_002443,images/n02101006_5421.png,train,n02101006_5421,n02101006
LSEJ_002445,images/n02101006_7697.png,train,n02101006_7697,n02101006
LSEJ_002446,images/n02101006_800.png,train,n02101006_800,n02101006
LSEJ_002447,images/n02101006_8522.png,train,n02101006_8522,n02101006
LSEJ_002449,images/n02101388_11877.png,train,n02101388_11877,n02101388
LSEJ_002450,images/n02101388_3086.png,train,n02101388_3086,n02101388
LSEJ_002452,images/n02101388_4240.png,train,n02101388_4240,n02101388
LSEJ_002453,images/n02101388_4425.png,train,n02101388_4425,n02101388
LSEJ_002454,images/n02101388_4809.png,train,n02101388_4809,n02101388
LSEJ_002456,images/n02101388_552.png,train,n02101388_552,n02101388
LSEJ_002457,images/n02101388_7602.png,train,n02101388_7602,n02101388
LSEJ_002458,images/n02101388_8857.png,train,n02101388_8857,n02101388
LSEJ_002459,images/n02101388_9984.png,train,n02101388_9984,n02101388
LSEJ_002460,images/n02101556_1679.png,train,n02101556_1679,n02101556
LSEJ_002461,images/n02101556_1859.png,train,n02101556_1859,n02101556
LSEJ_002462,images/n02101556_5125.png,train,n02101556_5125,n02101556
LSEJ_002463,images/n02101556_5243.png,train,n02101556_5243,n02101556
LSEJ_002464,images/n02101556_6079.png,train,n02101556_6079,n02101556
LSEJ_002467,images/n02102040_1703.png,train,n02102040_1703,n02102040
LSEJ_002468,images/n02102040_2377.png,train,n02102040_2377,n02102040
LSEJ_002470,images/n02102040_5553.png,train,n02102040_5553,n02102040
LSEJ_002472,images/n02102040_867.png,train,n02102040_867,n02102040
LSEJ_002473,images/n02102177_1127.png,train,n02102177_1127,n02102177
LSEJ_002474,images/n02102177_1312.png,train,n02102177_1312,n02102177
LSEJ_002476,images/n02102177_1964.png,train,n02102177_1964,n02102177
LSEJ_002477,images/n02102177_2172.png,train,n02102177_2172,n02102177
LSEJ_002479,images/n02102177_2473.png,train,n02102177_2473,n02102177
LSEJ_002481,images/n02102177_4180.png,train,n02102177_4180,n02102177
LSEJ_002482,images/n02102177_654.png,train,n02102177_654,n02102177
LSEJ_002483,images/n02102318_11719.png,train,n02102318_11719,n02102318
LSEJ_002484,images/n02102318_13567.png,train,n02102318_13567,n02102318
LSEJ_002485,images/n02102318_13818.png,train,n02102318_13818,n02102318
LSEJ_002488,images/n02102318_3395.png,train,n02102318_3395,n02102318
LSEJ_002489,images/n02102480_10148.png,train,n02102480_10148,n02102480
LSEJ_002490,images/n02102480_10177.png,train,n02102480_10177,n02102480
LSEJ_002491,images/n02102480_10558.png,train,n02102480_10558,n02102480
LSEJ_002494,images/n02102480_2132.png,train,n02102480_2132,n02102480
LSEJ_002495,images/n02102480_303.png,train,n02102480_303,n02102480
LSEJ_002496,images/n02102480_3679.png,train,n02102480_3679,n02102480
LSEJ_002498,images/n02102480_5968.png,train,n02102480_5968,n02102480
LSEJ_002499,images/n02102480_7189.png,train,n02102480_7189,n02102480
LSEJ_002500,images/n02102480_7360.png,train,n02102480_7360,n02102480
LSEJ_002501,images/n02102480_8541.png,train,n02102480_8541,n02102480
LSEJ_002502,images/n02102973_102.png,train,n02102973_102,n02102973
LSEJ_002504,images/n02102973_1654.png,train,n02102973_1654,n02102973
LSEJ_002505,images/n02102973_1868.png,train,n02102973_1868,n02102973
LSEJ_002507,images/n02102973_2451.png,train,n02102973_2451,n02102973
LSEJ_002508,images/n02102973_270.png,train,n02102973_270,n02102973
LSEJ_002509,images/n02102973_2813.png,train,n02102973_2813,n02102973
LSEJ_002512,images/n02102973_5032.png,train,n02102973_5032,n02102973
LSEJ_002513,images/n02102973_5491.png,train,n02102973_5491,n02102973
LSEJ_002514,images/n02102973_5810.png,train,n02102973_5810,n02102973
LSEJ_002515,images/n02102973_6678.png,train,n02102973_6678,n02102973
LSEJ_002516,images/n02102973_7839.png,train,n02102973_7839,n02102973
LSEJ_002517,images/n02102973_942.png,train,n02102973_942,n02102973
LSEJ_002518,images/n02104029_12.png,train,n02104029_12,n02104029
LSEJ_002519,images/n02104029_1645.png,train,n02104029_1645,n02104029
LSEJ_002520,images/n02104029_19.png,train,n02104029_19,n02104029
LSEJ_002521,images/n02104029_200.png,train,n02104029_200,n02104029
LSEJ_002522,images/n02104029_2011.png,train,n02104029_2011,n02104029
LSEJ_002523,images/n02104029_209.png,train,n02104029_209,n02104029
LSEJ_002525,images/n02104029_3787.png,train,n02104029_3787,n02104029
LSEJ_002527,images/n02104029_4840.png,train,n02104029_4840,n02104029
LSEJ_002528,images/n02104029_506.png,train,n02104029_506,n02104029
LSEJ_002530,images/n02104029_5216.png,train,n02104029_5216,n02104029
LSEJ_002531,images/n02104029_5487.png,train,n02104029_5487,n02104029
LSEJ_002534,images/n02104029_6525.png,train,n02104029_6525,n02104029
LSEJ_002536,images/n02104029_7121.png,train,n02104029_7121,n02104029
LSEJ_002537,images/n02104029_7405.png,train,n02104029_7405,n02104029
LSEJ_002538,images/n02104029_7659.png,train,n02104029_7659,n02104029
LSEJ_002539,images/n02104029_8154.png,train,n02104029_8154,n02104029
LSEJ_002541,images/n02104365_1325.png,train,n02104365_1325,n02104365
LSEJ_002542,images/n02104365_1404.png,train,n02104365_1404,n02104365
LSEJ_002543,images/n02104365_1643.png,train,n02104365_1643,n02104365
LSEJ_002544,images/n02104365_1814.png,train,n02104365_1814,n02104365
LSEJ_002545,images/n02104365_2578.png,train,n02104365_2578,n02104365
LSEJ_002548,images/n02105056_1572.png,train,n02105056_1572,n02105056
LSEJ_002549,images/n02105056_2002.png,train,n02105056_2002,n02105056
LSEJ_002553,images/n02105056_2989.png,train,n02105056_2989,n02105056
LSEJ_002554,images/n02105056_370.png,train,n02105056_370,n02105056
LSEJ_002555,images/n02105056_3711.png,train,n02105056_3711,n02105056
LSEJ_002556,images/n02105056_4129.png,train,n02105056_4129,n02105056
LSEJ_002557,images/n02105056_4236.png,train,n02105056_4236,n02105056
LSEJ_002558,images/n02105056_4437.png,train,n02105056_4437,n02105056
LSEJ_002559,images/n02105056_4518.png,train,n02105056_4518,n02105056
LSEJ_002561,images/n02105056_5040.png,train,n02105056_5040,n02105056
LSEJ_002562,images/n02105056_5164.png,train,n02105056_5164,n02105056
LSEJ_002563,images/n02105056_59.png,train,n02105056_59,n02105056
LSEJ_002565,images/n02105056_6471.png,train,n02105056_6471,n02105056
LSEJ_002566,images/n02105056_6718.png,train,n02105056_6718,n02105056
LSEJ_002567,images/n02105056_6761.png,train,n02105056_6761,n02105056
LSEJ_002568,images/n02105056_7187.png,train,n02105056_7187,n02105056
LSEJ_002569,images/n02105162_10271.png,train,n02105162_10271,n02105162
LSEJ_002571,images/n02105162_10749.png,train,n02105162_10749,n02105162
LSEJ_002572,images/n02105162_1397.png,train,n02105162_1397,n02105162
LSEJ_002573,images/n02105162_2093.png,train,n02105162_2093,n02105162
LSEJ_002575,images/n02105162_237.png,train,n02105162_237,n02105162
LSEJ_002576,images/n02105162_2883.png,train,n02105162_2883,n02105162
LSEJ_002577,images/n02105162_2904.png,train,n02105162_2904,n02105162
LSEJ_002578,images/n02105162_2998.png,train,n02105162_2998,n02105162
LSEJ_002579,images/n02105162_3194.png,train,n02105162_3194,n02105162
LSEJ_002580,images/n02105162_3441.png,train,n02105162_3441,n02105162
LSEJ_002582,images/n02105162_4124.png,train,n02105162_4124,n02105162
LSEJ_002583,images/n02105162_4715.png,train,n02105162_4715,n02105162
LSEJ_002585,images/n02105162_6025.png,train,n02105162_6025,n02105162
LSEJ_002586,images/n02105162_6114.png,train,n02105162_6114,n02105162
LSEJ_002587,images/n02105162_6137.png,train,n02105162_6137,n02105162
LSEJ_002589,images/n02105251_8043.png,train,n02105251_8043,n02105251
LSEJ_002590,images/n02105412_1872.png,train,n02105412_1872,n02105412
LSEJ_002591,images/n02105412_1960.png,train,n02105412_1960,n02105412
LSEJ_002593,images/n02105412_7228.png,train,n02105412_7228,n02105412
LSEJ_002594,images/n02105505_1166.png,train,n02105505_1166,n02105505
LSEJ_002595,images/n02105505_2251.png,train,n02105505_2251,n02105505
LSEJ_002597,images/n02105505_4118.png,train,n02105505_4118,n02105505
LSEJ_002598,images/n02105505_4915.png,train,n02105505_4915,n02105505
LSEJ_002600,images/n02105505_5283.png,train,n02105505_5283,n02105505
LSEJ_002602,images/n02105505_5595.png,train,n02105505_5595,n02105505
LSEJ_002603,images/n02105505_6040.png,train,n02105505_6040,n02105505
LSEJ_002604,images/n02105505_6304.png,train,n02105505_6304,n02105505
LSEJ_002606,images/n02105505_697.png,train,n02105505_697,n02105505
LSEJ_002607,images/n02105505_7816.png,train,n02105505_7816,n02105505
LSEJ_002608,images/n02105505_7996.png,train,n02105505_7996,n02105505
LSEJ_002609,images/n02105641_10600.png,train,n02105641_10600,n02105641
LSEJ_002610,images/n02105641_12348.png,train,n02105641_12348,n02105641
LSEJ_002611,images/n02105641_13131.png,train,n02105641_13131,n02105641
LSEJ_002614,images/n02105641_68.png,train,n02105641_68,n02105641
LSEJ_002616,images/n02105855_15846.png,train,n02105855_15846,n02105855
LSEJ_002617,images/n02105855_16099.png,train,n02105855_16099,n02105855
LSEJ_002618,images/n02105855_4154.png,train,n02105855_4154,n02105855
LSEJ_002619,images/n02106030_1402.png,train,n02106030_1402,n02106030
LSEJ_002620,images/n02106030_14692.png,train,n02106030_14692,n02106030
LSEJ_002621,images/n02106030_15461.png,train,n02106030_15461,n02106030
LSEJ_002623,images/n02106030_4776.png,train,n02106030_4776,n02106030
LSEJ_002624,images/n02106166_11537.png,train,n02106166_11537,n02106166
LSEJ_002625,images/n02106166_1990.png,train,n02106166_1990,n02106166
LSEJ_002626,images/n02106166_2244.png,train,n02106166_2244,n02106166
LSEJ_002629,images/n02106166_4455.png,train,n02106166_4455,n02106166
LSEJ_002631,images/n02106166_5093.png,train,n02106166_5093,n02106166
LSEJ_002632,images/n02106166_8649.png,train,n02106166_8649,n02106166
LSEJ_002633,images/n02106166_9199.png,train,n02106166_9199,n02106166
LSEJ_002634,images/n02106382_1316.png,train,n02106382_1316,n02106382
LSEJ_002636,images/n02106382_1360.png,train,n02106382_1360,n02106382
LSEJ_002637,images/n02106382_1418.png,train,n02106382_1418,n02106382
LSEJ_002638,images/n02106382_1537.png,train,n02106382_1537,n02106382
LSEJ_002639,images/n02106382_1673.png,train,n02106382_1673,n02106382
LSEJ_002640,images/n02106382_16973.png,train,n02106382_16973,n02106382
LSEJ_002643,images/n02106382_234.png,train,n02106382_234,n02106382
LSEJ_002646,images/n02106382_4143.png,train,n02106382_4143,n02106382
LSEJ_002647,images/n02106382_5270.png,train,n02106382_5270,n02106382
LSEJ_002648,images/n02106382_530.png,train,n02106382_530,n02106382
LSEJ_002649,images/n02106382_728.png,train,n02106382_728,n02106382
LSEJ_002650,images/n02106382_7888.png,train,n02106382_7888,n02106382
LSEJ_002651,images/n02106382_9490.png,train,n02106382_9490,n02106382
LSEJ_002652,images/n02106382_9909.png,train,n02106382_9909,n02106382
LSEJ_002653,images/n02106550_1156.png,train,n02106550_1156,n02106550
LSEJ_002654,images/n02106550_1210.png,train,n02106550_1210,n02106550
LSEJ_002657,images/n02106550_3887.png,train,n02106550_3887,n02106550
LSEJ_002658,images/n02106550_6597.png,train,n02106550_6597,n02106550
LSEJ_002659,images/n02106550_702.png,train,n02106550_702,n02106550
LSEJ_002660,images/n02106550_8761.png,train,n02106550_8761,n02106550
LSEJ_002661,images/n02106550_8927.png,train,n02106550_8927,n02106550
LSEJ_002662,images/n02106662_11311.png,train,n02106662_11311,n02106662
LSEJ_002663,images/n02106662_11645.png,train,n02106662_11645,n02106662
LSEJ_002664,images/n02106662_1261.png,train,n02106662_1261,n02106662
LSEJ_002665,images/n02106662_18065.png,train,n02106662_18065,n02106662
LSEJ_002666,images/n02106662_22245.png,train,n02106662_22245,n02106662
LSEJ_002667,images/n02106662_23030.png,train,n02106662_23030,n02106662
LSEJ_002668,images/n02106662_25141.png,train,n02106662_25141,n02106662
LSEJ_002669,images/n02106662_2557.png,train,n02106662_2557,n02106662
LSEJ_002671,images/n02106662_466.png,train,n02106662_466,n02106662
LSEJ_002673,images/n02106662_57479.png,train,n02106662_57479,n02106662
LSEJ_002675,images/n02106662_7501.png,train,n02106662_7501,n02106662
LSEJ_002677,images/n02107142_10261.png,train,n02107142_10261,n02107142
LSEJ_002679,images/n02107142_14784.png,train,n02107142_14784,n02107142
LSEJ_002680,images/n02107142_18343.png,train,n02107142_18343,n02107142
LSEJ_002681,images/n02107142_19093.png,train,n02107142_19093,n02107142
LSEJ_002682,images/n02107142_19174.png,train,n02107142_19174,n02107142
LSEJ_002684,images/n02107142_20037.png,train,n02107142_20037,n02107142
LSEJ_002685,images/n02107142_20924.png,train,n02107142_20924,n02107142
LSEJ_002687,images/n02107142_22478.png,train,n02107142_22478,n02107142
LSEJ_002688,images/n02107142_30934.png,train,n02107142_30934,n02107142
LSEJ_002689,images/n02107142_3283.png,train,n02107142_3283,n02107142
LSEJ_002690,images/n02107142_33582.png,train,n02107142_33582,n02107142
LSEJ_002691,images/n02107142_34238.png,train,n02107142_34238,n02107142
LSEJ_002692,images/n02107142_582.png,train,n02107142_582,n02107142
LSEJ_002695,images/n02107142_8331.png,train,n02107142_8331,n02107142
LSEJ_002697,images/n02107312_1803.png,train,n02107312_1803,n02107312
LSEJ_002698,images/n02107312_653.png,train,n02107312_653,n02107312
LSEJ_002699,images/n02107574_1166.png,train,n02107574_1166,n02107574
LSEJ_002700,images/n02107574_177.png,train,n02107574_177,n02107574
LSEJ_002702,images/n02107574_2269.png,train,n02107574_2269,n02107574
LSEJ_002704,images/n02107574_2910.png,train,n02107574_2910,n02107574
LSEJ_002705,images/n02107574_2934.png,train,n02107574_2934,n02107574
LSEJ_002706,images/n02107574_749.png,train,n02107574_749,n02107574
LSEJ_002707,images/n02107683_1326.png,train,n02107683_1326,n02107683
LSEJ_002708,images/n02107683_3381.png,train,n02107683_3381,n02107683
LSEJ_002710,images/n02107683_4182.png,train,n02107683_4182,n02107683
LSEJ_002712,images/n02107908_10094.png,train,n02107908_10094,n02107908
LSEJ_002714,images/n02107908_10153.png,train,n02107908_10153,n02107908
LSEJ_002715,images/n02107908_10193.png,train,n02107908_10193,n02107908
LSEJ_002716,images/n02107908_10552.png,train,n02107908_10552,n02107908
LSEJ_002718,images/n02107908_11070.png,train,n02107908_11070,n02107908
LSEJ_002719,images/n02107908_11187.png,train,n02107908_11187,n02107908
LSEJ_002720,images/n02107908_11245.png,train,n02107908_11245,n02107908
LSEJ_002721,images/n02107908_11520.png,train,n02107908_11520,n02107908
LSEJ_002722,images/n02107908_11547.png,train,n02107908_11547,n02107908
LSEJ_002723,images/n02107908_11573.png,train,n02107908_11573,n02107908
LSEJ_002724,images/n02107908_12135.png,train,n02107908_12135,n02107908
LSEJ_002725,images/n02107908_12479.png,train,n02107908_12479,n02107908
LSEJ_002726,images/n02107908_1389.png,train,n02107908_1389,n02107908
LSEJ_002728,images/n02107908_4536.png,train,n02107908_4536,n02107908
LSEJ_002730,images/n02107908_5786.png,train,n02107908_5786,n02107908
LSEJ_002731,images/n02107908_5948.png,train,n02107908_5948,n02107908
LSEJ_002732,images/n02107908_6797.png,train,n02107908_6797,n02107908
LSEJ_002733,images/n02107908_6835.png,train,n02107908_6835,n02107908
LSEJ_002735,images/n02107908_7691.png,train,n02107908_7691,n02107908
LSEJ_002738,images/n02107908_9457.png,train,n02107908_9457,n02107908
LSEJ_002739,images/n02107908_9591.png,train,n02107908_9591,n02107908
LSEJ_002740,images/n02107908_9627.png,train,n02107908_9627,n02107908
LSEJ_002741,images/n02107908_9744.png,train,n02107908_9744,n02107908
LSEJ_002742,images/n02107908_9786.png,train,n02107908_9786,n02107908
LSEJ_002743,images/n02107908_9983.png,train,n02107908_9983,n02107908
LSEJ_002744,images/n02108000_1885.png,train,n02108000_1885,n02108000
LSEJ_002745,images/n02108000_2017.png,train,n02108000_2017,n02108000
LSEJ_002747,images/n02108000_3040.png,train,n02108000_3040,n02108000
LSEJ_002748,images/n02108000_3296.png,train,n02108000_3296,n02108000
LSEJ_002750,images/n02108000_487.png,train,n02108000_487,n02108000
LSEJ_002751,images/n02108089_10253.png,train,n02108089_10253,n02108089
LSEJ_002753,images/n02108089_16722.png,train,n02108089_16722,n02108089
LSEJ_002754,images/n02108089_18496.png,train,n02108089_18496,n02108089
LSEJ_002756,images/n02108089_2664.png,train,n02108089_2664,n02108089
LSEJ_002757,images/n02108089_915.png,train,n02108089_915,n02108089
LSEJ_002758,images/n02108422_1371.png,train,n02108422_1371,n02108422
LSEJ_002759,images/n02108422_2099.png,train,n02108422_2099,n02108422
LSEJ_002760,images/n02108422_2812.png,train,n02108422_2812,n02108422
LSEJ_002762,images/n02108422_3408.png,train,n02108422_3408,n02108422
LSEJ_002764,images/n02108422_5062.png,train,n02108422_5062,n02108422
LSEJ_002765,images/n02108551_1155.png,train,n02108551_1155,n02108551
LSEJ_002767,images/n02108551_12414.png,train,n02108551_12414,n02108551
LSEJ_002769,images/n02108551_294.png,train,n02108551_294,n02108551
LSEJ_002770,images/n02108551_5830.png,train,n02108551_5830,n02108551
LSEJ_002771,images/n02108551_8505.png,train,n02108551_8505,n02108551
LSEJ_002772,images/n02108551_8910.png,train,n02108551_8910,n02108551
LSEJ_002775,images/n02108915_1331.png,train,n02108915_1331,n02108915
LSEJ_002776,images/n02108915_2512.png,train,n02108915_2512,n02108915
LSEJ_002777,images/n02108915_3821.png,train,n02108915_3821,n02108915
LSEJ_002778,images/n02108915_4586.png,train,n02108915_4586,n02108915
LSEJ_002779,images/n02108915_5407.png,train,n02108915_5407,n02108915
LSEJ_002780,images/n02108915_6177.png,train,n02108915_6177,n02108915
LSEJ_002781,images/n02108915_6535.png,train,n02108915_6535,n02108915
LSEJ_002782,images/n02108915_6961.png,train,n02108915_6961,n02108915
LSEJ_002783,images/n02108915_9164.png,train,n02108915_9164,n02108915
LSEJ_002785,images/n02108915_932.png,train,n02108915_932,n02108915
LSEJ_002787,images/n02109047_19250.png,train,n02109047_19250,n02109047
LSEJ_002788,images/n02109047_19775.png,train,n02109047_19775,n02109047
LSEJ_002790,images/n02109047_20854.png,train,n02109047_20854,n02109047
LSEJ_002791,images/n02109047_20903.png,train,n02109047_20903,n02109047
LSEJ_002793,images/n02109047_28208.png,train,n02109047_28208,n02109047
LSEJ_002794,images/n02109047_31117.png,train,n02109047_31117,n02109047
LSEJ_002795,images/n02109047_4586.png,train,n02109047_4586,n02109047
LSEJ_002796,images/n02109047_4635.png,train,n02109047_4635,n02109047
LSEJ_002797,images/n02109047_6333.png,train,n02109047_6333,n02109047
LSEJ_002798,images/n02109525_10548.png,train,n02109525_10548,n02109525
LSEJ_002799,images/n02109525_1660.png,train,n02109525_1660,n02109525
LSEJ_002800,images/n02109525_21478.png,train,n02109525_21478,n02109525
LSEJ_002802,images/n02109525_27386.png,train,n02109525_27386,n02109525
LSEJ_002804,images/n02109525_347.png,train,n02109525_347,n02109525
LSEJ_002805,images/n02109525_40228.png,train,n02109525_40228,n02109525
LSEJ_002806,images/n02109525_40779.png,train,n02109525_40779,n02109525
LSEJ_002808,images/n02109525_6130.png,train,n02109525_6130,n02109525
LSEJ_002810,images/n02109961_1239.png,train,n02109961_1239,n02109961
LSEJ_002811,images/n02109961_13250.png,train,n02109961_13250,n02109961
LSEJ_002812,images/n02109961_16961.png,train,n02109961_16961,n02109961
LSEJ_002814,images/n02109961_21863.png,train,n02109961_21863,n02109961
LSEJ_002815,images/n02109961_23276.png,train,n02109961_23276,n02109961
LSEJ_002816,images/n02109961_2958.png,train,n02109961_2958,n02109961
LSEJ_002818,images/n02110063_11978.png,train,n02110063_11978,n02110063
LSEJ_002819,images/n02110063_14564.png,train,n02110063_14564,n02110063
LSEJ_002820,images/n02110063_16866.png,train,n02110063_16866,n02110063
LSEJ_002821,images/n02110063_18996.png,train,n02110063_18996,n02110063
LSEJ_002822,images/n02110063_19328.png,train,n02110063_19328,n02110063
LSEJ_002823,images/n02110063_255.png,train,n02110063_255,n02110063
LSEJ_002826,images/n02110063_6667.png,train,n02110063_6667,n02110063
LSEJ_002827,images/n02110063_8734.png,train,n02110063_8734,n02110063
LSEJ_002828,images/n02110063_9155.png,train,n02110063_9155,n02110063
LSEJ_002829,images/n02110185_1020.png,train,n02110185_1020,n02110185
LSEJ_002830,images/n02110185_11423.png,train,n02110185_11423,n02110185
LSEJ_002832,images/n02110185_14435.png,train,n02110185_14435,n02110185
LSEJ_002833,images/n02110341_1753.png,train,n02110341_1753,n02110341
LSEJ_002834,images/n02110341_18304.png,train,n02110341_18304,n02110341
LSEJ_002835,images/n02110341_18699.png,train,n02110341_18699,n02110341
LSEJ_002836,images/n02110341_631.png,train,n02110341_631,n02110341
LSEJ_002837,images/n02110341_6429.png,train,n02110341_6429,n02110341
LSEJ_002838,images/n02110341_6563.png,train,n02110341_6563,n02110341
LSEJ_002839,images/n02110341_7091.png,train,n02110341_7091,n02110341
LSEJ_002842,images/n02110627_14096.png,train,n02110627_14096,n02110627
LSEJ_002843,images/n02110627_18093.png,train,n02110627_18093,n02110627
LSEJ_002844,images/n02110627_18403.png,train,n02110627_18403,n02110627
LSEJ_002845,images/n02110627_19603.png,train,n02110627_19603,n02110627
LSEJ_002846,images/n02110627_20029.png,train,n02110627_20029,n02110627
LSEJ_002847,images/n02110627_20087.png,train,n02110627_20087,n02110627
LSEJ_002849,images/n02110627_26175.png,train,n02110627_26175,n02110627
LSEJ_002851,images/n02110806_10003.png,train,n02110806_10003,n02110806
LSEJ_002852,images/n02110806_10606.png,train,n02110806_10606,n02110806
LSEJ_002853,images/n02110806_1199.png,train,n02110806_1199,n02110806
LSEJ_002857,images/n02110806_15357.png,train,n02110806_15357,n02110806
LSEJ_002858,images/n02110806_1902.png,train,n02110806_1902,n02110806
LSEJ_002859,images/n02110806_2150.png,train,n02110806_2150,n02110806
LSEJ_002860,images/n02110806_2675.png,train,n02110806_2675,n02110806
LSEJ_002862,images/n02110806_2810.png,train,n02110806_2810,n02110806
LSEJ_002863,images/n02110806_3412.png,train,n02110806_3412,n02110806
LSEJ_002864,images/n02110806_8510.png,train,n02110806_8510,n02110806
LSEJ_002865,images/n02110806_88.png,train,n02110806_88,n02110806
LSEJ_002866,images/n02110958_14875.png,train,n02110958_14875,n02110958
LSEJ_002867,images/n02110958_180.png,train,n02110958_180,n02110958
LSEJ_002870,images/n02111129_4432.png,train,n02111129_4432,n02111129
LSEJ_002871,images/n02111129_4447.png,train,n02111129_4447,n02111129
LSEJ_002872,images/n02111129_455.png,train,n02111129_455,n02111129
LSEJ_002873,images/n02111277_10615.png,train,n02111277_10615,n02111277
LSEJ_002875,images/n02111277_21487.png,train,n02111277_21487,n02111277
LSEJ_002877,images/n02111277_3754.png,train,n02111277_3754,n02111277
LSEJ_002878,images/n02111277_7010.png,train,n02111277_7010,n02111277
LSEJ_002879,images/n02111500_1251.png,train,n02111500_1251,n02111500
LSEJ_002881,images/n02111500_2207.png,train,n02111500_2207,n02111500
LSEJ_002882,images/n02111500_3947.png,train,n02111500_3947,n02111500
LSEJ_002883,images/n02111500_7070.png,train,n02111500_7070,n02111500
LSEJ_002885,images/n02111889_104.png,train,n02111889_104,n02111889
LSEJ_002886,images/n02111889_11810.png,train,n02111889_11810,n02111889
LSEJ_002887,images/n02111889_12335.png,train,n02111889_12335,n02111889
LSEJ_002889,images/n02111889_13069.png,train,n02111889_13069,n02111889
LSEJ_002890,images/n02111889_16541.png,train,n02111889_16541,n02111889
LSEJ_002893,images/n02111889_2212.png,train,n02111889_2212,n02111889
LSEJ_002894,images/n02111889_2259.png,train,n02111889_2259,n02111889
LSEJ_002895,images/n02111889_4755.png,train,n02111889_4755,n02111889
LSEJ_002896,images/n02111889_4865.png,train,n02111889_4865,n02111889
LSEJ_002898,images/n02111889_5312.png,train,n02111889_5312,n02111889
LSEJ_002900,images/n02111889_6065.png,train,n02111889_6065,n02111889
LSEJ_002901,images/n02111889_6085.png,train,n02111889_6085,n02111889
LSEJ_002902,images/n02111889_7574.png,train,n02111889_7574,n02111889
LSEJ_002903,images/n02112018_1109.png,train,n02112018_1109,n02112018
LSEJ_002904,images/n02112018_1266.png,train,n02112018_1266,n02112018
LSEJ_002905,images/n02112018_4510.png,train,n02112018_4510,n02112018
LSEJ_002907,images/n02112018_682.png,train,n02112018_682,n02112018
LSEJ_002908,images/n02112137_10199.png,train,n02112137_10199,n02112137
LSEJ_002909,images/n02112137_11135.png,train,n02112137_11135,n02112137
LSEJ_002911,images/n02112137_9300.png,train,n02112137_9300,n02112137
LSEJ_002912,images/n02112137_9579.png,train,n02112137_9579,n02112137
LSEJ_002914,images/n02112350_1282.png,train,n02112350_1282,n02112350
LSEJ_002915,images/n02112350_1781.png,train,n02112350_1781,n02112350
LSEJ_002916,images/n02112350_1967.png,train,n02112350_1967,n02112350
LSEJ_002918,images/n02112350_3654.png,train,n02112350_3654,n02112350
LSEJ_002919,images/n02112350_3892.png,train,n02112350_3892,n02112350
LSEJ_002920,images/n02112350_4.png,train,n02112350_4,n02112350
LSEJ_002922,images/n02112350_5059.png,train,n02112350_5059,n02112350
LSEJ_002923,images/n02112350_512.png,train,n02112350_512,n02112350
LSEJ_002924,images/n02112350_5598.png,train,n02112350_5598,n02112350
LSEJ_002925,images/n02112350_584.png,train,n02112350_584,n02112350
LSEJ_002927,images/n02112350_6828.png,train,n02112350_6828,n02112350
LSEJ_002928,images/n02112350_6892.png,train,n02112350_6892,n02112350
LSEJ_002929,images/n02112350_6932.png,train,n02112350_6932,n02112350
LSEJ_002930,images/n02112350_712.png,train,n02112350_712,n02112350
LSEJ_002932,images/n02112706_2467.png,train,n02112706_2467,n02112706
LSEJ_002933,images/n02112706_2807.png,train,n02112706_2807,n02112706
LSEJ_002935,images/n02112706_3131.png,train,n02112706_3131,n02112706
LSEJ_002936,images/n02112706_3602.png,train,n02112706_3602,n02112706
LSEJ_002937,images/n02112706_3675.png,train,n02112706_3675,n02112706
LSEJ_002938,images/n02112706_3823.png,train,n02112706_3823,n02112706
LSEJ_002940,images/n02112706_5283.png,train,n02112706_5283,n02112706
LSEJ_002942,images/n02113023_1483.png,train,n02113023_1483,n02113023
LSEJ_002943,images/n02113023_4919.png,train,n02113023_4919,n02113023
LSEJ_002944,images/n02113186_11413.png,train,n02113186_11413,n02113186
LSEJ_002945,images/n02113186_4160.png,train,n02113186_4160,n02113186
LSEJ_002948,images/n02113624_1496.png,train,n02113624_1496,n02113624
LSEJ_002949,images/n02113624_1635.png,train,n02113624_1635,n02113624
LSEJ_002950,images/n02113624_2767.png,train,n02113624_2767,n02113624
LSEJ_002951,images/n02113624_3485.png,train,n02113624_3485,n02113624
LSEJ_002952,images/n02113624_3840.png,train,n02113624_3840,n02113624
LSEJ_002954,images/n02113712_2715.png,train,n02113712_2715,n02113712
LSEJ_002956,images/n02113712_3265.png,train,n02113712_3265,n02113712
LSEJ_002957,images/n02113712_984.png,train,n02113712_984,n02113712
LSEJ_002959,images/n02113799_1365.png,train,n02113799_1365,n02113799
LSEJ_002960,images/n02113799_2002.png,train,n02113799_2002,n02113799
LSEJ_002961,images/n02113799_2113.png,train,n02113799_2113,n02113799
LSEJ_002962,images/n02113799_2538.png,train,n02113799_2538,n02113799
LSEJ_002965,images/n02113799_5407.png,train,n02113799_5407,n02113799
LSEJ_002966,images/n02113799_6006.png,train,n02113799_6006,n02113799
LSEJ_002967,images/n02113799_68.png,train,n02113799_68,n02113799
LSEJ_002968,images/n02113799_726.png,train,n02113799_726,n02113799
LSEJ_002969,images/n02113799_7846.png,train,n02113799_7846,n02113799
LSEJ_002970,images/n02113799_7918.png,train,n02113799_7918,n02113799
LSEJ_002971,images/n02113799_8163.png,train,n02113799_8163,n02113799
LSEJ_002973,images/n02113799_8504.png,train,n02113799_8504,n02113799
LSEJ_002975,images/n02113799_9170.png,train,n02113799_9170,n02113799
LSEJ_002976,images/n02113799_9831.png,train,n02113799_9831,n02113799
LSEJ_002977,images/n02113978_10254.png,train,n02113978_10254,n02113978
LSEJ_002978,images/n02113978_11013.png,train,n02113978_11013,n02113978
LSEJ_002979,images/n02113978_7003.png,train,n02113978_7003,n02113978
LSEJ_002980,images/n02113978_7751.png,train,n02113978_7751,n02113978
LSEJ_002982,images/n02113978_8562.png,train,n02113978_8562,n02113978
LSEJ_002983,images/n02113978_9309.png,train,n02113978_9309,n02113978
LSEJ_002984,images/n02113978_9596.png,train,n02113978_9596,n02113978
LSEJ_002986,images/n02114367_115.png,train,n02114367_115,n02114367
LSEJ_002989,images/n02114367_3831.png,train,n02114367_3831,n02114367
LSEJ_002990,images/n02114367_3841.png,train,n02114367_3841,n02114367
LSEJ_002991,images/n02114367_4163.png,train,n02114367_4163,n02114367
LSEJ_002992,images/n02114367_4298.png,train,n02114367_4298,n02114367
LSEJ_002993,images/n02114367_4555.png,train,n02114367_4555,n02114367
LSEJ_002995,images/n02114367_4884.png,train,n02114367_4884,n02114367
LSEJ_002996,images/n02114367_6545.png,train,n02114367_6545,n02114367
LSEJ_002997,images/n02114548_15055.png,train,n02114548_15055,n02114548
LSEJ_002999,images/n02114548_16747.png,train,n02114548_16747,n02114548
LSEJ_003000,images/n02114548_16981.png,train,n02114548_16981,n02114548
LSEJ_003001,images/n02114548_17392.png,train,n02114548_17392,n02114548
LSEJ_003002,images/n02114548_17769.png,train,n02114548_17769,n02114548
LSEJ_003004,images/n02114548_20005.png,train,n02114548_20005,n02114548
LSEJ_003005,images/n02114548_20303.png,train,n02114548_20303,n02114548
LSEJ_003006,images/n02114548_20954.png,train,n02114548_20954,n02114548
LSEJ_003007,images/n02114548_21097.png,train,n02114548_21097,n02114548
LSEJ_003008,images/n02114548_24421.png,train,n02114548_24421,n02114548
LSEJ_003011,images/n02114712_16060.png,train,n02114712_16060,n02114712
LSEJ_003012,images/n02114712_16500.png,train,n02114712_16500,n02114712
LSEJ_003013,images/n02114712_16512.png,train,n02114712_16512,n02114712
LSEJ_003014,images/n02114712_17029.png,train,n02114712_17029,n02114712
LSEJ_003015,images/n02114712_17065.png,train,n02114712_17065,n02114712
LSEJ_003016,images/n02114712_17360.png,train,n02114712_17360,n02114712
LSEJ_003017,images/n02114712_18257.png,train,n02114712_18257,n02114712
LSEJ_003018,images/n02114712_20147.png,train,n02114712_20147,n02114712
LSEJ_003019,images/n02114712_21580.png,train,n02114712_21580,n02114712
LSEJ_003022,images/n02114855_1131.png,train,n02114855_1131,n02114855
LSEJ_003025,images/n02114855_13522.png,train,n02114855_13522,n02114855
LSEJ_003026,images/n02114855_1394.png,train,n02114855_1394,n02114855
LSEJ_003027,images/n02114855_14045.png,train,n02114855_14045,n02114855
LSEJ_003028,images/n02114855_15185.png,train,n02114855_15185,n02114855
LSEJ_003029,images/n02114855_2078.png,train,n02114855_2078,n02114855
LSEJ_003030,images/n02114855_2608.png,train,n02114855_2608,n02114855
LSEJ_003031,images/n02114855_5209.png,train,n02114855_5209,n02114855
LSEJ_003032,images/n02114855_6209.png,train,n02114855_6209,n02114855
LSEJ_003034,images/n02115641_11981.png,train,n02115641_11981,n02115641
LSEJ_003035,images/n02115641_15071.png,train,n02115641_15071,n02115641
LSEJ_003036,images/n02115641_15788.png,train,n02115641_15788,n02115641
LSEJ_003038,images/n02115641_23036.png,train,n02115641_23036,n02115641
LSEJ_003039,images/n02115641_23085.png,train,n02115641_23085,n02115641
LSEJ_003040,images/n02115641_28193.png,train,n02115641_28193,n02115641
LSEJ_003042,images/n02115641_2961.png,train,n02115641_2961,n02115641
LSEJ_003044,images/n02115913_1338.png,train,n02115913_1338,n02115913
LSEJ_003046,images/n02115913_4542.png,train,n02115913_4542,n02115913
LSEJ_003047,images/n02115913_457.png,train,n02115913_457,n02115913
LSEJ_003048,images/n02116738_10956.png,train,n02116738_10956,n02116738
LSEJ_003050,images/n02116738_14071.png,train,n02116738_14071,n02116738
LSEJ_003051,images/n02116738_14262.png,train,n02116738_14262,n02116738
LSEJ_003053,images/n02116738_2326.png,train,n02116738_2326,n02116738
LSEJ_003054,images/n02116738_2349.png,train,n02116738_2349,n02116738
LSEJ_003055,images/n02117135_10964.png,train,n02117135_10964,n02117135
LSEJ_003057,images/n02117135_2672.png,train,n02117135_2672,n02117135
LSEJ_003058,images/n02117135_5035.png,train,n02117135_5035,n02117135
LSEJ_003060,images/n02117135_7577.png,train,n02117135_7577,n02117135
LSEJ_003061,images/n02119022_1137.png,train,n02119022_1137,n02119022
LSEJ_003062,images/n02119022_18181.png,train,n02119022_18181,n02119022
LSEJ_003063,images/n02119022_27634.png,train,n02119022_27634,n02119022
LSEJ_003064,images/n02119022_31789.png,train,n02119022_31789,n02119022
LSEJ_003067,images/n02119022_6393.png,train,n02119022_6393,n02119022
LSEJ_003068,images/n02119789_17633.png,train,n02119789_17633,n02119789
LSEJ_003069,images/n02119789_1838.png,train,n02119789_1838,n02119789
LSEJ_003071,images/n02120079_1429.png,train,n02120079_1429,n02120079
LSEJ_003072,images/n02120079_2691.png,train,n02120079_2691,n02120079
LSEJ_003073,images/n02120079_3881.png,train,n02120079_3881,n02120079
LSEJ_003074,images/n02120079_5273.png,train,n02120079_5273,n02120079
LSEJ_003076,images/n02120505_1378.png,train,n02120505_1378,n02120505
LSEJ_003078,images/n02120505_2009.png,train,n02120505_2009,n02120505
LSEJ_003080,images/n02120505_22267.png,train,n02120505_22267,n02120505
LSEJ_003081,images/n02120505_3129.png,train,n02120505_3129,n02120505
LSEJ_003083,images/n02120505_4477.png,train,n02120505_4477,n02120505
LSEJ_003084,images/n02120505_4728.png,train,n02120505_4728,n02120505
LSEJ_003085,images/n02120505_7839.png,train,n02120505_7839,n02120505
LSEJ_003086,images/n02123045_10424.png,train,n02123045_10424,n02123045
LSEJ_003087,images/n02123045_15494.png,train,n02123045_15494,n02123045
LSEJ_003088,images/n02123045_15937.png,train,n02123045_15937,n02123045
LSEJ_003089,images/n02123045_16157.png,train,n02123045_16157,n02123045
LSEJ_003091,images/n02123045_21432.png,train,n02123045_21432,n02123045
LSEJ_003092,images/n02123045_3686.png,train,n02123045_3686,n02123045
LSEJ_003095,images/n02123045_8203.png,train,n02123045_8203,n02123045
LSEJ_003096,images/n02123159_10286.png,train,n02123159_10286,n02123159
LSEJ_003098,images/n02123159_14084.png,train,n02123159_14084,n02123159
LSEJ_003099,images/n02123159_2233.png,train,n02123159_2233,n02123159
LSEJ_003100,images/n02123159_3484.png,train,n02123159_3484,n02123159
LSEJ_003101,images/n02123159_3996.png,train,n02123159_3996,n02123159
LSEJ_003103,images/n02123159_7967.png,train,n02123159_7967,n02123159
LSEJ_003104,images/n02123159_8341.png,train,n02123159_8341,n02123159
LSEJ_003105,images/n02123394_1533.png,train,n02123394_1533,n02123394
LSEJ_003108,images/n02123394_4248.png,train,n02123394_4248,n02123394
LSEJ_003110,images/n02123394_4761.png,train,n02123394_4761,n02123394
LSEJ_003111,images/n02123394_5272.png,train,n02123394_5272,n02123394
LSEJ_003112,images/n02123394_686.png,train,n02123394_686,n02123394
LSEJ_003113,images/n02123394_7065.png,train,n02123394_7065,n02123394
LSEJ_003114,images/n02123394_8860.png,train,n02123394_8860,n02123394
LSEJ_003117,images/n02123597_19227.png,train,n02123597_19227,n02123597
LSEJ_003118,images/n02123597_2275.png,train,n02123597_2275,n02123597
LSEJ_003119,images/n02123597_3891.png,train,n02123597_3891,n02123597
LSEJ_003120,images/n02123597_3896.png,train,n02123597_3896,n02123597
LSEJ_003121,images/n02123597_4911.png,train,n02123597_4911,n02123597
LSEJ_003122,images/n02123597_6398.png,train,n02123597_6398,n02123597
LSEJ_003124,images/n02124075_2502.png,train,n02124075_2502,n02124075
LSEJ_003125,images/n02124075_6222.png,train,n02124075_6222,n02124075
LSEJ_003126,images/n02124075_8310.png,train,n02124075_8310,n02124075
LSEJ_003127,images/n02124075_9421.png,train,n02124075_9421,n02124075
LSEJ_003128,images/n02125311_1139.png,train,n02125311_1139,n02125311
LSEJ_003130,images/n02125311_6155.png,train,n02125311_6155,n02125311
LSEJ_003131,images/n02127052_12807.png,train,n02127052_12807,n02127052
LSEJ_003132,images/n02127052_5733.png,train,n02127052_5733,n02127052
LSEJ_003135,images/n02128385_15990.png,train,n02128385_15990,n02128385
LSEJ_003136,images/n02128385_16199.png,train,n02128385_16199,n02128385
LSEJ_003137,images/n02128385_3041.png,train,n02128385_3041,n02128385
LSEJ_003138,images/n02128757_1168.png,train,n02128757_1168,n02128757
LSEJ_003139,images/n02128757_1218.png,train,n02128757_1218,n02128757
LSEJ_003140,images/n02128757_20206.png,train,n02128757_20206,n02128757
LSEJ_003141,images/n02128757_2281.png,train,n02128757_2281,n02128757
LSEJ_003144,images/n02128757_3304.png,train,n02128757_3304,n02128757
LSEJ_003145,images/n02128757_6574.png,train,n02128757_6574,n02128757
LSEJ_003146,images/n02128925_10592.png,train,n02128925_10592,n02128925
LSEJ_003147,images/n02128925_23054.png,train,n02128925_23054,n02128925
LSEJ_003150,images/n02128925_37347.png,train,n02128925_37347,n02128925
LSEJ_003151,images/n02128925_57428.png,train,n02128925_57428,n02128925
LSEJ_003152,images/n02128925_65417.png,train,n02128925_65417,n02128925
LSEJ_003153,images/n02129604_1184.png,train,n02129604_1184,n02129604
LSEJ_003154,images/n02129604_1730.png,train,n02129604_1730,n02129604
LSEJ_003156,images/n02129604_21837.png,train,n02129604_21837,n02129604
LSEJ_003157,images/n02129604_4421.png,train,n02129604_4421,n02129604
LSEJ_003158,images/n02129604_501.png,train,n02129604_501,n02129604
LSEJ_003159,images/n02129604_5105.png,train,n02129604_5105,n02129604
LSEJ_003160,images/n02129604_5976.png,train,n02129604_5976,n02129604
LSEJ_003163,images/n02129604_9827.png,train,n02129604_9827,n02129604
LSEJ_003164,images/n02130308_11913.png,train,n02130308_11913,n02130308
LSEJ_003167,images/n02130308_20700.png,train,n02130308_20700,n02130308
LSEJ_003168,images/n02130308_21788.png,train,n02130308_21788,n02130308
LSEJ_003169,images/n02130308_24082.png,train,n02130308_24082,n02130308
LSEJ_003170,images/n02130308_3978.png,train,n02130308_3978,n02130308
LSEJ_003171,images/n02130308_4018.png,train,n02130308_4018,n02130308
LSEJ_003172,images/n02130308_550.png,train,n02130308_550,n02130308
LSEJ_003174,images/n02132136_1584.png,train,n02132136_1584,n02132136
LSEJ_003175,images/n02132136_7053.png,train,n02132136_7053,n02132136
LSEJ_003176,images/n02133161_10127.png,train,n02133161_10127,n02133161
LSEJ_003178,images/n02133161_5011.png,train,n02133161_5011,n02133161
LSEJ_003179,images/n02133161_5681.png,train,n02133161_5681,n02133161
LSEJ_003181,images/n02133161_6861.png,train,n02133161_6861,n02133161
LSEJ_003182,images/n02133161_722.png,train,n02133161_722,n02133161
LSEJ_003183,images/n02133161_941.png,train,n02133161_941,n02133161
LSEJ_003184,images/n02134084_13932.png,train,n02134084_13932,n02134084
LSEJ_003186,images/n02134084_2844.png,train,n02134084_2844,n02134084
LSEJ_003187,images/n02134084_38915.png,train,n02134084_38915,n02134084
LSEJ_003188,images/n02134084_4257.png,train,n02134084_4257,n02134084
LSEJ_003189,images/n02134418_12172.png,train,n02134418_12172,n02134418
LSEJ_003190,images/n02134418_12959.png,train,n02134418_12959,n02134418
LSEJ_003192,images/n02134418_5796.png,train,n02134418_5796,n02134418
LSEJ_003193,images/n02134418_9485.png,train,n02134418_9485,n02134418
LSEJ_003194,images/n02137549_18879.png,train,n02137549_18879,n02137549
LSEJ_003195,images/n02138441_10643.png,train,n02138441_10643,n02138441
LSEJ_003196,images/n02138441_11331.png,train,n02138441_11331,n02138441
LSEJ_003197,images/n02138441_11765.png,train,n02138441_11765,n02138441
LSEJ_003198,images/n02138441_1503.png,train,n02138441_1503,n02138441
LSEJ_003199,images/n02138441_2552.png,train,n02138441_2552,n02138441
LSEJ_003200,images/n02138441_2907.png,train,n02138441_2907,n02138441
LSEJ_003201,images/n02138441_3140.png,train,n02138441_3140,n02138441
LSEJ_003202,images/n02138441_3179.png,train,n02138441_3179,n02138441
LSEJ_003203,images/n02138441_324.png,train,n02138441_324,n02138441
LSEJ_003204,images/n02138441_38.png,train,n02138441_38,n02138441
LSEJ_003206,images/n02138441_667.png,train,n02138441_667,n02138441
LSEJ_003207,images/n02138441_7065.png,train,n02138441_7065,n02138441
LSEJ_003211,images/n02138441_9212.png,train,n02138441_9212,n02138441
LSEJ_003212,images/n02165105_10229.png,train,n02165105_10229,n02165105
LSEJ_003213,images/n02165105_12065.png,train,n02165105_12065,n02165105
LSEJ_003214,images/n02165105_2069.png,train,n02165105_2069,n02165105
LSEJ_003216,images/n02165105_848.png,train,n02165105_848,n02165105
LSEJ_003217,images/n02165456_16261.png,train,n02165456_16261,n02165456
LSEJ_003218,images/n02167151_1063.png,train,n02167151_1063,n02167151
LSEJ_003219,images/n02167151_14845.png,train,n02167151_14845,n02167151
LSEJ_003220,images/n02167151_1627.png,train,n02167151_1627,n02167151
LSEJ_003221,images/n02167151_2068.png,train,n02167151_2068,n02167151
LSEJ_003223,images/n02167151_2946.png,train,n02167151_2946,n02167151
LSEJ_003225,images/n02167151_9596.png,train,n02167151_9596,n02167151
LSEJ_003227,images/n02168699_1262.png,train,n02168699_1262,n02168699
LSEJ_003228,images/n02168699_151.png,train,n02168699_151,n02168699
LSEJ_003229,images/n02168699_2241.png,train,n02168699_2241,n02168699
LSEJ_003230,images/n02168699_3184.png,train,n02168699_3184,n02168699
LSEJ_003232,images/n02168699_4022.png,train,n02168699_4022,n02168699
LSEJ_003233,images/n02168699_4305.png,train,n02168699_4305,n02168699
LSEJ_003234,images/n02168699_4429.png,train,n02168699_4429,n02168699
LSEJ_003235,images/n02168699_6308.png,train,n02168699_6308,n02168699
LSEJ_003236,images/n02168699_6322.png,train,n02168699_6322,n02168699
LSEJ_003237,images/n02168699_6443.png,train,n02168699_6443,n02168699
LSEJ_003238,images/n02168699_6495.png,train,n02168699_6495,n02168699
LSEJ_003239,images/n02168699_6539.png,train,n02168699_6539,n02168699
LSEJ_003241,images/n02168699_6691.png,train,n02168699_6691,n02168699
LSEJ_003242,images/n02168699_6808.png,train,n02168699_6808,n02168699
LSEJ_003245,images/n02168699_7015.png,train,n02168699_7015,n02168699
LSEJ_003246,images/n02168699_7061.png,train,n02168699_7061,n02168699
LSEJ_003248,images/n02168699_7168.png,train,n02168699_7168,n02168699
LSEJ_003249,images/n02168699_7370.png,train,n02168699_7370,n02168699
LSEJ_003250,images/n02168699_7371.png,train,n02168699_7371,n02168699
LSEJ_003251,images/n02168699_7440.png,train,n02168699_7440,n02168699
LSEJ_003253,images/n02168699_8992.png,train,n02168699_8992,n02168699
LSEJ_003254,images/n02169497_11035.png,train,n02169497_11035,n02169497
LSEJ_003255,images/n02169497_13791.png,train,n02169497_13791,n02169497
LSEJ_003256,images/n02169497_2990.png,train,n02169497_2990,n02169497
LSEJ_003257,images/n02169497_3423.png,train,n02169497_3423,n02169497
LSEJ_003258,images/n02169497_5139.png,train,n02169497_5139,n02169497
LSEJ_003259,images/n02169497_7648.png,train,n02169497_7648,n02169497
LSEJ_003261,images/n02169497_8929.png,train,n02169497_8929,n02169497
LSEJ_003264,images/n02172182_562.png,train,n02172182_562,n02172182
LSEJ_003265,images/n02172182_7811.png,train,n02172182_7811,n02172182
LSEJ_003267,images/n02172182_974.png,train,n02172182_974,n02172182
LSEJ_003268,images/n02174001_1346.png,train,n02174001_1346,n02174001
LSEJ_003269,images/n02174001_1461.png,train,n02174001_1461,n02174001
LSEJ_003270,images/n02174001_1517.png,train,n02174001_1517,n02174001
LSEJ_003271,images/n02174001_1661.png,train,n02174001_1661,n02174001
LSEJ_003272,images/n02174001_2340.png,train,n02174001_2340,n02174001
LSEJ_003274,images/n02174001_3185.png,train,n02174001_3185,n02174001
LSEJ_003275,images/n02174001_3222.png,train,n02174001_3222,n02174001
LSEJ_003276,images/n02174001_3475.png,train,n02174001_3475,n02174001
LSEJ_003277,images/n02174001_405.png,train,n02174001_405,n02174001
LSEJ_003278,images/n02174001_430.png,train,n02174001_430,n02174001
LSEJ_003279,images/n02174001_5336.png,train,n02174001_5336,n02174001
LSEJ_003281,images/n02174001_5655.png,train,n02174001_5655,n02174001
LSEJ_003284,images/n02177972_924.png,train,n02177972_924,n02177972
LSEJ_003285,images/n02190166_1544.png,train,n02190166_1544,n02190166
LSEJ_003286,images/n02190166_1682.png,train,n02190166_1682,n02190166
LSEJ_003287,images/n02190166_2021.png,train,n02190166_2021,n02190166
LSEJ_003289,images/n02190166_2794.png,train,n02190166_2794,n02190166
LSEJ_003292,images/n02206856_1490.png,train,n02206856_1490,n02206856
LSEJ_003293,images/n02206856_1896.png,train,n02206856_1896,n02206856
LSEJ_003294,images/n02206856_2197.png,train,n02206856_2197,n02206856
LSEJ_003295,images/n02206856_2913.png,train,n02206856_2913,n02206856
LSEJ_003296,images/n02206856_3942.png,train,n02206856_3942,n02206856
LSEJ_003298,images/n02206856_412.png,train,n02206856_412,n02206856
LSEJ_003299,images/n02206856_4132.png,train,n02206856_4132,n02206856
LSEJ_003300,images/n02206856_433.png,train,n02206856_433,n02206856
LSEJ_003302,images/n02206856_4774.png,train,n02206856_4774,n02206856
LSEJ_003303,images/n02206856_5033.png,train,n02206856_5033,n02206856
LSEJ_003304,images/n02206856_510.png,train,n02206856_510,n02206856
LSEJ_003305,images/n02206856_5670.png,train,n02206856_5670,n02206856
LSEJ_003306,images/n02206856_7241.png,train,n02206856_7241,n02206856
LSEJ_003307,images/n02219486_23720.png,train,n02219486_23720,n02219486
LSEJ_003308,images/n02219486_24293.png,train,n02219486_24293,n02219486
LSEJ_003310,images/n02219486_27031.png,train,n02219486_27031,n02219486
LSEJ_003311,images/n02226429_11490.png,train,n02226429_11490,n02226429
LSEJ_003312,images/n02226429_1205.png,train,n02226429_1205,n02226429
LSEJ_003314,images/n02226429_12615.png,train,n02226429_12615,n02226429
LSEJ_003315,images/n02226429_13287.png,train,n02226429_13287,n02226429
LSEJ_003316,images/n02226429_13351.png,train,n02226429_13351,n02226429
LSEJ_003317,images/n02226429_14664.png,train,n02226429_14664,n02226429
LSEJ_003318,images/n02226429_14788.png,train,n02226429_14788,n02226429
LSEJ_003319,images/n02226429_15393.png,train,n02226429_15393,n02226429
LSEJ_003320,images/n02226429_1625.png,train,n02226429_1625,n02226429
LSEJ_003322,images/n02226429_17623.png,train,n02226429_17623,n02226429
LSEJ_003323,images/n02226429_18666.png,train,n02226429_18666,n02226429
LSEJ_003324,images/n02226429_20880.png,train,n02226429_20880,n02226429
LSEJ_003326,images/n02226429_21417.png,train,n02226429_21417,n02226429
LSEJ_003327,images/n02226429_21805.png,train,n02226429_21805,n02226429
LSEJ_003328,images/n02226429_22867.png,train,n02226429_22867,n02226429
LSEJ_003329,images/n02226429_2927.png,train,n02226429_2927,n02226429
LSEJ_003330,images/n02226429_339.png,train,n02226429_339,n02226429
LSEJ_003331,images/n02226429_5713.png,train,n02226429_5713,n02226429
LSEJ_003332,images/n02226429_5838.png,train,n02226429_5838,n02226429
LSEJ_003336,images/n02229544_20827.png,train,n02229544_20827,n02229544
LSEJ_003337,images/n02229544_2143.png,train,n02229544_2143,n02229544
LSEJ_003338,images/n02229544_23084.png,train,n02229544_23084,n02229544
LSEJ_003339,images/n02229544_2469.png,train,n02229544_2469,n02229544
LSEJ_003340,images/n02229544_4153.png,train,n02229544_4153,n02229544
LSEJ_003343,images/n02229544_863.png,train,n02229544_863,n02229544
LSEJ_003344,images/n02231487_10632.png,train,n02231487_10632,n02231487
LSEJ_003345,images/n02233338_13348.png,train,n02233338_13348,n02233338
LSEJ_003346,images/n02233338_13395.png,train,n02233338_13395,n02233338
LSEJ_003347,images/n02233338_263.png,train,n02233338_263,n02233338
LSEJ_003348,images/n02233338_29923.png,train,n02233338_29923,n02233338
LSEJ_003351,images/n02236044_3836.png,train,n02236044_3836,n02236044
LSEJ_003352,images/n02236044_4856.png,train,n02236044_4856,n02236044
LSEJ_003353,images/n02236044_8092.png,train,n02236044_8092,n02236044
LSEJ_003355,images/n02256656_1174.png,train,n02256656_1174,n02256656
LSEJ_003356,images/n02256656_28752.png,train,n02256656_28752,n02256656
LSEJ_003357,images/n02259212_5945.png,train,n02259212_5945,n02259212
LSEJ_003358,images/n02264363_1387.png,train,n02264363_1387,n02264363
LSEJ_003360,images/n02264363_15035.png,train,n02264363_15035,n02264363
LSEJ_003361,images/n02264363_17016.png,train,n02264363_17016,n02264363
LSEJ_003363,images/n02264363_374.png,train,n02264363_374,n02264363
LSEJ_003364,images/n02264363_3977.png,train,n02264363_3977,n02264363
LSEJ_003365,images/n02264363_5313.png,train,n02264363_5313,n02264363
LSEJ_003366,images/n02264363_5809.png,train,n02264363_5809,n02264363
LSEJ_003367,images/n02268443_10002.png,train,n02268443_10002,n02268443
LSEJ_003368,images/n02268443_10480.png,train,n02268443_10480,n02268443
LSEJ_003369,images/n02268443_10561.png,train,n02268443_10561,n02268443
LSEJ_003370,images/n02268443_1145.png,train,n02268443_1145,n02268443
LSEJ_003371,images/n02268443_11599.png,train,n02268443_11599,n02268443
LSEJ_003372,images/n02268443_1211.png,train,n02268443_1211,n02268443
LSEJ_003373,images/n02268443_12218.png,train,n02268443_12218,n02268443
LSEJ_003375,images/n02268443_16032.png,train,n02268443_16032,n02268443
LSEJ_003376,images/n02268443_16258.png,train,n02268443_16258,n02268443
LSEJ_003378,images/n02268443_16909.png,train,n02268443_16909,n02268443
LSEJ_003380,images/n02268443_17673.png,train,n02268443_17673,n02268443
LSEJ_003381,images/n02268443_18322.png,train,n02268443_18322,n02268443
LSEJ_003382,images/n02268443_18547.png,train,n02268443_18547,n02268443
LSEJ_003384,images/n02268443_18748.png,train,n02268443_18748,n02268443
LSEJ_003385,images/n02268443_21474.png,train,n02268443_21474,n02268443
LSEJ_003388,images/n02268443_23510.png,train,n02268443_23510,n02268443
LSEJ_003389,images/n02268443_2375.png,train,n02268443_2375,n02268443
LSEJ_003390,images/n02268443_25338.png,train,n02268443_25338,n02268443
LSEJ_003391,images/n02268443_26514.png,train,n02268443_26514,n02268443
LSEJ_003392,images/n02268443_3973.png,train,n02268443_3973,n02268443
LSEJ_003393,images/n02268443_4124.png,train,n02268443_4124,n02268443
LSEJ_003394,images/n02268443_4480.png,train,n02268443_4480,n02268443
LSEJ_003395,images/n02268443_5574.png,train,n02268443_5574,n02268443
LSEJ_003397,images/n02268443_6231.png,train,n02268443_6231,n02268443
LSEJ_003400,images/n02268443_8365.png,train,n02268443_8365,n02268443
LSEJ_003401,images/n02268443_8587.png,train,n02268443_8587,n02268443
LSEJ_003402,images/n02268443_994.png,train,n02268443_994,n02268443
LSEJ_003403,images/n02268853_10.png,train,n02268853_10,n02268853
LSEJ_003404,images/n02268853_1045.png,train,n02268853_1045,n02268853
LSEJ_003405,images/n02268853_1047.png,train,n02268853_1047,n02268853
LSEJ_003406,images/n02268853_1059.png,train,n02268853_1059,n02268853
LSEJ_003407,images/n02268853_1094.png,train,n02268853_1094,n02268853
LSEJ_003409,images/n02268853_1265.png,train,n02268853_1265,n02268853
LSEJ_003410,images/n02268853_14231.png,train,n02268853_14231,n02268853
LSEJ_003411,images/n02268853_15110.png,train,n02268853_15110,n02268853
LSEJ_003412,images/n02268853_1872.png,train,n02268853_1872,n02268853
LSEJ_003413,images/n02268853_1889.png,train,n02268853_1889,n02268853
LSEJ_003414,images/n02268853_1943.png,train,n02268853_1943,n02268853
LSEJ_003415,images/n02268853_2165.png,train,n02268853_2165,n02268853
LSEJ_003417,images/n02268853_2514.png,train,n02268853_2514,n02268853
LSEJ_003419,images/n02268853_2670.png,train,n02268853_2670,n02268853
LSEJ_003421,images/n02268853_2699.png,train,n02268853_2699,n02268853
LSEJ_003422,images/n02268853_28.png,train,n02268853_28,n02268853
LSEJ_003424,images/n02268853_40.png,train,n02268853_40,n02268853
LSEJ_003426,images/n02268853_649.png,train,n02268853_649,n02268853
LSEJ_003427,images/n02276258_2052.png,train,n02276258_2052,n02276258
LSEJ_003428,images/n02277742_163.png,train,n02277742_163,n02277742
LSEJ_003429,images/n02277742_2567.png,train,n02277742_2567,n02277742
LSEJ_003430,images/n02277742_2633.png,train,n02277742_2633,n02277742
LSEJ_003431,images/n02277742_4189.png,train,n02277742_4189,n02277742
LSEJ_003432,images/n02277742_4712.png,train,n02277742_4712,n02277742
LSEJ_003433,images/n02277742_5042.png,train,n02277742_5042,n02277742
LSEJ_003436,images/n02277742_56309.png,train,n02277742_56309,n02277742
LSEJ_003437,images/n02277742_5732.png,train,n02277742_5732,n02277742
LSEJ_003439,images/n02277742_6871.png,train,n02277742_6871,n02277742
LSEJ_003440,images/n02277742_7999.png,train,n02277742_7999,n02277742
LSEJ_003441,images/n02277742_9825.png,train,n02277742_9825,n02277742
LSEJ_003442,images/n02279972_1093.png,train,n02279972_1093,n02279972
LSEJ_003443,images/n02279972_1212.png,train,n02279972_1212,n02279972
LSEJ_003444,images/n02279972_1491.png,train,n02279972_1491,n02279972
LSEJ_003445,images/n02279972_1785.png,train,n02279972_1785,n02279972
LSEJ_003446,images/n02279972_183.png,train,n02279972_183,n02279972
LSEJ_003447,images/n02279972_1948.png,train,n02279972_1948,n02279972
LSEJ_003448,images/n02279972_233.png,train,n02279972_233,n02279972
LSEJ_003449,images/n02279972_2372.png,train,n02279972_2372,n02279972
LSEJ_003450,images/n02279972_2473.png,train,n02279972_2473,n02279972
LSEJ_003451,images/n02279972_258.png,train,n02279972_258,n02279972
LSEJ_003453,images/n02279972_3149.png,train,n02279972_3149,n02279972
LSEJ_003454,images/n02279972_3178.png,train,n02279972_3178,n02279972
LSEJ_003455,images/n02279972_3425.png,train,n02279972_3425,n02279972
LSEJ_003457,images/n02279972_35761.png,train,n02279972_35761,n02279972
LSEJ_003461,images/n02279972_4071.png,train,n02279972_4071,n02279972
LSEJ_003462,images/n02279972_475.png,train,n02279972_475,n02279972
LSEJ_003463,images/n02279972_4782.png,train,n02279972_4782,n02279972
LSEJ_003464,images/n02279972_5355.png,train,n02279972_5355,n02279972
LSEJ_003465,images/n02279972_5683.png,train,n02279972_5683,n02279972
LSEJ_003466,images/n02279972_5861.png,train,n02279972_5861,n02279972
LSEJ_003467,images/n02279972_6142.png,train,n02279972_6142,n02279972
LSEJ_003468,images/n02279972_6271.png,train,n02279972_6271,n02279972
LSEJ_003469,images/n02279972_6307.png,train,n02279972_6307,n02279972
LSEJ_003470,images/n02279972_6589.png,train,n02279972_6589,n02279972
LSEJ_003472,images/n02279972_6848.png,train,n02279972_6848,n02279972
LSEJ_003474,images/n02279972_7003.png,train,n02279972_7003,n02279972
LSEJ_003475,images/n02279972_7163.png,train,n02279972_7163,n02279972
LSEJ_003477,images/n02279972_7665.png,train,n02279972_7665,n02279972
LSEJ_003478,images/n02279972_7881.png,train,n02279972_7881,n02279972
LSEJ_003480,images/n02280649_1080.png,train,n02280649_1080,n02280649
LSEJ_003481,images/n02280649_1153.png,train,n02280649_1153,n02280649
LSEJ_003482,images/n02280649_1174.png,train,n02280649_1174,n02280649
LSEJ_003483,images/n02280649_1219.png,train,n02280649_1219,n02280649
LSEJ_003484,images/n02280649_1252.png,train,n02280649_1252,n02280649
LSEJ_003486,images/n02280649_1431.png,train,n02280649_1431,n02280649
LSEJ_003487,images/n02280649_1456.png,train,n02280649_1456,n02280649
LSEJ_003488,images/n02280649_15356.png,train,n02280649_15356,n02280649
LSEJ_003490,images/n02280649_1551.png,train,n02280649_1551,n02280649
LSEJ_003492,images/n02280649_1623.png,train,n02280649_1623,n02280649
LSEJ_003494,images/n02280649_18865.png,train,n02280649_18865,n02280649
LSEJ_003495,images/n02280649_38.png,train,n02280649_38,n02280649
LSEJ_003496,images/n02280649_614.png,train,n02280649_614,n02280649
LSEJ_003497,images/n02280649_640.png,train,n02280649_640,n02280649
LSEJ_003499,images/n02281406_101.png,train,n02281406_101,n02281406
LSEJ_003500,images/n02281406_1100.png,train,n02281406_1100,n02281406
LSEJ_003501,images/n02281406_1207.png,train,n02281406_1207,n02281406
LSEJ_003504,images/n02281406_12591.png,train,n02281406_12591,n02281406
LSEJ_003505,images/n02281406_13147.png,train,n02281406_13147,n02281406
LSEJ_003506,images/n02281406_13588.png,train,n02281406_13588,n02281406
LSEJ_003509,images/n02281406_1598.png,train,n02281406_1598,n02281406
LSEJ_003510,images/n02281406_1645.png,train,n02281406_1645,n02281406
LSEJ_003511,images/n02281406_1658.png,train,n02281406_1658,n02281406
LSEJ_003512,images/n02281406_1704.png,train,n02281406_1704,n02281406
LSEJ_003513,images/n02281406_2189.png,train,n02281406_2189,n02281406
LSEJ_003514,images/n02281406_2553.png,train,n02281406_2553,n02281406
LSEJ_003516,images/n02281406_264.png,train,n02281406_264,n02281406
LSEJ_003518,images/n02281406_2923.png,train,n02281406_2923,n02281406
LSEJ_003519,images/n02281406_63.png,train,n02281406_63,n02281406
LSEJ_003521,images/n02281406_723.png,train,n02281406_723,n02281406
LSEJ_003522,images/n02281406_751.png,train,n02281406_751,n02281406
LSEJ_003523,images/n02281406_786.png,train,n02281406_786,n02281406
LSEJ_003524,images/n02281406_798.png,train,n02281406_798,n02281406
LSEJ_003525,images/n02281406_810.png,train,n02281406_810,n02281406
LSEJ_003526,images/n02281406_814.png,train,n02281406_814,n02281406
LSEJ_003527,images/n02281406_978.png,train,n02281406_978,n02281406
LSEJ_003528,images/n02281787_1499.png,train,n02281787_1499,n02281787
LSEJ_003529,images/n02281787_266.png,train,n02281787_266,n02281787
LSEJ_003530,images/n02317335_15080.png,train,n02317335_15080,n02317335
LSEJ_003531,images/n02317335_15356.png,train,n02317335_15356,n02317335
LSEJ_003532,images/n02317335_1723.png,train,n02317335_1723,n02317335
LSEJ_003533,images/n02317335_18374.png,train,n02317335_18374,n02317335
LSEJ_003536,images/n02317335_9331.png,train,n02317335_9331,n02317335
LSEJ_003537,images/n02319095_10173.png,train,n02319095_10173,n02319095
LSEJ_003538,images/n02319095_12884.png,train,n02319095_12884,n02319095
LSEJ_003539,images/n02319095_14339.png,train,n02319095_14339,n02319095
LSEJ_003540,images/n02319095_14348.png,train,n02319095_14348,n02319095
LSEJ_003543,images/n02319095_6550.png,train,n02319095_6550,n02319095
LSEJ_003544,images/n02319095_8187.png,train,n02319095_8187,n02319095
LSEJ_003545,images/n02321529_11293.png,train,n02321529_11293,n02321529
LSEJ_003547,images/n02321529_2119.png,train,n02321529_2119,n02321529
LSEJ_003548,images/n02321529_2203.png,train,n02321529_2203,n02321529
LSEJ_003549,images/n02321529_2933.png,train,n02321529_2933,n02321529
LSEJ_003550,images/n02321529_2935.png,train,n02321529_2935,n02321529
LSEJ_003551,images/n02321529_3545.png,train,n02321529_3545,n02321529
LSEJ_003552,images/n02321529_4221.png,train,n02321529_4221,n02321529
LSEJ_003554,images/n02321529_5019.png,train,n02321529_5019,n02321529
LSEJ_003555,images/n02321529_5147.png,train,n02321529_5147,n02321529
LSEJ_003556,images/n02321529_5366.png,train,n02321529_5366,n02321529
LSEJ_003557,images/n02321529_7215.png,train,n02321529_7215,n02321529
LSEJ_003559,images/n02325366_12449.png,train,n02325366_12449,n02325366
LSEJ_003560,images/n02325366_3496.png,train,n02325366_3496,n02325366
LSEJ_003561,images/n02325366_3586.png,train,n02325366_3586,n02325366
LSEJ_003564,images/n02325366_6083.png,train,n02325366_6083,n02325366
LSEJ_003567,images/n02326432_25788.png,train,n02326432_25788,n02326432
LSEJ_003568,images/n02326432_27737.png,train,n02326432_27737,n02326432
LSEJ_003569,images/n02326432_3345.png,train,n02326432_3345,n02326432
LSEJ_003570,images/n02326432_41728.png,train,n02326432_41728,n02326432
LSEJ_003571,images/n02326432_5006.png,train,n02326432_5006,n02326432
LSEJ_003572,images/n02326432_7122.png,train,n02326432_7122,n02326432
LSEJ_003573,images/n02326432_7927.png,train,n02326432_7927,n02326432
LSEJ_003575,images/n02328150_15236.png,train,n02328150_15236,n02328150
LSEJ_003576,images/n02328150_17029.png,train,n02328150_17029,n02328150
LSEJ_003577,images/n02328150_18737.png,train,n02328150_18737,n02328150
LSEJ_003578,images/n02328150_4090.png,train,n02328150_4090,n02328150
LSEJ_003579,images/n02328150_5642.png,train,n02328150_5642,n02328150
LSEJ_003580,images/n02328150_721.png,train,n02328150_721,n02328150
LSEJ_003582,images/n02328150_97.png,train,n02328150_97,n02328150
LSEJ_003583,images/n02342885_13675.png,train,n02342885_13675,n02342885
LSEJ_003585,images/n02346627_18039.png,train,n02346627_18039,n02346627
LSEJ_003586,images/n02346627_8759.png,train,n02346627_8759,n02346627
LSEJ_003588,images/n02356798_1583.png,train,n02356798_1583,n02356798
LSEJ_003590,images/n02356798_2687.png,train,n02356798_2687,n02356798
LSEJ_003591,images/n02356798_3706.png,train,n02356798_3706,n02356798
LSEJ_003592,images/n02356798_3760.png,train,n02356798_3760,n02356798
LSEJ_003593,images/n02356798_7092.png,train,n02356798_7092,n02356798
LSEJ_003594,images/n02361337_10879.png,train,n02361337_10879,n02361337
LSEJ_003595,images/n02363005_1403.png,train,n02363005_1403,n02363005
LSEJ_003596,images/n02363005_1412.png,train,n02363005_1412,n02363005
LSEJ_003597,images/n02363005_1800.png,train,n02363005_1800,n02363005
LSEJ_003600,images/n02363005_3337.png,train,n02363005_3337,n02363005
LSEJ_003601,images/n02363005_4132.png,train,n02363005_4132,n02363005
LSEJ_003602,images/n02363005_6485.png,train,n02363005_6485,n02363005
LSEJ_003603,images/n02363005_6714.png,train,n02363005_6714,n02363005
LSEJ_003604,images/n02364673_17806.png,train,n02364673_17806,n02364673
LSEJ_003605,images/n02364673_8949.png,train,n02364673_8949,n02364673
LSEJ_003606,images/n02389026_11267.png,train,n02389026_11267,n02389026
LSEJ_003609,images/n02389026_1707.png,train,n02389026_1707,n02389026
LSEJ_003610,images/n02389026_295.png,train,n02389026_295,n02389026
LSEJ_003611,images/n02389026_3930.png,train,n02389026_3930,n02389026
LSEJ_003612,images/n02389026_5464.png,train,n02389026_5464,n02389026
LSEJ_003613,images/n02389026_6485.png,train,n02389026_6485,n02389026
LSEJ_003614,images/n02389026_8068.png,train,n02389026_8068,n02389026
LSEJ_003616,images/n02389026_8923.png,train,n02389026_8923,n02389026
LSEJ_003617,images/n02389026_902.png,train,n02389026_902,n02389026
LSEJ_003618,images/n02389026_9493.png,train,n02389026_9493,n02389026
LSEJ_003619,images/n02391049_1869.png,train,n02391049_1869,n02391049
LSEJ_003620,images/n02391049_2410.png,train,n02391049_2410,n02391049
LSEJ_003621,images/n02391049_251.png,train,n02391049_251,n02391049
LSEJ_003623,images/n02391049_4077.png,train,n02391049_4077,n02391049
LSEJ_003624,images/n02395406_1120.png,train,n02395406_1120,n02395406
LSEJ_003625,images/n02395406_35874.png,train,n02395406_35874,n02395406
LSEJ_003626,images/n02396427_11580.png,train,n02396427_11580,n02396427
LSEJ_003627,images/n02396427_24075.png,train,n02396427_24075,n02396427
LSEJ_003628,images/n02397096_2490.png,train,n02397096_2490,n02397096
LSEJ_003629,images/n02397096_6541.png,train,n02397096_6541,n02397096
LSEJ_003630,images/n02398521_1640.png,train,n02398521_1640,n02398521
LSEJ_003631,images/n02398521_2416.png,train,n02398521_2416,n02398521
LSEJ_003633,images/n02398521_7739.png,train,n02398521_7739,n02398521
LSEJ_003635,images/n02403003_4318.png,train,n02403003_4318,n02403003
LSEJ_003636,images/n02403003_4611.png,train,n02403003_4611,n02403003
LSEJ_003637,images/n02408429_13954.png,train,n02408429_13954,n02408429
LSEJ_003638,images/n02408429_18599.png,train,n02408429_18599,n02408429
LSEJ_003639,images/n02410509_1127.png,train,n02410509_1127,n02410509
LSEJ_003642,images/n02410509_2499.png,train,n02410509_2499,n02410509
LSEJ_003643,images/n02410509_2933.png,train,n02410509_2933,n02410509
LSEJ_003644,images/n02410509_352.png,train,n02410509_352,n02410509
LSEJ_003645,images/n02410509_3578.png,train,n02410509_3578,n02410509
LSEJ_003646,images/n02410509_5102.png,train,n02410509_5102,n02410509
LSEJ_003647,images/n02410509_7486.png,train,n02410509_7486,n02410509
LSEJ_003648,images/n02410509_8497.png,train,n02410509_8497,n02410509
LSEJ_003650,images/n02415577_11027.png,train,n02415577_11027,n02415577
LSEJ_003652,images/n02415577_7616.png,train,n02415577_7616,n02415577
LSEJ_003653,images/n02415577_8065.png,train,n02415577_8065,n02415577
LSEJ_003654,images/n02415577_9268.png,train,n02415577_9268,n02415577
LSEJ_003658,images/n02417914_15844.png,train,n02417914_15844,n02417914
LSEJ_003659,images/n02417914_1616.png,train,n02417914_1616,n02417914
LSEJ_003660,images/n02417914_5155.png,train,n02417914_5155,n02417914
LSEJ_003661,images/n02417914_778.png,train,n02417914_778,n02417914
LSEJ_003662,images/n02422106_1863.png,train,n02422106_1863,n02422106
LSEJ_003663,images/n02422106_3778.png,train,n02422106_3778,n02422106
LSEJ_003664,images/n02422106_4085.png,train,n02422106_4085,n02422106
LSEJ_003666,images/n02422699_1804.png,train,n02422699_1804,n02422699
LSEJ_003668,images/n02422699_5261.png,train,n02422699_5261,n02422699
LSEJ_003669,images/n02423022_10297.png,train,n02423022_10297,n02423022
LSEJ_003671,images/n02423022_6392.png,train,n02423022_6392,n02423022
LSEJ_003672,images/n02423022_7831.png,train,n02423022_7831,n02423022
LSEJ_003673,images/n02423022_8297.png,train,n02423022_8297,n02423022
LSEJ_003674,images/n02437312_11315.png,train,n02437312_11315,n02437312
LSEJ_003676,images/n02437312_2627.png,train,n02437312_2627,n02437312
LSEJ_003677,images/n02437312_6676.png,train,n02437312_6676,n02437312
LSEJ_003679,images/n02437312_8564.png,train,n02437312_8564,n02437312
LSEJ_003680,images/n02437616_10248.png,train,n02437616_10248,n02437616
LSEJ_003681,images/n02437616_1130.png,train,n02437616_1130,n02437616
LSEJ_003682,images/n02437616_13492.png,train,n02437616_13492,n02437616
LSEJ_003685,images/n02437616_2432.png,train,n02437616_2432,n02437616
LSEJ_003686,images/n02437616_2663.png,train,n02437616_2663,n02437616
LSEJ_003687,images/n02437616_3256.png,train,n02437616_3256,n02437616
LSEJ_003688,images/n02437616_396.png,train,n02437616_396,n02437616
LSEJ_003689,images/n02437616_4603.png,train,n02437616_4603,n02437616
LSEJ_003691,images/n02437616_6933.png,train,n02437616_6933,n02437616
LSEJ_003692,images/n02437616_8641.png,train,n02437616_8641,n02437616
LSEJ_003693,images/n02441942_10603.png,train,n02441942_10603,n02441942
LSEJ_003695,images/n02441942_15900.png,train,n02441942_15900,n02441942
LSEJ_003697,images/n02441942_26602.png,train,n02441942_26602,n02441942
LSEJ_003698,images/n02441942_2996.png,train,n02441942_2996,n02441942
LSEJ_003700,images/n02441942_3675.png,train,n02441942_3675,n02441942
LSEJ_003701,images/n02441942_6428.png,train,n02441942_6428,n02441942
LSEJ_003702,images/n02441942_7453.png,train,n02441942_7453,n02441942
LSEJ_003703,images/n02442845_14495.png,train,n02442845_14495,n02442845
LSEJ_003704,images/n02442845_17769.png,train,n02442845_17769,n02442845
LSEJ_003706,images/n02442845_23618.png,train,n02442845_23618,n02442845
LSEJ_003707,images/n02442845_25580.png,train,n02442845_25580,n02442845
LSEJ_003709,images/n02442845_29821.png,train,n02442845_29821,n02442845
LSEJ_003710,images/n02442845_3302.png,train,n02442845_3302,n02442845
LSEJ_003711,images/n02442845_4724.png,train,n02442845_4724,n02442845
LSEJ_003712,images/n02442845_8866.png,train,n02442845_8866,n02442845
LSEJ_003715,images/n02443114_1292.png,train,n02443114_1292,n02443114
LSEJ_003716,images/n02443114_14733.png,train,n02443114_14733,n02443114
LSEJ_003718,images/n02443114_29730.png,train,n02443114_29730,n02443114
LSEJ_003719,images/n02443114_3914.png,train,n02443114_3914,n02443114
LSEJ_003721,images/n02443484_11754.png,train,n02443484_11754,n02443484
LSEJ_003723,images/n02443484_5750.png,train,n02443484_5750,n02443484
LSEJ_003724,images/n02443484_5788.png,train,n02443484_5788,n02443484
LSEJ_003725,images/n02443484_8846.png,train,n02443484_8846,n02443484
LSEJ_003726,images/n02444819_14355.png,train,n02444819_14355,n02444819
LSEJ_003727,images/n02444819_27247.png,train,n02444819_27247,n02444819
LSEJ_003728,images/n02444819_3008.png,train,n02444819_3008,n02444819
LSEJ_003731,images/n02444819_8777.png,train,n02444819_8777,n02444819
LSEJ_003732,images/n02445715_10383.png,train,n02445715_10383,n02445715
LSEJ_003733,images/n02445715_10655.png,train,n02445715_10655,n02445715
LSEJ_003734,images/n02445715_22151.png,train,n02445715_22151,n02445715
LSEJ_003736,images/n02445715_35110.png,train,n02445715_35110,n02445715
LSEJ_003738,images/n02445715_9610.png,train,n02445715_9610,n02445715
LSEJ_003740,images/n02447366_15660.png,train,n02447366_15660,n02447366
LSEJ_003742,images/n02447366_26855.png,train,n02447366_26855,n02447366
LSEJ_003743,images/n02447366_33293.png,train,n02447366_33293,n02447366
LSEJ_003744,images/n02447366_33680.png,train,n02447366_33680,n02447366
LSEJ_003746,images/n02454379_6127.png,train,n02454379_6127,n02454379
LSEJ_003747,images/n02454379_701.png,train,n02454379_701,n02454379
LSEJ_003748,images/n02457408_10828.png,train,n02457408_10828,n02457408
LSEJ_003749,images/n02457408_1784.png,train,n02457408_1784,n02457408
LSEJ_003750,images/n02457408_3856.png,train,n02457408_3856,n02457408
LSEJ_003751,images/n02457408_6112.png,train,n02457408_6112,n02457408
LSEJ_003753,images/n02457408_840.png,train,n02457408_840,n02457408
LSEJ_003755,images/n02457408_9545.png,train,n02457408_9545,n02457408
LSEJ_003756,images/n02480495_1594.png,train,n02480495_1594,n02480495
LSEJ_003758,images/n02480495_28106.png,train,n02480495_28106,n02480495
LSEJ_003759,images/n02480495_8157.png,train,n02480495_8157,n02480495
LSEJ_003760,images/n02480495_9200.png,train,n02480495_9200,n02480495
LSEJ_003761,images/n02480855_18187.png,train,n02480855_18187,n02480855
LSEJ_003763,images/n02480855_9189.png,train,n02480855_9189,n02480855
LSEJ_003764,images/n02481823_25880.png,train,n02481823_25880,n02481823
LSEJ_003765,images/n02481823_2693.png,train,n02481823_2693,n02481823
LSEJ_003766,images/n02481823_3130.png,train,n02481823_3130,n02481823
LSEJ_003769,images/n02481823_4236.png,train,n02481823_4236,n02481823
LSEJ_003770,images/n02481823_4334.png,train,n02481823_4334,n02481823
LSEJ_003772,images/n02483362_1477.png,train,n02483362_1477,n02483362
LSEJ_003773,images/n02483362_2589.png,train,n02483362_2589,n02483362
LSEJ_003774,images/n02483362_3285.png,train,n02483362_3285,n02483362
LSEJ_003775,images/n02483362_3407.png,train,n02483362_3407,n02483362
LSEJ_003776,images/n02483362_5125.png,train,n02483362_5125,n02483362
LSEJ_003778,images/n02483708_1004.png,train,n02483708_1004,n02483708
LSEJ_003779,images/n02483708_10464.png,train,n02483708_10464,n02483708
LSEJ_003780,images/n02483708_11697.png,train,n02483708_11697,n02483708
LSEJ_003781,images/n02483708_2194.png,train,n02483708_2194,n02483708
LSEJ_003784,images/n02483708_802.png,train,n02483708_802,n02483708
LSEJ_003785,images/n02483708_996.png,train,n02483708_996,n02483708
LSEJ_003786,images/n02484975_6193.png,train,n02484975_6193,n02484975
LSEJ_003787,images/n02484975_6864.png,train,n02484975_6864,n02484975
LSEJ_003788,images/n02484975_7309.png,train,n02484975_7309,n02484975
LSEJ_003789,images/n02484975_7498.png,train,n02484975_7498,n02484975
LSEJ_003792,images/n02484975_8987.png,train,n02484975_8987,n02484975
LSEJ_003793,images/n02484975_9160.png,train,n02484975_9160,n02484975
LSEJ_003794,images/n02486261_10537.png,train,n02486261_10537,n02486261
LSEJ_003796,images/n02486261_12130.png,train,n02486261_12130,n02486261
LSEJ_003797,images/n02486261_12304.png,train,n02486261_12304,n02486261
LSEJ_003799,images/n02486261_15297.png,train,n02486261_15297,n02486261
LSEJ_003800,images/n02486261_17524.png,train,n02486261_17524,n02486261
LSEJ_003801,images/n02486261_19300.png,train,n02486261_19300,n02486261
LSEJ_003803,images/n02486261_20741.png,train,n02486261_20741,n02486261
LSEJ_003804,images/n02486261_2775.png,train,n02486261_2775,n02486261
LSEJ_003805,images/n02486410_10251.png,train,n02486410_10251,n02486410
LSEJ_003806,images/n02486410_2820.png,train,n02486410_2820,n02486410
LSEJ_003807,images/n02486410_4594.png,train,n02486410_4594,n02486410
LSEJ_003808,images/n02486410_6569.png,train,n02486410_6569,n02486410
LSEJ_003810,images/n02487347_12647.png,train,n02487347_12647,n02487347
LSEJ_003811,images/n02487347_9577.png,train,n02487347_9577,n02487347
LSEJ_003813,images/n02488291_4416.png,train,n02488291_4416,n02488291
LSEJ_003814,images/n02488291_4657.png,train,n02488291_4657,n02488291
LSEJ_003815,images/n02488291_6139.png,train,n02488291_6139,n02488291
LSEJ_003817,images/n02488702_6480.png,train,n02488702_6480,n02488702
LSEJ_003818,images/n02488702_90.png,train,n02488702_90,n02488702
LSEJ_003820,images/n02489166_11531.png,train,n02489166_11531,n02489166
LSEJ_003821,images/n02489166_12291.png,train,n02489166_12291,n02489166
LSEJ_003823,images/n02489166_2871.png,train,n02489166_2871,n02489166
LSEJ_003824,images/n02489166_5120.png,train,n02489166_5120,n02489166
LSEJ_003825,images/n02489166_6992.png,train,n02489166_6992,n02489166
LSEJ_003826,images/n02489166_7170.png,train,n02489166_7170,n02489166
LSEJ_003827,images/n02489166_9163.png,train,n02489166_9163,n02489166
LSEJ_003828,images/n02489166_9203.png,train,n02489166_9203,n02489166
LSEJ_003830,images/n02490219_11648.png,train,n02490219_11648,n02490219
LSEJ_003831,images/n02490219_12666.png,train,n02490219_12666,n02490219
LSEJ_003832,images/n02490219_1638.png,train,n02490219_1638,n02490219
LSEJ_003833,images/n02490219_1926.png,train,n02490219_1926,n02490219
LSEJ_003834,images/n02490219_3219.png,train,n02490219_3219,n02490219
LSEJ_003835,images/n02490219_3397.png,train,n02490219_3397,n02490219
LSEJ_003837,images/n02490219_4791.png,train,n02490219_4791,n02490219
LSEJ_003839,images/n02490219_5919.png,train,n02490219_5919,n02490219
LSEJ_003841,images/n02490219_9211.png,train,n02490219_9211,n02490219
LSEJ_003843,images/n02492035_16562.png,train,n02492035_16562,n02492035
LSEJ_003844,images/n02492035_4048.png,train,n02492035_4048,n02492035
LSEJ_003845,images/n02492035_5689.png,train,n02492035_5689,n02492035
LSEJ_003847,images/n02492035_895.png,train,n02492035_895,n02492035
LSEJ_003849,images/n02492660_11880.png,train,n02492660_11880,n02492660
LSEJ_003850,images/n02492660_2138.png,train,n02492660_2138,n02492660
LSEJ_003851,images/n02492660_5738.png,train,n02492660_5738,n02492660
LSEJ_003852,images/n02493509_10469.png,train,n02493509_10469,n02493509
LSEJ_003853,images/n02493509_12463.png,train,n02493509_12463,n02493509
LSEJ_003854,images/n02493509_13043.png,train,n02493509_13043,n02493509
LSEJ_003855,images/n02493509_13760.png,train,n02493509_13760,n02493509
LSEJ_003856,images/n02493509_13764.png,train,n02493509_13764,n02493509
LSEJ_003857,images/n02493509_14595.png,train,n02493509_14595,n02493509
LSEJ_003858,images/n02493509_15909.png,train,n02493509_15909,n02493509
LSEJ_003859,images/n02493509_16852.png,train,n02493509_16852,n02493509
LSEJ_003860,images/n02493509_17007.png,train,n02493509_17007,n02493509
LSEJ_003862,images/n02493509_2198.png,train,n02493509_2198,n02493509
LSEJ_003863,images/n02493509_4585.png,train,n02493509_4585,n02493509
LSEJ_003867,images/n02493509_9694.png,train,n02493509_9694,n02493509
LSEJ_003868,images/n02493509_9776.png,train,n02493509_9776,n02493509
LSEJ_003869,images/n02493793_1302.png,train,n02493793_1302,n02493793
LSEJ_003870,images/n02493793_5403.png,train,n02493793_5403,n02493793
LSEJ_003871,images/n02493793_5900.png,train,n02493793_5900,n02493793
LSEJ_003873,images/n02494079_10069.png,train,n02494079_10069,n02494079
LSEJ_003875,images/n02494079_2761.png,train,n02494079_2761,n02494079
LSEJ_003876,images/n02494079_5597.png,train,n02494079_5597,n02494079
LSEJ_003877,images/n02494079_7155.png,train,n02494079_7155,n02494079
LSEJ_003878,images/n02497673_4773.png,train,n02497673_4773,n02497673
LSEJ_003879,images/n02497673_5712.png,train,n02497673_5712,n02497673
LSEJ_003880,images/n02497673_7295.png,train,n02497673_7295,n02497673
LSEJ_003882,images/n02500267_11349.png,train,n02500267_11349,n02500267
LSEJ_003883,images/n02500267_11622.png,train,n02500267_11622,n02500267
LSEJ_003884,images/n02500267_12503.png,train,n02500267_12503,n02500267
LSEJ_003885,images/n02500267_13455.png,train,n02500267_13455,n02500267
LSEJ_003886,images/n02500267_15321.png,train,n02500267_15321,n02500267
LSEJ_003888,images/n02500267_3537.png,train,n02500267_3537,n02500267
LSEJ_003889,images/n02500267_506.png,train,n02500267_506,n02500267
LSEJ_003891,images/n02504013_10390.png,train,n02504013_10390,n02504013
LSEJ_003893,images/n02504013_14440.png,train,n02504013_14440,n02504013
LSEJ_003894,images/n02504013_21228.png,train,n02504013_21228,n02504013
LSEJ_003896,images/n02504013_22174.png,train,n02504013_22174,n02504013
LSEJ_003897,images/n02504013_24217.png,train,n02504013_24217,n02504013
LSEJ_003898,images/n02504013_3719.png,train,n02504013_3719,n02504013
LSEJ_003899,images/n02504013_4379.png,train,n02504013_4379,n02504013
LSEJ_003900,images/n02504013_4661.png,train,n02504013_4661,n02504013
LSEJ_003901,images/n02504013_7079.png,train,n02504013_7079,n02504013
LSEJ_003903,images/n02504458_10243.png,train,n02504458_10243,n02504458
LSEJ_003904,images/n02504458_12165.png,train,n02504458_12165,n02504458
LSEJ_003906,images/n02509815_2072.png,train,n02509815_2072,n02509815
LSEJ_003907,images/n02509815_2637.png,train,n02509815_2637,n02509815
LSEJ_003908,images/n02510455_2950.png,train,n02510455_2950,n02510455
LSEJ_003909,images/n02510455_3566.png,train,n02510455_3566,n02510455
LSEJ_003910,images/n02514041_10085.png,train,n02514041_10085,n02514041
LSEJ_003911,images/n02514041_10215.png,train,n02514041_10215,n02514041
LSEJ_003912,images/n02514041_10659.png,train,n02514041_10659,n02514041
LSEJ_003917,images/n02514041_2030.png,train,n02514041_2030,n02514041
LSEJ_003919,images/n02514041_2548.png,train,n02514041_2548,n02514041
LSEJ_003920,images/n02514041_2549.png,train,n02514041_2549,n02514041
LSEJ_003921,images/n02514041_2657.png,train,n02514041_2657,n02514041
LSEJ_003922,images/n02514041_2826.png,train,n02514041_2826,n02514041
LSEJ_003924,images/n02514041_2874.png,train,n02514041_2874,n02514041
LSEJ_003925,images/n02514041_3158.png,train,n02514041_3158,n02514041
LSEJ_003926,images/n02514041_3215.png,train,n02514041_3215,n02514041
LSEJ_003927,images/n02514041_3303.png,train,n02514041_3303,n02514041
LSEJ_003928,images/n02514041_3454.png,train,n02514041_3454,n02514041
LSEJ_003929,images/n02514041_3631.png,train,n02514041_3631,n02514041
LSEJ_003930,images/n02514041_3633.png,train,n02514041_3633,n02514041
LSEJ_003931,images/n02514041_3763.png,train,n02514041_3763,n02514041
LSEJ_003932,images/n02514041_3904.png,train,n02514041_3904,n02514041
LSEJ_003934,images/n02514041_4102.png,train,n02514041_4102,n02514041
LSEJ_003936,images/n02514041_4533.png,train,n02514041_4533,n02514041
LSEJ_003937,images/n02514041_5043.png,train,n02514041_5043,n02514041
LSEJ_003938,images/n02514041_6038.png,train,n02514041_6038,n02514041
LSEJ_003940,images/n02514041_6608.png,train,n02514041_6608,n02514041
LSEJ_003941,images/n02514041_6620.png,train,n02514041_6620,n02514041
LSEJ_003943,images/n02514041_6771.png,train,n02514041_6771,n02514041
LSEJ_003944,images/n02514041_6775.png,train,n02514041_6775,n02514041
LSEJ_003945,images/n02514041_7233.png,train,n02514041_7233,n02514041
LSEJ_003946,images/n02514041_8159.png,train,n02514041_8159,n02514041
LSEJ_003947,images/n02514041_8173.png,train,n02514041_8173,n02514041
LSEJ_003948,images/n02514041_8310.png,train,n02514041_8310,n02514041
LSEJ_003949,images/n02514041_9639.png,train,n02514041_9639,n02514041
LSEJ_003950,images/n02526121_3231.png,train,n02526121_3231,n02526121
LSEJ_003952,images/n02526121_5716.png,train,n02526121_5716,n02526121
LSEJ_003953,images/n02526121_742.png,train,n02526121_742,n02526121
LSEJ_003954,images/n02526121_9658.png,train,n02526121_9658,n02526121
LSEJ_003955,images/n02536864_10133.png,train,n02536864_10133,n02536864
LSEJ_003956,images/n02536864_10725.png,train,n02536864_10725,n02536864
LSEJ_003957,images/n02536864_11016.png,train,n02536864_11016,n02536864
LSEJ_003958,images/n02536864_11064.png,train,n02536864_11064,n02536864
LSEJ_003959,images/n02536864_11324.png,train,n02536864_11324,n02536864
LSEJ_003961,images/n02536864_14046.png,train,n02536864_14046,n02536864
LSEJ_003963,images/n02536864_15514.png,train,n02536864_15514,n02536864
LSEJ_003964,images/n02536864_16129.png,train,n02536864_16129,n02536864
LSEJ_003966,images/n02536864_18132.png,train,n02536864_18132,n02536864
LSEJ_003967,images/n02536864_18636.png,train,n02536864_18636,n02536864
LSEJ_003968,images/n02536864_19009.png,train,n02536864_19009,n02536864
LSEJ_003969,images/n02536864_2081.png,train,n02536864_2081,n02536864
LSEJ_003970,images/n02536864_244.png,train,n02536864_244,n02536864
LSEJ_003972,images/n02536864_2922.png,train,n02536864_2922,n02536864
LSEJ_003973,images/n02536864_3027.png,train,n02536864_3027,n02536864
LSEJ_003975,images/n02536864_349.png,train,n02536864_349,n02536864
LSEJ_003976,images/n02536864_3526.png,train,n02536864_3526,n02536864
LSEJ_003978,images/n02536864_425.png,train,n02536864_425,n02536864
LSEJ_003979,images/n02536864_4904.png,train,n02536864_4904,n02536864
LSEJ_003980,images/n02536864_5263.png,train,n02536864_5263,n02536864
LSEJ_003982,images/n02536864_5364.png,train,n02536864_5364,n02536864
LSEJ_003983,images/n02536864_5498.png,train,n02536864_5498,n02536864
LSEJ_003985,images/n02536864_6132.png,train,n02536864_6132,n02536864
LSEJ_003987,images/n02536864_7271.png,train,n02536864_7271,n02536864
LSEJ_003988,images/n02536864_789.png,train,n02536864_789,n02536864
LSEJ_003989,images/n02536864_8732.png,train,n02536864_8732,n02536864
LSEJ_003990,images/n02536864_98.png,train,n02536864_98,n02536864
LSEJ_003992,images/n02606052_2121.png,train,n02606052_2121,n02606052
LSEJ_003993,images/n02606052_2457.png,train,n02606052_2457,n02606052
LSEJ_003995,images/n02606052_2809.png,train,n02606052_2809,n02606052
LSEJ_003996,images/n02606052_4114.png,train,n02606052_4114,n02606052
LSEJ_003997,images/n02606052_5128.png,train,n02606052_5128,n02606052
LSEJ_003998,images/n02606052_5468.png,train,n02606052_5468,n02606052
LSEJ_003999,images/n02606052_5995.png,train,n02606052_5995,n02606052
LSEJ_004000,images/n02606052_7172.png,train,n02606052_7172,n02606052
LSEJ_004001,images/n02606052_7315.png,train,n02606052_7315,n02606052
LSEJ_004002,images/n02606052_7571.png,train,n02606052_7571,n02606052
LSEJ_004004,images/n02606052_944.png,train,n02606052_944,n02606052
LSEJ_004005,images/n02607072_1442.png,train,n02607072_1442,n02607072
LSEJ_004007,images/n02607072_208.png,train,n02607072_208,n02607072
LSEJ_004009,images/n02607072_231.png,train,n02607072_231,n02607072
LSEJ_004010,images/n02607072_3299.png,train,n02607072_3299,n02607072
LSEJ_004011,images/n02607072_602.png,train,n02607072_602,n02607072
LSEJ_004013,images/n02607072_6384.png,train,n02607072_6384,n02607072
LSEJ_004014,images/n02607072_807.png,train,n02607072_807,n02607072
LSEJ_004015,images/n02607072_892.png,train,n02607072_892,n02607072
LSEJ_004017,images/n02640242_1522.png,train,n02640242_1522,n02640242
LSEJ_004018,images/n02640242_1738.png,train,n02640242_1738,n02640242
LSEJ_004019,images/n02640242_1775.png,train,n02640242_1775,n02640242
LSEJ_004020,images/n02640242_2031.png,train,n02640242_2031,n02640242
LSEJ_004022,images/n02640242_2662.png,train,n02640242_2662,n02640242
LSEJ_004023,images/n02640242_2816.png,train,n02640242_2816,n02640242
LSEJ_004024,images/n02640242_28413.png,train,n02640242_28413,n02640242
LSEJ_004025,images/n02640242_2854.png,train,n02640242_2854,n02640242
LSEJ_004026,images/n02640242_3189.png,train,n02640242_3189,n02640242
LSEJ_004027,images/n02640242_33411.png,train,n02640242_33411,n02640242
LSEJ_004030,images/n02640242_3786.png,train,n02640242_3786,n02640242
LSEJ_004032,images/n02640242_4864.png,train,n02640242_4864,n02640242
LSEJ_004033,images/n02640242_4932.png,train,n02640242_4932,n02640242
LSEJ_004035,images/n02640242_5119.png,train,n02640242_5119,n02640242
LSEJ_004036,images/n02640242_5500.png,train,n02640242_5500,n02640242
LSEJ_004037,images/n02640242_5723.png,train,n02640242_5723,n02640242
LSEJ_004038,images/n02640242_5743.png,train,n02640242_5743,n02640242
LSEJ_004040,images/n02640242_6693.png,train,n02640242_6693,n02640242
LSEJ_004041,images/n02640242_7145.png,train,n02640242_7145,n02640242
LSEJ_004042,images/n02640242_7209.png,train,n02640242_7209,n02640242
LSEJ_004043,images/n02640242_825.png,train,n02640242_825,n02640242
LSEJ_004044,images/n02640242_969.png,train,n02640242_969,n02640242
LSEJ_004045,images/n02641379_10633.png,train,n02641379_10633,n02641379
LSEJ_004046,images/n02641379_11373.png,train,n02641379_11373,n02641379
LSEJ_004047,images/n02641379_11471.png,train,n02641379_11471,n02641379
LSEJ_004048,images/n02641379_1206.png,train,n02641379_1206,n02641379
LSEJ_004049,images/n02641379_12331.png,train,n02641379_12331,n02641379
LSEJ_004050,images/n02641379_14323.png,train,n02641379_14323,n02641379
LSEJ_004051,images/n02641379_15331.png,train,n02641379_15331,n02641379
LSEJ_004052,images/n02641379_164.png,train,n02641379_164,n02641379
LSEJ_004054,images/n02641379_16560.png,train,n02641379_16560,n02641379
LSEJ_004055,images/n02641379_17220.png,train,n02641379_17220,n02641379
LSEJ_004056,images/n02641379_17418.png,train,n02641379_17418,n02641379
LSEJ_004058,images/n02641379_18608.png,train,n02641379_18608,n02641379
LSEJ_004059,images/n02641379_2175.png,train,n02641379_2175,n02641379
LSEJ_004061,images/n02641379_27524.png,train,n02641379_27524,n02641379
LSEJ_004063,images/n02641379_28716.png,train,n02641379_28716,n02641379
LSEJ_004064,images/n02641379_29155.png,train,n02641379_29155,n02641379
LSEJ_004066,images/n02641379_30802.png,train,n02641379_30802,n02641379
LSEJ_004067,images/n02641379_32103.png,train,n02641379_32103,n02641379
LSEJ_004068,images/n02641379_3891.png,train,n02641379_3891,n02641379
LSEJ_004072,images/n02641379_4200.png,train,n02641379_4200,n02641379
LSEJ_004073,images/n02641379_5083.png,train,n02641379_5083,n02641379
LSEJ_004074,images/n02641379_5135.png,train,n02641379_5135,n02641379
LSEJ_004075,images/n02641379_7362.png,train,n02641379_7362,n02641379
LSEJ_004076,images/n02641379_8755.png,train,n02641379_8755,n02641379
LSEJ_004077,images/n02641379_9164.png,train,n02641379_9164,n02641379
LSEJ_004078,images/n02641379_9179.png,train,n02641379_9179,n02641379
LSEJ_004079,images/n02641379_9223.png,train,n02641379_9223,n02641379
LSEJ_004080,images/n02641379_9257.png,train,n02641379_9257,n02641379
LSEJ_004082,images/n02643566_1151.png,train,n02643566_1151,n02643566
LSEJ_004084,images/n02643566_3605.png,train,n02643566_3605,n02643566
LSEJ_004085,images/n02643566_733.png,train,n02643566_733,n02643566
LSEJ_004086,images/n02655020_10530.png,train,n02655020_10530,n02655020
LSEJ_004087,images/n02655020_11229.png,train,n02655020_11229,n02655020
LSEJ_004088,images/n02655020_117.png,train,n02655020_117,n02655020
LSEJ_004091,images/n02655020_1618.png,train,n02655020_1618,n02655020
LSEJ_004092,images/n02655020_1999.png,train,n02655020_1999,n02655020
LSEJ_004093,images/n02655020_2268.png,train,n02655020_2268,n02655020
LSEJ_004094,images/n02655020_2438.png,train,n02655020_2438,n02655020
LSEJ_004095,images/n02655020_3604.png,train,n02655020_3604,n02655020
LSEJ_004097,images/n02655020_7505.png,train,n02655020_7505,n02655020
LSEJ_004098,images/n02655020_7690.png,train,n02655020_7690,n02655020
LSEJ_004099,images/n02655020_9799.png,train,n02655020_9799,n02655020
LSEJ_004100,images/n02666196_1023.png,train,n02666196_1023,n02666196
LSEJ_004101,images/n02666196_1166.png,train,n02666196_1166,n02666196
LSEJ_004102,images/n02666196_18777.png,train,n02666196_18777,n02666196
LSEJ_004103,images/n02666196_2225.png,train,n02666196_2225,n02666196
LSEJ_004104,images/n02666196_2474.png,train,n02666196_2474,n02666196
LSEJ_004106,images/n02666196_2784.png,train,n02666196_2784,n02666196
LSEJ_004107,images/n02666196_28038.png,train,n02666196_28038,n02666196
LSEJ_004108,images/n02666196_3518.png,train,n02666196_3518,n02666196
LSEJ_004109,images/n02666196_4647.png,train,n02666196_4647,n02666196
LSEJ_004110,images/n02666196_5450.png,train,n02666196_5450,n02666196
LSEJ_004113,images/n02667093_331.png,train,n02667093_331,n02667093
LSEJ_004115,images/n02667093_5587.png,train,n02667093_5587,n02667093
LSEJ_004117,images/n02667093_7320.png,train,n02667093_7320,n02667093
LSEJ_004118,images/n02667093_8167.png,train,n02667093_8167,n02667093
LSEJ_004120,images/n02669723_10319.png,train,n02669723_10319,n02669723
LSEJ_004121,images/n02669723_14711.png,train,n02669723_14711,n02669723
LSEJ_004123,images/n02669723_2347.png,train,n02669723_2347,n02669723
LSEJ_004124,images/n02669723_2713.png,train,n02669723_2713,n02669723
LSEJ_004125,images/n02669723_6883.png,train,n02669723_6883,n02669723
LSEJ_004126,images/n02669723_7201.png,train,n02669723_7201,n02669723
LSEJ_004127,images/n02669723_7873.png,train,n02669723_7873,n02669723
LSEJ_004129,images/n02672831_12504.png,train,n02672831_12504,n02672831
LSEJ_004130,images/n02672831_13171.png,train,n02672831_13171,n02672831
LSEJ_004132,images/n02672831_1360.png,train,n02672831_1360,n02672831
LSEJ_004133,images/n02672831_18340.png,train,n02672831_18340,n02672831
LSEJ_004135,images/n02672831_18472.png,train,n02672831_18472,n02672831
LSEJ_004136,images/n02672831_3346.png,train,n02672831_3346,n02672831
LSEJ_004137,images/n02672831_40.png,train,n02672831_40,n02672831
LSEJ_004138,images/n02672831_562.png,train,n02672831_562,n02672831
LSEJ_004139,images/n02672831_685.png,train,n02672831_685,n02672831
LSEJ_004141,images/n02676566_12963.png,train,n02676566_12963,n02676566
LSEJ_004143,images/n02676566_2825.png,train,n02676566_2825,n02676566
LSEJ_004144,images/n02676566_3206.png,train,n02676566_3206,n02676566
LSEJ_004145,images/n02676566_3339.png,train,n02676566_3339,n02676566
LSEJ_004148,images/n02676566_4166.png,train,n02676566_4166,n02676566
LSEJ_004149,images/n02676566_4530.png,train,n02676566_4530,n02676566
LSEJ_004150,images/n02676566_665.png,train,n02676566_665,n02676566
LSEJ_004151,images/n02676566_904.png,train,n02676566_904,n02676566
LSEJ_004152,images/n02687172_10719.png,train,n02687172_10719,n02687172
LSEJ_004153,images/n02687172_1160.png,train,n02687172_1160,n02687172
LSEJ_004154,images/n02687172_14814.png,train,n02687172_14814,n02687172
LSEJ_004155,images/n02687172_16195.png,train,n02687172_16195,n02687172
LSEJ_004156,images/n02687172_17631.png,train,n02687172_17631,n02687172
LSEJ_004157,images/n02687172_17741.png,train,n02687172_17741,n02687172
LSEJ_004158,images/n02687172_18207.png,train,n02687172_18207,n02687172
LSEJ_004159,images/n02687172_18426.png,train,n02687172_18426,n02687172
LSEJ_004160,images/n02687172_19472.png,train,n02687172_19472,n02687172
LSEJ_004162,images/n02687172_21425.png,train,n02687172_21425,n02687172
LSEJ_004164,images/n02687172_26917.png,train,n02687172_26917,n02687172
LSEJ_004165,images/n02687172_27488.png,train,n02687172_27488,n02687172
LSEJ_004167,images/n02687172_30525.png,train,n02687172_30525,n02687172
LSEJ_004168,images/n02687172_30722.png,train,n02687172_30722,n02687172
LSEJ_004169,images/n02687172_31394.png,train,n02687172_31394,n02687172
LSEJ_004170,images/n02687172_3406.png,train,n02687172_3406,n02687172
LSEJ_004171,images/n02687172_343.png,train,n02687172_343,n02687172
LSEJ_004173,images/n02687172_38456.png,train,n02687172_38456,n02687172
LSEJ_004177,images/n02687172_47126.png,train,n02687172_47126,n02687172
LSEJ_004178,images/n02687172_49351.png,train,n02687172_49351,n02687172
LSEJ_004179,images/n02687172_50035.png,train,n02687172_50035,n02687172
LSEJ_004180,images/n02687172_6300.png,train,n02687172_6300,n02687172
LSEJ_004181,images/n02687172_6775.png,train,n02687172_6775,n02687172
LSEJ_004182,images/n02687172_68481.png,train,n02687172_68481,n02687172
LSEJ_004184,images/n02687172_715.png,train,n02687172_715,n02687172
LSEJ_004185,images/n02687172_773.png,train,n02687172_773,n02687172
LSEJ_004186,images/n02687172_8663.png,train,n02687172_8663,n02687172
LSEJ_004189,images/n02687172_9194.png,train,n02687172_9194,n02687172
LSEJ_004190,images/n02687172_995.png,train,n02687172_995,n02687172
LSEJ_004192,images/n02690373_2268.png,train,n02690373_2268,n02690373
LSEJ_004193,images/n02690373_4918.png,train,n02690373_4918,n02690373
LSEJ_004195,images/n02690373_9318.png,train,n02690373_9318,n02690373
LSEJ_004196,images/n02690373_9662.png,train,n02690373_9662,n02690373
LSEJ_004197,images/n02690373_9762.png,train,n02690373_9762,n02690373
LSEJ_004198,images/n02692877_10274.png,train,n02692877_10274,n02692877
LSEJ_004199,images/n02692877_36851.png,train,n02692877_36851,n02692877
LSEJ_004201,images/n02692877_5375.png,train,n02692877_5375,n02692877
LSEJ_004202,images/n02692877_6625.png,train,n02692877_6625,n02692877
LSEJ_004204,images/n02699494_11860.png,train,n02699494_11860,n02699494
LSEJ_004206,images/n02699494_16060.png,train,n02699494_16060,n02699494
LSEJ_004207,images/n02699494_16554.png,train,n02699494_16554,n02699494
LSEJ_004208,images/n02699494_16983.png,train,n02699494_16983,n02699494
LSEJ_004209,images/n02699494_3920.png,train,n02699494_3920,n02699494
LSEJ_004212,images/n02699494_5682.png,train,n02699494_5682,n02699494
LSEJ_004213,images/n02699494_5748.png,train,n02699494_5748,n02699494
LSEJ_004214,images/n02699494_628.png,train,n02699494_628,n02699494
LSEJ_004216,images/n02699494_7234.png,train,n02699494_7234,n02699494
LSEJ_004217,images/n02699494_7411.png,train,n02699494_7411,n02699494
LSEJ_004218,images/n02699494_850.png,train,n02699494_850,n02699494
LSEJ_004219,images/n02699494_9127.png,train,n02699494_9127,n02699494
LSEJ_004220,images/n02701002_10279.png,train,n02701002_10279,n02701002
LSEJ_004223,images/n02701002_12331.png,train,n02701002_12331,n02701002
LSEJ_004225,images/n02701002_13052.png,train,n02701002_13052,n02701002
LSEJ_004227,images/n02701002_14591.png,train,n02701002_14591,n02701002
LSEJ_004228,images/n02701002_1662.png,train,n02701002_1662,n02701002
LSEJ_004229,images/n02701002_1830.png,train,n02701002_1830,n02701002
LSEJ_004231,images/n02701002_21939.png,train,n02701002_21939,n02701002
LSEJ_004232,images/n02701002_22344.png,train,n02701002_22344,n02701002
LSEJ_004233,images/n02701002_22517.png,train,n02701002_22517,n02701002
LSEJ_004234,images/n02701002_2299.png,train,n02701002_2299,n02701002
LSEJ_004235,images/n02701002_23092.png,train,n02701002_23092,n02701002
LSEJ_004237,images/n02701002_25032.png,train,n02701002_25032,n02701002
LSEJ_004239,images/n02701002_26102.png,train,n02701002_26102,n02701002
LSEJ_004242,images/n02701002_3480.png,train,n02701002_3480,n02701002
LSEJ_004243,images/n02701002_3592.png,train,n02701002_3592,n02701002
LSEJ_004244,images/n02701002_3608.png,train,n02701002_3608,n02701002
LSEJ_004245,images/n02701002_3713.png,train,n02701002_3713,n02701002
LSEJ_004246,images/n02701002_4299.png,train,n02701002_4299,n02701002
LSEJ_004247,images/n02701002_4335.png,train,n02701002_4335,n02701002
LSEJ_004249,images/n02701002_4528.png,train,n02701002_4528,n02701002
LSEJ_004250,images/n02701002_4752.png,train,n02701002_4752,n02701002
LSEJ_004251,images/n02701002_502.png,train,n02701002_502,n02701002
LSEJ_004252,images/n02701002_5205.png,train,n02701002_5205,n02701002
LSEJ_004253,images/n02701002_5432.png,train,n02701002_5432,n02701002
LSEJ_004254,images/n02701002_5523.png,train,n02701002_5523,n02701002
LSEJ_004255,images/n02701002_5639.png,train,n02701002_5639,n02701002
LSEJ_004256,images/n02701002_5977.png,train,n02701002_5977,n02701002
LSEJ_004257,images/n02701002_6139.png,train,n02701002_6139,n02701002
LSEJ_004258,images/n02701002_638.png,train,n02701002_638,n02701002
LSEJ_004259,images/n02701002_6659.png,train,n02701002_6659,n02701002
LSEJ_004260,images/n02701002_7345.png,train,n02701002_7345,n02701002
LSEJ_004262,images/n02701002_9738.png,train,n02701002_9738,n02701002
LSEJ_004263,images/n02701002_9770.png,train,n02701002_9770,n02701002
LSEJ_004265,images/n02704792_1122.png,train,n02704792_1122,n02704792
LSEJ_004266,images/n02704792_11441.png,train,n02704792_11441,n02704792
LSEJ_004268,images/n02704792_13345.png,train,n02704792_13345,n02704792
LSEJ_004270,images/n02704792_15036.png,train,n02704792_15036,n02704792
LSEJ_004271,images/n02704792_15460.png,train,n02704792_15460,n02704792
LSEJ_004272,images/n02704792_15603.png,train,n02704792_15603,n02704792
LSEJ_004274,images/n02704792_166.png,train,n02704792_166,n02704792
LSEJ_004275,images/n02704792_2131.png,train,n02704792_2131,n02704792
LSEJ_004276,images/n02704792_21357.png,train,n02704792_21357,n02704792
LSEJ_004277,images/n02704792_2229.png,train,n02704792_2229,n02704792
LSEJ_004278,images/n02704792_2233.png,train,n02704792_2233,n02704792
LSEJ_004279,images/n02704792_23312.png,train,n02704792_23312,n02704792
LSEJ_004280,images/n02704792_2570.png,train,n02704792_2570,n02704792
LSEJ_004281,images/n02704792_3111.png,train,n02704792_3111,n02704792
LSEJ_004282,images/n02704792_3292.png,train,n02704792_3292,n02704792
LSEJ_004283,images/n02704792_3609.png,train,n02704792_3609,n02704792
LSEJ_004284,images/n02704792_3707.png,train,n02704792_3707,n02704792
LSEJ_004286,images/n02704792_3969.png,train,n02704792_3969,n02704792
LSEJ_004288,images/n02704792_4066.png,train,n02704792_4066,n02704792
LSEJ_004289,images/n02704792_4078.png,train,n02704792_4078,n02704792
LSEJ_004292,images/n02704792_5468.png,train,n02704792_5468,n02704792
LSEJ_004293,images/n02704792_6017.png,train,n02704792_6017,n02704792
LSEJ_004294,images/n02704792_6042.png,train,n02704792_6042,n02704792
LSEJ_004295,images/n02704792_6852.png,train,n02704792_6852,n02704792
LSEJ_004296,images/n02704792_7525.png,train,n02704792_7525,n02704792
LSEJ_004297,images/n02704792_8069.png,train,n02704792_8069,n02704792
LSEJ_004298,images/n02704792_9427.png,train,n02704792_9427,n02704792
LSEJ_004299,images/n02704792_9485.png,train,n02704792_9485,n02704792
LSEJ_004302,images/n02708093_1714.png,train,n02708093_1714,n02708093
LSEJ_004304,images/n02708093_2344.png,train,n02708093_2344,n02708093
LSEJ_004305,images/n02708093_3149.png,train,n02708093_3149,n02708093
LSEJ_004306,images/n02708093_601.png,train,n02708093_601,n02708093
LSEJ_004307,images/n02727426_10584.png,train,n02727426_10584,n02727426
LSEJ_004309,images/n02727426_11439.png,train,n02727426_11439,n02727426
LSEJ_004312,images/n02727426_151.png,train,n02727426_151,n02727426
LSEJ_004313,images/n02727426_15810.png,train,n02727426_15810,n02727426
LSEJ_004316,images/n02727426_2.png,train,n02727426_2,n02727426
LSEJ_004317,images/n02727426_25621.png,train,n02727426_25621,n02727426
LSEJ_004318,images/n02727426_26321.png,train,n02727426_26321,n02727426
LSEJ_004319,images/n02727426_267.png,train,n02727426_267,n02727426
LSEJ_004320,images/n02727426_27047.png,train,n02727426_27047,n02727426
LSEJ_004321,images/n02727426_3136.png,train,n02727426_3136,n02727426
LSEJ_004322,images/n02727426_3205.png,train,n02727426_3205,n02727426
LSEJ_004323,images/n02727426_32912.png,train,n02727426_32912,n02727426
LSEJ_004324,images/n02727426_34573.png,train,n02727426_34573,n02727426
LSEJ_004326,images/n02727426_6812.png,train,n02727426_6812,n02727426
LSEJ_004327,images/n02727426_7242.png,train,n02727426_7242,n02727426
LSEJ_004328,images/n02727426_8687.png,train,n02727426_8687,n02727426
LSEJ_004329,images/n02727426_9788.png,train,n02727426_9788,n02727426
LSEJ_004330,images/n02730930_1026.png,train,n02730930_1026,n02730930
LSEJ_004331,images/n02730930_11433.png,train,n02730930_11433,n02730930
LSEJ_004332,images/n02730930_11453.png,train,n02730930_11453,n02730930
LSEJ_004333,images/n02730930_1170.png,train,n02730930_1170,n02730930
LSEJ_004335,images/n02730930_21721.png,train,n02730930_21721,n02730930
LSEJ_004336,images/n02730930_22442.png,train,n02730930_22442,n02730930
LSEJ_004338,images/n02730930_8692.png,train,n02730930_8692,n02730930
LSEJ_004339,images/n02747177_10095.png,train,n02747177_10095,n02747177
LSEJ_004340,images/n02747177_12406.png,train,n02747177_12406,n02747177
LSEJ_004343,images/n02747177_14542.png,train,n02747177_14542,n02747177
LSEJ_004344,images/n02747177_20678.png,train,n02747177_20678,n02747177
LSEJ_004345,images/n02747177_22280.png,train,n02747177_22280,n02747177
LSEJ_004346,images/n02747177_23629.png,train,n02747177_23629,n02747177
LSEJ_004347,images/n02747177_26842.png,train,n02747177_26842,n02747177
LSEJ_004348,images/n02747177_27863.png,train,n02747177_27863,n02747177
LSEJ_004349,images/n02747177_28910.png,train,n02747177_28910,n02747177
LSEJ_004350,images/n02747177_30061.png,train,n02747177_30061,n02747177
LSEJ_004351,images/n02747177_30156.png,train,n02747177_30156,n02747177
LSEJ_004353,images/n02749479_2079.png,train,n02749479_2079,n02749479
LSEJ_004354,images/n02749479_2353.png,train,n02749479_2353,n02749479
LSEJ_004356,images/n02749479_3767.png,train,n02749479_3767,n02749479
LSEJ_004358,images/n02749479_4821.png,train,n02749479_4821,n02749479
LSEJ_004360,images/n02769748_12727.png,train,n02769748_12727,n02769748
LSEJ_004361,images/n02769748_1707.png,train,n02769748_1707,n02769748
LSEJ_004363,images/n02769748_81593.png,train,n02769748_81593,n02769748
LSEJ_004364,images/n02769748_84909.png,train,n02769748_84909,n02769748
LSEJ_004365,images/n02769748_86359.png,train,n02769748_86359,n02769748
LSEJ_004366,images/n02776631_18828.png,train,n02776631_18828,n02776631
LSEJ_004367,images/n02776631_20771.png,train,n02776631_20771,n02776631
LSEJ_004368,images/n02776631_2123.png,train,n02776631_2123,n02776631
LSEJ_004369,images/n02776631_22124.png,train,n02776631_22124,n02776631
LSEJ_004371,images/n02776631_23230.png,train,n02776631_23230,n02776631
LSEJ_004372,images/n02776631_30383.png,train,n02776631_30383,n02776631
LSEJ_004375,images/n02776631_43165.png,train,n02776631_43165,n02776631
LSEJ_004376,images/n02776631_45616.png,train,n02776631_45616,n02776631
LSEJ_004377,images/n02776631_47207.png,train,n02776631_47207,n02776631
LSEJ_004378,images/n02776631_6191.png,train,n02776631_6191,n02776631
LSEJ_004380,images/n02776631_7444.png,train,n02776631_7444,n02776631
LSEJ_004381,images/n02777292_10002.png,train,n02777292_10002,n02777292
LSEJ_004383,images/n02777292_11112.png,train,n02777292_11112,n02777292
LSEJ_004385,images/n02777292_14153.png,train,n02777292_14153,n02777292
LSEJ_004386,images/n02777292_14669.png,train,n02777292_14669,n02777292
LSEJ_004387,images/n02777292_16167.png,train,n02777292_16167,n02777292
LSEJ_004388,images/n02777292_20129.png,train,n02777292_20129,n02777292
LSEJ_004389,images/n02777292_21034.png,train,n02777292_21034,n02777292
LSEJ_004391,images/n02777292_27422.png,train,n02777292_27422,n02777292
LSEJ_004392,images/n02777292_3534.png,train,n02777292_3534,n02777292
LSEJ_004394,images/n02777292_5291.png,train,n02777292_5291,n02777292
LSEJ_004395,images/n02777292_5313.png,train,n02777292_5313,n02777292
LSEJ_004396,images/n02777292_7928.png,train,n02777292_7928,n02777292
LSEJ_004397,images/n02782093_1297.png,train,n02782093_1297,n02782093
LSEJ_004398,images/n02782093_13201.png,train,n02782093_13201,n02782093
LSEJ_004400,images/n02782093_2858.png,train,n02782093_2858,n02782093
LSEJ_004401,images/n02782093_33038.png,train,n02782093_33038,n02782093
LSEJ_004402,images/n02782093_3374.png,train,n02782093_3374,n02782093
LSEJ_004403,images/n02782093_3608.png,train,n02782093_3608,n02782093
LSEJ_004404,images/n02782093_3783.png,train,n02782093_3783,n02782093
LSEJ_004407,images/n02782093_446.png,train,n02782093_446,n02782093
LSEJ_004408,images/n02782093_5054.png,train,n02782093_5054,n02782093
LSEJ_004410,images/n02782093_5498.png,train,n02782093_5498,n02782093
LSEJ_004411,images/n02782093_6099.png,train,n02782093_6099,n02782093
LSEJ_004412,images/n02782093_7039.png,train,n02782093_7039,n02782093
LSEJ_004413,images/n02782093_7686.png,train,n02782093_7686,n02782093
LSEJ_004415,images/n02783161_3387.png,train,n02783161_3387,n02783161
LSEJ_004416,images/n02783161_9542.png,train,n02783161_9542,n02783161
LSEJ_004417,images/n02786058_2296.png,train,n02786058_2296,n02786058
LSEJ_004418,images/n02786058_2311.png,train,n02786058_2311,n02786058
LSEJ_004420,images/n02786058_7385.png,train,n02786058_7385,n02786058
LSEJ_004421,images/n02787622_10180.png,train,n02787622_10180,n02787622
LSEJ_004422,images/n02787622_10574.png,train,n02787622_10574,n02787622
LSEJ_004426,images/n02787622_12439.png,train,n02787622_12439,n02787622
LSEJ_004427,images/n02787622_12848.png,train,n02787622_12848,n02787622
LSEJ_004429,images/n02787622_15753.png,train,n02787622_15753,n02787622
LSEJ_004430,images/n02787622_17754.png,train,n02787622_17754,n02787622
LSEJ_004431,images/n02787622_18442.png,train,n02787622_18442,n02787622
LSEJ_004432,images/n02787622_1943.png,train,n02787622_1943,n02787622
LSEJ_004433,images/n02787622_2363.png,train,n02787622_2363,n02787622
LSEJ_004434,images/n02787622_2461.png,train,n02787622_2461,n02787622
LSEJ_004435,images/n02787622_4047.png,train,n02787622_4047,n02787622
LSEJ_004437,images/n02787622_6802.png,train,n02787622_6802,n02787622
LSEJ_004438,images/n02787622_7142.png,train,n02787622_7142,n02787622
LSEJ_004439,images/n02788148_1129.png,train,n02788148_1129,n02788148
LSEJ_004440,images/n02788148_1140.png,train,n02788148_1140,n02788148
LSEJ_004441,images/n02788148_1190.png,train,n02788148_1190,n02788148
LSEJ_004442,images/n02788148_12302.png,train,n02788148_12302,n02788148
LSEJ_004443,images/n02788148_16749.png,train,n02788148_16749,n02788148
LSEJ_004445,images/n02788148_2339.png,train,n02788148_2339,n02788148
LSEJ_004446,images/n02788148_24083.png,train,n02788148_24083,n02788148
LSEJ_004448,images/n02788148_26302.png,train,n02788148_26302,n02788148
LSEJ_004449,images/n02788148_36792.png,train,n02788148_36792,n02788148
LSEJ_004450,images/n02788148_5538.png,train,n02788148_5538,n02788148
LSEJ_004452,images/n02788148_779.png,train,n02788148_779,n02788148
LSEJ_004453,images/n02790996_1819.png,train,n02790996_1819,n02790996
LSEJ_004454,images/n02790996_2857.png,train,n02790996_2857,n02790996
LSEJ_004457,images/n02790996_4094.png,train,n02790996_4094,n02790996
LSEJ_004458,images/n02790996_4570.png,train,n02790996_4570,n02790996
LSEJ_004459,images/n02790996_5647.png,train,n02790996_5647,n02790996
LSEJ_004460,images/n02790996_6329.png,train,n02790996_6329,n02790996
LSEJ_004461,images/n02790996_8201.png,train,n02790996_8201,n02790996
LSEJ_004463,images/n02791124_1582.png,train,n02791124_1582,n02791124
LSEJ_004464,images/n02791124_2284.png,train,n02791124_2284,n02791124
LSEJ_004466,images/n02791124_2856.png,train,n02791124_2856,n02791124
LSEJ_004468,images/n02791124_2861.png,train,n02791124_2861,n02791124
LSEJ_004469,images/n02791124_2935.png,train,n02791124_2935,n02791124
LSEJ_004470,images/n02791124_371.png,train,n02791124_371,n02791124
LSEJ_004471,images/n02791124_3731.png,train,n02791124_3731,n02791124
LSEJ_004472,images/n02791124_7067.png,train,n02791124_7067,n02791124
LSEJ_004474,images/n02791124_7759.png,train,n02791124_7759,n02791124
LSEJ_004475,images/n02791124_8002.png,train,n02791124_8002,n02791124
LSEJ_004476,images/n02791124_8162.png,train,n02791124_8162,n02791124
LSEJ_004477,images/n02791270_3090.png,train,n02791270_3090,n02791270
LSEJ_004478,images/n02793495_14509.png,train,n02793495_14509,n02793495
LSEJ_004479,images/n02793495_14997.png,train,n02793495_14997,n02793495
LSEJ_004480,images/n02793495_16179.png,train,n02793495_16179,n02793495
LSEJ_004481,images/n02793495_22740.png,train,n02793495_22740,n02793495
LSEJ_004483,images/n02794156_1537.png,train,n02794156_1537,n02794156
LSEJ_004484,images/n02794156_15995.png,train,n02794156_15995,n02794156
LSEJ_004485,images/n02794156_20113.png,train,n02794156_20113,n02794156
LSEJ_004486,images/n02794156_2646.png,train,n02794156_2646,n02794156
LSEJ_004489,images/n02795169_21853.png,train,n02795169_21853,n02795169
LSEJ_004491,images/n02795169_4923.png,train,n02795169_4923,n02795169
LSEJ_004492,images/n02795169_7696.png,train,n02795169_7696,n02795169
LSEJ_004493,images/n02795169_8104.png,train,n02795169_8104,n02795169
LSEJ_004496,images/n02797295_1366.png,train,n02797295_1366,n02797295
LSEJ_004497,images/n02797295_22166.png,train,n02797295_22166,n02797295
LSEJ_004498,images/n02797295_22797.png,train,n02797295_22797,n02797295
LSEJ_004499,images/n02797295_462.png,train,n02797295_462,n02797295
LSEJ_004500,images/n02797295_4889.png,train,n02797295_4889,n02797295
LSEJ_004501,images/n02797295_7624.png,train,n02797295_7624,n02797295
LSEJ_004502,images/n02799071_11452.png,train,n02799071_11452,n02799071
LSEJ_004503,images/n02799071_15482.png,train,n02799071_15482,n02799071
LSEJ_004504,images/n02799071_15648.png,train,n02799071_15648,n02799071
LSEJ_004507,images/n02799071_29849.png,train,n02799071_29849,n02799071
LSEJ_004508,images/n02799071_30705.png,train,n02799071_30705,n02799071
LSEJ_004509,images/n02799071_33703.png,train,n02799071_33703,n02799071
LSEJ_004510,images/n02799071_38131.png,train,n02799071_38131,n02799071
LSEJ_004511,images/n02799071_7839.png,train,n02799071_7839,n02799071
LSEJ_004514,images/n02802426_15685.png,train,n02802426_15685,n02802426
LSEJ_004515,images/n02802426_16845.png,train,n02802426_16845,n02802426
LSEJ_004517,images/n02802426_18157.png,train,n02802426_18157,n02802426
LSEJ_004518,images/n02802426_21317.png,train,n02802426_21317,n02802426
LSEJ_004519,images/n02802426_23802.png,train,n02802426_23802,n02802426
LSEJ_004520,images/n02802426_23812.png,train,n02802426_23812,n02802426
LSEJ_004521,images/n02802426_2966.png,train,n02802426_2966,n02802426
LSEJ_004523,images/n02802426_487.png,train,n02802426_487,n02802426
LSEJ_004524,images/n02802426_9659.png,train,n02802426_9659,n02802426
LSEJ_004525,images/n02804414_10370.png,train,n02804414_10370,n02804414
LSEJ_004526,images/n02804414_1649.png,train,n02804414_1649,n02804414
LSEJ_004528,images/n02804414_2855.png,train,n02804414_2855,n02804414
LSEJ_004529,images/n02804414_424.png,train,n02804414_424,n02804414
LSEJ_004530,images/n02804414_6359.png,train,n02804414_6359,n02804414
LSEJ_004531,images/n02804414_7895.png,train,n02804414_7895,n02804414
LSEJ_004534,images/n02804610_12238.png,train,n02804610_12238,n02804610
LSEJ_004535,images/n02804610_12374.png,train,n02804610_12374,n02804610
LSEJ_004537,images/n02804610_15120.png,train,n02804610_15120,n02804610
LSEJ_004538,images/n02804610_1694.png,train,n02804610_1694,n02804610
LSEJ_004539,images/n02804610_1696.png,train,n02804610_1696,n02804610
LSEJ_004540,images/n02804610_1947.png,train,n02804610_1947,n02804610
LSEJ_004541,images/n02804610_21302.png,train,n02804610_21302,n02804610
LSEJ_004542,images/n02804610_21806.png,train,n02804610_21806,n02804610
LSEJ_004543,images/n02804610_22861.png,train,n02804610_22861,n02804610
LSEJ_004545,images/n02804610_25291.png,train,n02804610_25291,n02804610
LSEJ_004546,images/n02804610_25304.png,train,n02804610_25304,n02804610
LSEJ_004547,images/n02804610_25683.png,train,n02804610_25683,n02804610
LSEJ_004548,images/n02804610_26566.png,train,n02804610_26566,n02804610
LSEJ_004552,images/n02804610_30573.png,train,n02804610_30573,n02804610
LSEJ_004555,images/n02804610_34202.png,train,n02804610_34202,n02804610
LSEJ_004556,images/n02804610_34236.png,train,n02804610_34236,n02804610
LSEJ_004557,images/n02804610_34290.png,train,n02804610_34290,n02804610
LSEJ_004558,images/n02804610_36416.png,train,n02804610_36416,n02804610
LSEJ_004559,images/n02804610_5012.png,train,n02804610_5012,n02804610
LSEJ_004560,images/n02804610_512.png,train,n02804610_512,n02804610
LSEJ_004561,images/n02804610_5486.png,train,n02804610_5486,n02804610
LSEJ_004562,images/n02804610_92.png,train,n02804610_92,n02804610
LSEJ_004564,images/n02807133_1112.png,train,n02807133_1112,n02807133
LSEJ_004565,images/n02807133_12432.png,train,n02807133_12432,n02807133
LSEJ_004566,images/n02807133_12607.png,train,n02807133_12607,n02807133
LSEJ_004568,images/n02807133_12777.png,train,n02807133_12777,n02807133
LSEJ_004569,images/n02807133_12872.png,train,n02807133_12872,n02807133
LSEJ_004570,images/n02807133_13583.png,train,n02807133_13583,n02807133
LSEJ_004571,images/n02807133_3228.png,train,n02807133_3228,n02807133
LSEJ_004572,images/n02807133_368.png,train,n02807133_368,n02807133
LSEJ_004574,images/n02807133_5691.png,train,n02807133_5691,n02807133
LSEJ_004575,images/n02807133_6435.png,train,n02807133_6435,n02807133
LSEJ_004576,images/n02807133_6742.png,train,n02807133_6742,n02807133
LSEJ_004577,images/n02807133_8214.png,train,n02807133_8214,n02807133
LSEJ_004579,images/n02807133_9618.png,train,n02807133_9618,n02807133
LSEJ_004581,images/n02807133_9747.png,train,n02807133_9747,n02807133
LSEJ_004582,images/n02808304_12310.png,train,n02808304_12310,n02808304
LSEJ_004583,images/n02808304_14384.png,train,n02808304_14384,n02808304
LSEJ_004585,images/n02808304_18906.png,train,n02808304_18906,n02808304
LSEJ_004587,images/n02808304_2539.png,train,n02808304_2539,n02808304
LSEJ_004588,images/n02808304_3233.png,train,n02808304_3233,n02808304
LSEJ_004589,images/n02808304_3241.png,train,n02808304_3241,n02808304
LSEJ_004591,images/n02808304_3633.png,train,n02808304_3633,n02808304
LSEJ_004592,images/n02808304_4255.png,train,n02808304_4255,n02808304
LSEJ_004593,images/n02808304_6420.png,train,n02808304_6420,n02808304
LSEJ_004594,images/n02808304_9325.png,train,n02808304_9325,n02808304
LSEJ_004595,images/n02808440_11804.png,train,n02808440_11804,n02808440
LSEJ_004597,images/n02808440_14034.png,train,n02808440_14034,n02808440
LSEJ_004598,images/n02808440_19197.png,train,n02808440_19197,n02808440
LSEJ_004599,images/n02808440_2380.png,train,n02808440_2380,n02808440
LSEJ_004601,images/n02808440_26605.png,train,n02808440_26605,n02808440
LSEJ_004602,images/n02808440_35733.png,train,n02808440_35733,n02808440
LSEJ_004603,images/n02808440_37557.png,train,n02808440_37557,n02808440
LSEJ_004604,images/n02808440_38805.png,train,n02808440_38805,n02808440
LSEJ_004606,images/n02808440_45072.png,train,n02808440_45072,n02808440
LSEJ_004607,images/n02808440_45407.png,train,n02808440_45407,n02808440
LSEJ_004608,images/n02808440_47631.png,train,n02808440_47631,n02808440
LSEJ_004610,images/n02814533_13155.png,train,n02814533_13155,n02814533
LSEJ_004612,images/n02814533_17866.png,train,n02814533_17866,n02814533
LSEJ_004614,images/n02814533_211.png,train,n02814533_211,n02814533
LSEJ_004615,images/n02814533_27090.png,train,n02814533_27090,n02814533
LSEJ_004616,images/n02814533_30457.png,train,n02814533_30457,n02814533
LSEJ_004617,images/n02814533_3402.png,train,n02814533_3402,n02814533
LSEJ_004618,images/n02814533_3554.png,train,n02814533_3554,n02814533
LSEJ_004619,images/n02814533_3970.png,train,n02814533_3970,n02814533
LSEJ_004620,images/n02814533_39844.png,train,n02814533_39844,n02814533
LSEJ_004621,images/n02814533_39933.png,train,n02814533_39933,n02814533
LSEJ_004622,images/n02814533_4087.png,train,n02814533_4087,n02814533
LSEJ_004623,images/n02814533_42453.png,train,n02814533_42453,n02814533
LSEJ_004626,images/n02814533_67571.png,train,n02814533_67571,n02814533
LSEJ_004627,images/n02814533_70354.png,train,n02814533_70354,n02814533
LSEJ_004629,images/n02814533_8025.png,train,n02814533_8025,n02814533
LSEJ_004631,images/n02814533_88199.png,train,n02814533_88199,n02814533
LSEJ_004632,images/n02814533_95096.png,train,n02814533_95096,n02814533
LSEJ_004633,images/n02814533_95653.png,train,n02814533_95653,n02814533
LSEJ_004634,images/n02814533_9886.png,train,n02814533_9886,n02814533
LSEJ_004635,images/n02814533_9936.png,train,n02814533_9936,n02814533
LSEJ_004636,images/n02814860_13698.png,train,n02814860_13698,n02814860
LSEJ_004637,images/n02814860_1482.png,train,n02814860_1482,n02814860
LSEJ_004638,images/n02814860_1538.png,train,n02814860_1538,n02814860
LSEJ_004639,images/n02814860_16902.png,train,n02814860_16902,n02814860
LSEJ_004642,images/n02814860_22253.png,train,n02814860_22253,n02814860
LSEJ_004643,images/n02814860_22566.png,train,n02814860_22566,n02814860
LSEJ_004644,images/n02814860_25713.png,train,n02814860_25713,n02814860
LSEJ_004645,images/n02814860_417.png,train,n02814860_417,n02814860
LSEJ_004646,images/n02814860_5934.png,train,n02814860_5934,n02814860
LSEJ_004648,images/n02814860_7325.png,train,n02814860_7325,n02814860
LSEJ_004650,images/n02814860_9000.png,train,n02814860_9000,n02814860
LSEJ_004651,images/n02814860_904.png,train,n02814860_904,n02814860
LSEJ_004652,images/n02815834_10781.png,train,n02815834_10781,n02815834
LSEJ_004653,images/n02815834_11683.png,train,n02815834_11683,n02815834
LSEJ_004656,images/n02815834_12841.png,train,n02815834_12841,n02815834
LSEJ_004657,images/n02815834_14058.png,train,n02815834_14058,n02815834
LSEJ_004658,images/n02815834_148.png,train,n02815834_148,n02815834
LSEJ_004659,images/n02815834_1745.png,train,n02815834_1745,n02815834
LSEJ_004660,images/n02815834_2379.png,train,n02815834_2379,n02815834
LSEJ_004661,images/n02815834_4149.png,train,n02815834_4149,n02815834
LSEJ_004662,images/n02815834_4927.png,train,n02815834_4927,n02815834
LSEJ_004663,images/n02815834_5942.png,train,n02815834_5942,n02815834
LSEJ_004666,images/n02815834_9667.png,train,n02815834_9667,n02815834
LSEJ_004668,images/n02817516_12867.png,train,n02817516_12867,n02817516
LSEJ_004669,images/n02817516_21497.png,train,n02817516_21497,n02817516
LSEJ_004670,images/n02817516_21724.png,train,n02817516_21724,n02817516
LSEJ_004671,images/n02817516_22832.png,train,n02817516_22832,n02817516
LSEJ_004672,images/n02817516_40100.png,train,n02817516_40100,n02817516
LSEJ_004675,images/n02817516_48239.png,train,n02817516_48239,n02817516
LSEJ_004676,images/n02817516_50214.png,train,n02817516_50214,n02817516
LSEJ_004677,images/n02817516_60034.png,train,n02817516_60034,n02817516
LSEJ_004678,images/n02817516_67499.png,train,n02817516_67499,n02817516
LSEJ_004679,images/n02817516_7481.png,train,n02817516_7481,n02817516
LSEJ_004681,images/n02823428_2337.png,train,n02823428_2337,n02823428
LSEJ_004682,images/n02823428_345.png,train,n02823428_345,n02823428
LSEJ_004683,images/n02823428_7903.png,train,n02823428_7903,n02823428
LSEJ_004684,images/n02823750_1160.png,train,n02823750_1160,n02823750
LSEJ_004686,images/n02823750_613.png,train,n02823750_613,n02823750
LSEJ_004687,images/n02823750_930.png,train,n02823750_930,n02823750
LSEJ_004688,images/n02825657_15282.png,train,n02825657_15282,n02825657
LSEJ_004691,images/n02825657_2475.png,train,n02825657_2475,n02825657
LSEJ_004692,images/n02825657_3847.png,train,n02825657_3847,n02825657
LSEJ_004693,images/n02825657_4596.png,train,n02825657_4596,n02825657
LSEJ_004694,images/n02825657_6962.png,train,n02825657_6962,n02825657
LSEJ_004695,images/n02834397_13198.png,train,n02834397_13198,n02834397
LSEJ_004698,images/n02834397_22917.png,train,n02834397_22917,n02834397
LSEJ_004699,images/n02834397_2333.png,train,n02834397_2333,n02834397
LSEJ_004700,images/n02834397_23521.png,train,n02834397_23521,n02834397
LSEJ_004701,images/n02834397_3111.png,train,n02834397_3111,n02834397
LSEJ_004702,images/n02834397_37586.png,train,n02834397_37586,n02834397
LSEJ_004703,images/n02834397_8906.png,train,n02834397_8906,n02834397
LSEJ_004704,images/n02835271_10104.png,train,n02835271_10104,n02835271
LSEJ_004705,images/n02835271_12790.png,train,n02835271_12790,n02835271
LSEJ_004707,images/n02835271_1627.png,train,n02835271_1627,n02835271
LSEJ_004708,images/n02835271_21558.png,train,n02835271_21558,n02835271
LSEJ_004711,images/n02835271_3849.png,train,n02835271_3849,n02835271
LSEJ_004712,images/n02835271_3850.png,train,n02835271_3850,n02835271
LSEJ_004713,images/n02835271_6278.png,train,n02835271_6278,n02835271
LSEJ_004714,images/n02835271_7230.png,train,n02835271_7230,n02835271
LSEJ_004716,images/n02837789_13273.png,train,n02837789_13273,n02837789
LSEJ_004717,images/n02837789_783.png,train,n02837789_783,n02837789
LSEJ_004718,images/n02840245_4786.png,train,n02840245_4786,n02840245
LSEJ_004719,images/n02840245_6644.png,train,n02840245_6644,n02840245
LSEJ_004721,images/n02841315_14953.png,train,n02841315_14953,n02841315
LSEJ_004722,images/n02841315_16759.png,train,n02841315_16759,n02841315
LSEJ_004723,images/n02841315_27237.png,train,n02841315_27237,n02841315
LSEJ_004724,images/n02841315_5843.png,train,n02841315_5843,n02841315
LSEJ_004725,images/n02843684_10706.png,train,n02843684_10706,n02843684
LSEJ_004726,images/n02843684_19845.png,train,n02843684_19845,n02843684
LSEJ_004728,images/n02859443_11516.png,train,n02859443_11516,n02859443
LSEJ_004730,images/n02859443_12453.png,train,n02859443_12453,n02859443
LSEJ_004731,images/n02859443_14298.png,train,n02859443_14298,n02859443
LSEJ_004732,images/n02859443_2013.png,train,n02859443_2013,n02859443
LSEJ_004733,images/n02859443_27855.png,train,n02859443_27855,n02859443
LSEJ_004734,images/n02859443_3089.png,train,n02859443_3089,n02859443
LSEJ_004735,images/n02859443_32287.png,train,n02859443_32287,n02859443
LSEJ_004737,images/n02859443_4460.png,train,n02859443_4460,n02859443
LSEJ_004738,images/n02859443_4711.png,train,n02859443_4711,n02859443
LSEJ_004739,images/n02859443_5983.png,train,n02859443_5983,n02859443
LSEJ_004741,images/n02859443_6697.png,train,n02859443_6697,n02859443
LSEJ_004742,images/n02859443_670.png,train,n02859443_670,n02859443
LSEJ_004743,images/n02859443_682.png,train,n02859443_682,n02859443
LSEJ_004746,images/n02859443_8441.png,train,n02859443_8441,n02859443
LSEJ_004747,images/n02859443_9093.png,train,n02859443_9093,n02859443
LSEJ_004749,images/n02860847_11132.png,train,n02860847_11132,n02860847
LSEJ_004750,images/n02860847_1363.png,train,n02860847_1363,n02860847
LSEJ_004752,images/n02860847_13974.png,train,n02860847_13974,n02860847
LSEJ_004753,images/n02860847_1520.png,train,n02860847_1520,n02860847
LSEJ_004755,images/n02860847_17203.png,train,n02860847_17203,n02860847
LSEJ_004756,images/n02860847_1781.png,train,n02860847_1781,n02860847
LSEJ_004758,images/n02860847_18891.png,train,n02860847_18891,n02860847
LSEJ_004759,images/n02860847_20397.png,train,n02860847_20397,n02860847
LSEJ_004760,images/n02860847_28304.png,train,n02860847_28304,n02860847
LSEJ_004762,images/n02860847_3057.png,train,n02860847_3057,n02860847
LSEJ_004763,images/n02860847_40430.png,train,n02860847_40430,n02860847
LSEJ_004764,images/n02860847_40756.png,train,n02860847_40756,n02860847
LSEJ_004765,images/n02860847_4534.png,train,n02860847_4534,n02860847
LSEJ_004766,images/n02860847_6132.png,train,n02860847_6132,n02860847
LSEJ_004767,images/n02860847_8380.png,train,n02860847_8380,n02860847
LSEJ_004768,images/n02860847_9345.png,train,n02860847_9345,n02860847
LSEJ_004769,images/n02865351_11784.png,train,n02865351_11784,n02865351
LSEJ_004770,images/n02865351_19736.png,train,n02865351_19736,n02865351
LSEJ_004771,images/n02865351_19778.png,train,n02865351_19778,n02865351
LSEJ_004774,images/n02865351_5992.png,train,n02865351_5992,n02865351
LSEJ_004775,images/n02865351_6749.png,train,n02865351_6749,n02865351
LSEJ_004776,images/n02865351_693.png,train,n02865351_693,n02865351
LSEJ_004778,images/n02865351_9211.png,train,n02865351_9211,n02865351
LSEJ_004779,images/n02869837_1116.png,train,n02869837_1116,n02869837
LSEJ_004780,images/n02869837_11482.png,train,n02869837_11482,n02869837
LSEJ_004781,images/n02869837_18068.png,train,n02869837_18068,n02869837
LSEJ_004783,images/n02869837_25026.png,train,n02869837_25026,n02869837
LSEJ_004784,images/n02869837_25444.png,train,n02869837_25444,n02869837
LSEJ_004785,images/n02869837_25895.png,train,n02869837_25895,n02869837
LSEJ_004788,images/n02869837_6325.png,train,n02869837_6325,n02869837
LSEJ_004789,images/n02870880_10585.png,train,n02870880_10585,n02870880
LSEJ_004791,images/n02870880_11989.png,train,n02870880_11989,n02870880
LSEJ_004792,images/n02870880_13733.png,train,n02870880_13733,n02870880
LSEJ_004793,images/n02870880_1520.png,train,n02870880_1520,n02870880
LSEJ_004794,images/n02870880_20727.png,train,n02870880_20727,n02870880
LSEJ_004795,images/n02870880_253.png,train,n02870880_253,n02870880
LSEJ_004796,images/n02870880_2769.png,train,n02870880_2769,n02870880
LSEJ_004797,images/n02870880_2829.png,train,n02870880_2829,n02870880
LSEJ_004798,images/n02870880_3363.png,train,n02870880_3363,n02870880
LSEJ_004801,images/n02871525_1303.png,train,n02871525_1303,n02871525
LSEJ_004802,images/n02871525_14410.png,train,n02871525_14410,n02871525
LSEJ_004803,images/n02871525_15130.png,train,n02871525_15130,n02871525
LSEJ_004804,images/n02871525_17258.png,train,n02871525_17258,n02871525
LSEJ_004806,images/n02871525_24001.png,train,n02871525_24001,n02871525
LSEJ_004807,images/n02871525_24285.png,train,n02871525_24285,n02871525
LSEJ_004809,images/n02871525_29945.png,train,n02871525_29945,n02871525
LSEJ_004810,images/n02871525_4781.png,train,n02871525_4781,n02871525
LSEJ_004811,images/n02871525_5003.png,train,n02871525_5003,n02871525
LSEJ_004812,images/n02871525_5636.png,train,n02871525_5636,n02871525
LSEJ_004814,images/n02871525_9620.png,train,n02871525_9620,n02871525
LSEJ_004815,images/n02879718_26136.png,train,n02879718_26136,n02879718
LSEJ_004817,images/n02879718_29649.png,train,n02879718_29649,n02879718
LSEJ_004818,images/n02879718_31543.png,train,n02879718_31543,n02879718
LSEJ_004819,images/n02879718_37064.png,train,n02879718_37064,n02879718
LSEJ_004820,images/n02879718_5030.png,train,n02879718_5030,n02879718
LSEJ_004822,images/n02879718_6156.png,train,n02879718_6156,n02879718
LSEJ_004823,images/n02879718_8439.png,train,n02879718_8439,n02879718
LSEJ_004825,images/n02879718_9003.png,train,n02879718_9003,n02879718
LSEJ_004826,images/n02883205_13679.png,train,n02883205_13679,n02883205
LSEJ_004827,images/n02883205_14614.png,train,n02883205_14614,n02883205
LSEJ_004829,images/n02883205_2762.png,train,n02883205_2762,n02883205
LSEJ_004831,images/n02883205_5731.png,train,n02883205_5731,n02883205
LSEJ_004832,images/n02892201_30409.png,train,n02892201_30409,n02892201
LSEJ_004833,images/n02892767_1812.png,train,n02892767_1812,n02892767
LSEJ_004834,images/n02892767_1893.png,train,n02892767_1893,n02892767
LSEJ_004836,images/n02894605_32785.png,train,n02894605_32785,n02894605
LSEJ_004837,images/n02894605_53014.png,train,n02894605_53014,n02894605
LSEJ_004838,images/n02894605_54328.png,train,n02894605_54328,n02894605
LSEJ_004839,images/n02895154_13171.png,train,n02895154_13171,n02895154
LSEJ_004840,images/n02895154_21186.png,train,n02895154_21186,n02895154
LSEJ_004841,images/n02895154_24816.png,train,n02895154_24816,n02895154
LSEJ_004842,images/n02895154_33456.png,train,n02895154_33456,n02895154
LSEJ_004844,images/n02895154_36877.png,train,n02895154_36877,n02895154
LSEJ_004847,images/n02895154_40041.png,train,n02895154_40041,n02895154
LSEJ_004848,images/n02895154_40077.png,train,n02895154_40077,n02895154
LSEJ_004849,images/n02895154_4016.png,train,n02895154_4016,n02895154
LSEJ_004851,images/n02895154_5911.png,train,n02895154_5911,n02895154
LSEJ_004852,images/n02895154_7541.png,train,n02895154_7541,n02895154
LSEJ_004853,images/n02895154_9924.png,train,n02895154_9924,n02895154
LSEJ_004854,images/n02906734_10605.png,train,n02906734_10605,n02906734
LSEJ_004855,images/n02906734_10681.png,train,n02906734_10681,n02906734
LSEJ_004856,images/n02906734_11466.png,train,n02906734_11466,n02906734
LSEJ_004857,images/n02906734_12127.png,train,n02906734_12127,n02906734
LSEJ_004858,images/n02906734_12438.png,train,n02906734_12438,n02906734
LSEJ_004860,images/n02906734_1846.png,train,n02906734_1846,n02906734
LSEJ_004861,images/n02906734_1850.png,train,n02906734_1850,n02906734
LSEJ_004862,images/n02906734_235.png,train,n02906734_235,n02906734
LSEJ_004863,images/n02906734_27614.png,train,n02906734_27614,n02906734
LSEJ_004864,images/n02906734_27961.png,train,n02906734_27961,n02906734
LSEJ_004865,images/n02906734_4151.png,train,n02906734_4151,n02906734
LSEJ_004866,images/n02906734_4632.png,train,n02906734_4632,n02906734
LSEJ_004867,images/n02906734_6305.png,train,n02906734_6305,n02906734
LSEJ_004870,images/n02906734_7910.png,train,n02906734_7910,n02906734
LSEJ_004871,images/n02906734_9116.png,train,n02906734_9116,n02906734
LSEJ_004873,images/n02906734_9425.png,train,n02906734_9425,n02906734
LSEJ_004876,images/n02909870_12438.png,train,n02909870_12438,n02909870
LSEJ_004877,images/n02909870_14014.png,train,n02909870_14014,n02909870
LSEJ_004878,images/n02909870_17904.png,train,n02909870_17904,n02909870
LSEJ_004879,images/n02909870_20002.png,train,n02909870_20002,n02909870
LSEJ_004881,images/n02909870_24779.png,train,n02909870_24779,n02909870
LSEJ_004882,images/n02909870_25235.png,train,n02909870_25235,n02909870
LSEJ_004883,images/n02909870_25930.png,train,n02909870_25930,n02909870
LSEJ_004884,images/n02909870_5533.png,train,n02909870_5533,n02909870
LSEJ_004886,images/n02909870_6302.png,train,n02909870_6302,n02909870
LSEJ_004887,images/n02909870_8836.png,train,n02909870_8836,n02909870
LSEJ_004888,images/n02909870_9271.png,train,n02909870_9271,n02909870
LSEJ_004889,images/n02910353_1242.png,train,n02910353_1242,n02910353
LSEJ_004890,images/n02910353_13117.png,train,n02910353_13117,n02910353
LSEJ_004893,images/n02910353_5017.png,train,n02910353_5017,n02910353
LSEJ_004894,images/n02910353_8726.png,train,n02910353_8726,n02910353
LSEJ_004896,images/n02916936_3698.png,train,n02916936_3698,n02916936
LSEJ_004897,images/n02916936_573.png,train,n02916936_573,n02916936
LSEJ_004898,images/n02916936_6867.png,train,n02916936_6867,n02916936
LSEJ_004899,images/n02916936_7275.png,train,n02916936_7275,n02916936
LSEJ_004900,images/n02917067_10259.png,train,n02917067_10259,n02917067
LSEJ_004903,images/n02917067_3471.png,train,n02917067_3471,n02917067
LSEJ_004904,images/n02917067_6152.png,train,n02917067_6152,n02917067
LSEJ_004905,images/n02917067_7883.png,train,n02917067_7883,n02917067
LSEJ_004906,images/n02917067_8265.png,train,n02917067_8265,n02917067
LSEJ_004908,images/n02917067_9763.png,train,n02917067_9763,n02917067
LSEJ_004909,images/n02917067_9810.png,train,n02917067_9810,n02917067
LSEJ_004911,images/n02927161_21624.png,train,n02927161_21624,n02927161
LSEJ_004912,images/n02927161_4797.png,train,n02927161_4797,n02927161
LSEJ_004913,images/n02930766_17054.png,train,n02930766_17054,n02930766
LSEJ_004914,images/n02930766_1828.png,train,n02930766_1828,n02930766
LSEJ_004915,images/n02930766_22327.png,train,n02930766_22327,n02930766
LSEJ_004916,images/n02930766_2282.png,train,n02930766_2282,n02930766
LSEJ_004917,images/n02930766_23248.png,train,n02930766_23248,n02930766
LSEJ_004918,images/n02930766_40872.png,train,n02930766_40872,n02930766
LSEJ_004920,images/n02930766_43308.png,train,n02930766_43308,n02930766
LSEJ_004922,images/n02939185_10450.png,train,n02939185_10450,n02939185
LSEJ_004924,images/n02939185_2030.png,train,n02939185_2030,n02939185
LSEJ_004925,images/n02939185_2835.png,train,n02939185_2835,n02939185
LSEJ_004926,images/n02939185_34383.png,train,n02939185_34383,n02939185
LSEJ_004927,images/n02939185_8220.png,train,n02939185_8220,n02939185
LSEJ_004929,images/n02939185_9018.png,train,n02939185_9018,n02939185
LSEJ_004932,images/n02948072_2545.png,train,n02948072_2545,n02948072
LSEJ_004934,images/n02948072_38764.png,train,n02948072_38764,n02948072
LSEJ_004935,images/n02948072_38910.png,train,n02948072_38910,n02948072
LSEJ_004936,images/n02948072_39423.png,train,n02948072_39423,n02948072
LSEJ_004937,images/n02948072_39432.png,train,n02948072_39432,n02948072
LSEJ_004938,images/n02948072_39775.png,train,n02948072_39775,n02948072
LSEJ_004939,images/n02948072_42726.png,train,n02948072_42726,n02948072
LSEJ_004940,images/n02948072_44357.png,train,n02948072_44357,n02948072
LSEJ_004941,images/n02948072_4696.png,train,n02948072_4696,n02948072
LSEJ_004944,images/n02948072_49549.png,train,n02948072_49549,n02948072
LSEJ_004945,images/n02948072_54594.png,train,n02948072_54594,n02948072
LSEJ_004946,images/n02948072_54881.png,train,n02948072_54881,n02948072
LSEJ_004947,images/n02948072_55464.png,train,n02948072_55464,n02948072
LSEJ_004948,images/n02948072_5641.png,train,n02948072_5641,n02948072
LSEJ_004949,images/n02948072_5776.png,train,n02948072_5776,n02948072
LSEJ_004951,images/n02948072_8420.png,train,n02948072_8420,n02948072
LSEJ_004952,images/n02948072_9364.png,train,n02948072_9364,n02948072
LSEJ_004953,images/n02950826_1091.png,train,n02950826_1091,n02950826
LSEJ_004954,images/n02950826_11002.png,train,n02950826_11002,n02950826
LSEJ_004955,images/n02950826_11437.png,train,n02950826_11437,n02950826
LSEJ_004956,images/n02950826_11594.png,train,n02950826_11594,n02950826
LSEJ_004957,images/n02950826_13498.png,train,n02950826_13498,n02950826
LSEJ_004958,images/n02950826_14685.png,train,n02950826_14685,n02950826
LSEJ_004959,images/n02950826_17060.png,train,n02950826_17060,n02950826
LSEJ_004961,images/n02950826_17311.png,train,n02950826_17311,n02950826
LSEJ_004962,images/n02950826_19783.png,train,n02950826_19783,n02950826
LSEJ_004965,images/n02950826_5333.png,train,n02950826_5333,n02950826
LSEJ_004966,images/n02950826_556.png,train,n02950826_556,n02950826
LSEJ_004969,images/n02950826_8577.png,train,n02950826_8577,n02950826
LSEJ_004970,images/n02950826_8678.png,train,n02950826_8678,n02950826
LSEJ_004971,images/n02950826_9887.png,train,n02950826_9887,n02950826
LSEJ_004972,images/n02951358_10015.png,train,n02951358_10015,n02951358
LSEJ_004973,images/n02951358_10048.png,train,n02951358_10048,n02951358
LSEJ_004974,images/n02951358_10201.png,train,n02951358_10201,n02951358
LSEJ_004975,images/n02951358_10456.png,train,n02951358_10456,n02951358
LSEJ_004976,images/n02951358_10512.png,train,n02951358_10512,n02951358
LSEJ_004978,images/n02951358_11266.png,train,n02951358_11266,n02951358
LSEJ_004979,images/n02951358_11314.png,train,n02951358_11314,n02951358
LSEJ_004980,images/n02951358_11418.png,train,n02951358_11418,n02951358
LSEJ_004981,images/n02951358_11488.png,train,n02951358_11488,n02951358
LSEJ_004982,images/n02951358_11549.png,train,n02951358_11549,n02951358
LSEJ_004983,images/n02951358_11878.png,train,n02951358_11878,n02951358
LSEJ_004984,images/n02951358_12032.png,train,n02951358_12032,n02951358
LSEJ_004986,images/n02951358_12346.png,train,n02951358_12346,n02951358
LSEJ_004988,images/n02951358_15174.png,train,n02951358_15174,n02951358
LSEJ_004990,images/n02951358_15376.png,train,n02951358_15376,n02951358
LSEJ_004991,images/n02951358_15667.png,train,n02951358_15667,n02951358
LSEJ_004992,images/n02951358_15938.png,train,n02951358_15938,n02951358
LSEJ_004994,images/n02951358_16134.png,train,n02951358_16134,n02951358
LSEJ_004995,images/n02951358_16196.png,train,n02951358_16196,n02951358
LSEJ_004998,images/n02951358_16974.png,train,n02951358_16974,n02951358
LSEJ_005000,images/n02951358_17596.png,train,n02951358_17596,n02951358
LSEJ_005001,images/n02951358_1761.png,train,n02951358_1761,n02951358
LSEJ_005002,images/n02951358_17867.png,train,n02951358_17867,n02951358
LSEJ_005003,images/n02951358_17870.png,train,n02951358_17870,n02951358
LSEJ_005005,images/n02951358_18150.png,train,n02951358_18150,n02951358
LSEJ_005006,images/n02951358_18191.png,train,n02951358_18191,n02951358
LSEJ_005007,images/n02951358_18245.png,train,n02951358_18245,n02951358
LSEJ_005008,images/n02951358_18379.png,train,n02951358_18379,n02951358
LSEJ_005009,images/n02951358_18655.png,train,n02951358_18655,n02951358
LSEJ_005010,images/n02951358_18762.png,train,n02951358_18762,n02951358
LSEJ_005011,images/n02951358_18848.png,train,n02951358_18848,n02951358
LSEJ_005012,images/n02951358_19369.png,train,n02951358_19369,n02951358
LSEJ_005013,images/n02951358_19417.png,train,n02951358_19417,n02951358
LSEJ_005014,images/n02951358_19419.png,train,n02951358_19419,n02951358
LSEJ_005016,images/n02951358_19807.png,train,n02951358_19807,n02951358
LSEJ_005017,images/n02951358_20114.png,train,n02951358_20114,n02951358
LSEJ_005018,images/n02951358_20207.png,train,n02951358_20207,n02951358
LSEJ_005019,images/n02951358_20407.png,train,n02951358_20407,n02951358
LSEJ_005020,images/n02951358_20442.png,train,n02951358_20442,n02951358
LSEJ_005021,images/n02951358_20813.png,train,n02951358_20813,n02951358
LSEJ_005023,images/n02951358_2141.png,train,n02951358_2141,n02951358
LSEJ_005026,images/n02951358_325.png,train,n02951358_325,n02951358
LSEJ_005027,images/n02951358_3275.png,train,n02951358_3275,n02951358
LSEJ_005028,images/n02951358_3470.png,train,n02951358_3470,n02951358
LSEJ_005031,images/n02951358_3742.png,train,n02951358_3742,n02951358
LSEJ_005032,images/n02951358_3773.png,train,n02951358_3773,n02951358
LSEJ_005033,images/n02951358_3982.png,train,n02951358_3982,n02951358
LSEJ_005034,images/n02951358_4128.png,train,n02951358_4128,n02951358
LSEJ_005036,images/n02951358_4461.png,train,n02951358_4461,n02951358
LSEJ_005037,images/n02951358_4538.png,train,n02951358_4538,n02951358
LSEJ_005038,images/n02951358_4939.png,train,n02951358_4939,n02951358
LSEJ_005039,images/n02951358_5211.png,train,n02951358_5211,n02951358
LSEJ_005040,images/n02951358_5234.png,train,n02951358_5234,n02951358
LSEJ_005041,images/n02951358_5384.png,train,n02951358_5384,n02951358
LSEJ_005042,images/n02951358_5385.png,train,n02951358_5385,n02951358
LSEJ_005043,images/n02951358_5931.png,train,n02951358_5931,n02951358
LSEJ_005044,images/n02951358_6.png,train,n02951358_6,n02951358
LSEJ_005045,images/n02951358_6125.png,train,n02951358_6125,n02951358
LSEJ_005046,images/n02951358_618.png,train,n02951358_618,n02951358
LSEJ_005049,images/n02951358_715.png,train,n02951358_715,n02951358
LSEJ_005051,images/n02951358_7478.png,train,n02951358_7478,n02951358
LSEJ_005053,images/n02951358_8113.png,train,n02951358_8113,n02951358
LSEJ_005054,images/n02951358_8477.png,train,n02951358_8477,n02951358
LSEJ_005055,images/n02951358_8883.png,train,n02951358_8883,n02951358
LSEJ_005056,images/n02951358_925.png,train,n02951358_925,n02951358
LSEJ_005059,images/n02951585_14744.png,train,n02951585_14744,n02951585
LSEJ_005060,images/n02951585_15187.png,train,n02951585_15187,n02951585
LSEJ_005061,images/n02951585_1680.png,train,n02951585_1680,n02951585
LSEJ_005062,images/n02951585_32837.png,train,n02951585_32837,n02951585
LSEJ_005063,images/n02951585_3747.png,train,n02951585_3747,n02951585
LSEJ_005067,images/n02963159_1640.png,train,n02963159_1640,n02963159
LSEJ_005068,images/n02963159_2262.png,train,n02963159_2262,n02963159
LSEJ_005069,images/n02963159_8243.png,train,n02963159_8243,n02963159
LSEJ_005071,images/n02965783_5430.png,train,n02965783_5430,n02965783
LSEJ_005073,images/n02965783_6917.png,train,n02965783_6917,n02965783
LSEJ_005074,images/n02965783_72.png,train,n02965783_72,n02965783
LSEJ_005075,images/n02965783_7869.png,train,n02965783_7869,n02965783
LSEJ_005076,images/n02965783_8186.png,train,n02965783_8186,n02965783
LSEJ_005077,images/n02965783_8591.png,train,n02965783_8591,n02965783
LSEJ_005078,images/n02966193_10318.png,train,n02966193_10318,n02966193
LSEJ_005079,images/n02966193_10618.png,train,n02966193_10618,n02966193
LSEJ_005080,images/n02966193_10619.png,train,n02966193_10619,n02966193
LSEJ_005081,images/n02966193_10668.png,train,n02966193_10668,n02966193
LSEJ_005083,images/n02966193_11098.png,train,n02966193_11098,n02966193
LSEJ_005086,images/n02966193_11669.png,train,n02966193_11669,n02966193
LSEJ_005087,images/n02966193_13423.png,train,n02966193_13423,n02966193
LSEJ_005088,images/n02966193_13474.png,train,n02966193_13474,n02966193
LSEJ_005089,images/n02966193_13647.png,train,n02966193_13647,n02966193
LSEJ_005090,images/n02966193_13971.png,train,n02966193_13971,n02966193
LSEJ_005092,images/n02966193_14315.png,train,n02966193_14315,n02966193
LSEJ_005093,images/n02966193_15281.png,train,n02966193_15281,n02966193
LSEJ_005094,images/n02966193_15591.png,train,n02966193_15591,n02966193
LSEJ_005095,images/n02966193_15658.png,train,n02966193_15658,n02966193
LSEJ_005097,images/n02966193_16565.png,train,n02966193_16565,n02966193
LSEJ_005098,images/n02966193_16783.png,train,n02966193_16783,n02966193
LSEJ_005099,images/n02966193_17442.png,train,n02966193_17442,n02966193
LSEJ_005100,images/n02966193_17681.png,train,n02966193_17681,n02966193
LSEJ_005101,images/n02966193_17807.png,train,n02966193_17807,n02966193
LSEJ_005102,images/n02966193_18163.png,train,n02966193_18163,n02966193
LSEJ_005103,images/n02966193_18541.png,train,n02966193_18541,n02966193
LSEJ_005105,images/n02966193_18907.png,train,n02966193_18907,n02966193
LSEJ_005107,images/n02966193_19675.png,train,n02966193_19675,n02966193
LSEJ_005109,images/n02966193_19883.png,train,n02966193_19883,n02966193
LSEJ_005111,images/n02966193_20869.png,train,n02966193_20869,n02966193
LSEJ_005112,images/n02966193_21246.png,train,n02966193_21246,n02966193
LSEJ_005113,images/n02966193_21339.png,train,n02966193_21339,n02966193
LSEJ_005116,images/n02966193_21715.png,train,n02966193_21715,n02966193
LSEJ_005117,images/n02966193_21899.png,train,n02966193_21899,n02966193
LSEJ_005118,images/n02966193_22511.png,train,n02966193_22511,n02966193
LSEJ_005119,images/n02966193_22687.png,train,n02966193_22687,n02966193
LSEJ_005120,images/n02966193_22788.png,train,n02966193_22788,n02966193
LSEJ_005121,images/n02966193_22894.png,train,n02966193_22894,n02966193
LSEJ_005122,images/n02966193_22922.png,train,n02966193_22922,n02966193
LSEJ_005124,images/n02966193_23478.png,train,n02966193_23478,n02966193
LSEJ_005125,images/n02966193_23991.png,train,n02966193_23991,n02966193
LSEJ_005128,images/n02966193_24382.png,train,n02966193_24382,n02966193
LSEJ_005129,images/n02966193_24925.png,train,n02966193_24925,n02966193
LSEJ_005130,images/n02966193_251.png,train,n02966193_251,n02966193
LSEJ_005131,images/n02966193_25200.png,train,n02966193_25200,n02966193
LSEJ_005132,images/n02966193_25389.png,train,n02966193_25389,n02966193
LSEJ_005133,images/n02966193_25651.png,train,n02966193_25651,n02966193
LSEJ_005134,images/n02966193_26002.png,train,n02966193_26002,n02966193
LSEJ_005136,images/n02966193_26612.png,train,n02966193_26612,n02966193
LSEJ_005137,images/n02966193_26769.png,train,n02966193_26769,n02966193
LSEJ_005138,images/n02966193_27666.png,train,n02966193_27666,n02966193
LSEJ_005139,images/n02966193_28699.png,train,n02966193_28699,n02966193
LSEJ_005140,images/n02966193_28718.png,train,n02966193_28718,n02966193
LSEJ_005141,images/n02966193_28826.png,train,n02966193_28826,n02966193
LSEJ_005142,images/n02966193_28867.png,train,n02966193_28867,n02966193
LSEJ_005144,images/n02966193_28890.png,train,n02966193_28890,n02966193
LSEJ_005145,images/n02966193_289.png,train,n02966193_289,n02966193
LSEJ_005146,images/n02966193_2916.png,train,n02966193_2916,n02966193
LSEJ_005148,images/n02966193_30396.png,train,n02966193_30396,n02966193
LSEJ_005150,images/n02966193_31085.png,train,n02966193_31085,n02966193
LSEJ_005151,images/n02966193_3439.png,train,n02966193_3439,n02966193
LSEJ_005152,images/n02966193_3500.png,train,n02966193_3500,n02966193
LSEJ_005153,images/n02966193_3503.png,train,n02966193_3503,n02966193
LSEJ_005154,images/n02966193_3531.png,train,n02966193_3531,n02966193
LSEJ_005155,images/n02966193_3932.png,train,n02966193_3932,n02966193
LSEJ_005158,images/n02966193_4810.png,train,n02966193_4810,n02966193
LSEJ_005159,images/n02966193_4908.png,train,n02966193_4908,n02966193
LSEJ_005161,images/n02966193_6192.png,train,n02966193_6192,n02966193
LSEJ_005162,images/n02966193_6312.png,train,n02966193_6312,n02966193
LSEJ_005163,images/n02966193_6319.png,train,n02966193_6319,n02966193
LSEJ_005164,images/n02966193_6366.png,train,n02966193_6366,n02966193
LSEJ_005167,images/n02966193_76396.png,train,n02966193_76396,n02966193
LSEJ_005168,images/n02966193_79961.png,train,n02966193_79961,n02966193
LSEJ_005169,images/n02966193_8250.png,train,n02966193_8250,n02966193
LSEJ_005170,images/n02966193_87209.png,train,n02966193_87209,n02966193
LSEJ_005171,images/n02966193_87512.png,train,n02966193_87512,n02966193
LSEJ_005172,images/n02966193_88531.png,train,n02966193_88531,n02966193
LSEJ_005173,images/n02966193_9079.png,train,n02966193_9079,n02966193
LSEJ_005175,images/n02966687_10009.png,train,n02966687_10009,n02966687
LSEJ_005176,images/n02966687_13547.png,train,n02966687_13547,n02966687
LSEJ_005177,images/n02966687_1449.png,train,n02966687_1449,n02966687
LSEJ_005179,images/n02966687_1743.png,train,n02966687_1743,n02966687
LSEJ_005181,images/n02966687_4710.png,train,n02966687_4710,n02966687
LSEJ_005182,images/n02966687_5560.png,train,n02966687_5560,n02966687
LSEJ_005183,images/n02966687_6715.png,train,n02966687_6715,n02966687
LSEJ_005184,images/n02966687_726.png,train,n02966687_726,n02966687
LSEJ_005186,images/n02966687_9073.png,train,n02966687_9073,n02966687
LSEJ_005187,images/n02966687_9595.png,train,n02966687_9595,n02966687
LSEJ_005188,images/n02971356_10179.png,train,n02971356_10179,n02971356
LSEJ_005189,images/n02971356_11093.png,train,n02971356_11093,n02971356
LSEJ_005190,images/n02971356_1182.png,train,n02971356_1182,n02971356
LSEJ_005192,images/n02971356_1803.png,train,n02971356_1803,n02971356
LSEJ_005193,images/n02971356_2340.png,train,n02971356_2340,n02971356
LSEJ_005194,images/n02971356_29617.png,train,n02971356_29617,n02971356
LSEJ_005196,images/n02971356_35660.png,train,n02971356_35660,n02971356
LSEJ_005197,images/n02971356_39024.png,train,n02971356_39024,n02971356
LSEJ_005198,images/n02971356_39408.png,train,n02971356_39408,n02971356
LSEJ_005200,images/n02971356_4592.png,train,n02971356_4592,n02971356
LSEJ_005201,images/n02971356_5184.png,train,n02971356_5184,n02971356
LSEJ_005203,images/n02971356_6983.png,train,n02971356_6983,n02971356
LSEJ_005205,images/n02971356_8490.png,train,n02971356_8490,n02971356
LSEJ_005206,images/n02971356_8603.png,train,n02971356_8603,n02971356
LSEJ_005207,images/n02971356_9257.png,train,n02971356_9257,n02971356
LSEJ_005208,images/n02974003_100.png,train,n02974003_100,n02974003
LSEJ_005209,images/n02974003_106.png,train,n02974003_106,n02974003
LSEJ_005211,images/n02974003_339.png,train,n02974003_339,n02974003
LSEJ_005212,images/n02974003_3678.png,train,n02974003_3678,n02974003
LSEJ_005214,images/n02977058_11586.png,train,n02977058_11586,n02977058
LSEJ_005215,images/n02977058_11921.png,train,n02977058_11921,n02977058
LSEJ_005217,images/n02977058_14382.png,train,n02977058_14382,n02977058
LSEJ_005219,images/n02977058_1626.png,train,n02977058_1626,n02977058
LSEJ_005220,images/n02977058_16816.png,train,n02977058_16816,n02977058
LSEJ_005221,images/n02977058_18302.png,train,n02977058_18302,n02977058
LSEJ_005222,images/n02977058_18992.png,train,n02977058_18992,n02977058
LSEJ_005223,images/n02977058_209.png,train,n02977058_209,n02977058
LSEJ_005224,images/n02977058_2363.png,train,n02977058_2363,n02977058
LSEJ_005225,images/n02977058_2609.png,train,n02977058_2609,n02977058
LSEJ_005226,images/n02977058_3046.png,train,n02977058_3046,n02977058
LSEJ_005227,images/n02977058_3229.png,train,n02977058_3229,n02977058
LSEJ_005228,images/n02977058_33883.png,train,n02977058_33883,n02977058
LSEJ_005229,images/n02977058_3728.png,train,n02977058_3728,n02977058
LSEJ_005231,images/n02977058_4185.png,train,n02977058_4185,n02977058
LSEJ_005232,images/n02977058_4333.png,train,n02977058_4333,n02977058
LSEJ_005234,images/n02977058_6983.png,train,n02977058_6983,n02977058
LSEJ_005235,images/n02977058_7040.png,train,n02977058_7040,n02977058
LSEJ_005238,images/n02977058_8758.png,train,n02977058_8758,n02977058
LSEJ_005239,images/n02977058_9079.png,train,n02977058_9079,n02977058
LSEJ_005242,images/n02978881_3689.png,train,n02978881_3689,n02978881
LSEJ_005243,images/n02978881_4342.png,train,n02978881_4342,n02978881
LSEJ_005244,images/n02978881_5940.png,train,n02978881_5940,n02978881
LSEJ_005245,images/n02978881_6633.png,train,n02978881_6633,n02978881
LSEJ_005246,images/n02978881_9011.png,train,n02978881_9011,n02978881
LSEJ_005247,images/n02978881_9598.png,train,n02978881_9598,n02978881
LSEJ_005248,images/n02979186_1061.png,train,n02979186_1061,n02979186
LSEJ_005249,images/n02979186_12173.png,train,n02979186_12173,n02979186
LSEJ_005250,images/n02979186_20701.png,train,n02979186_20701,n02979186
LSEJ_005253,images/n02979186_2938.png,train,n02979186_2938,n02979186
LSEJ_005254,images/n02979186_353.png,train,n02979186_353,n02979186
LSEJ_005255,images/n02979186_5424.png,train,n02979186_5424,n02979186
LSEJ_005257,images/n02980441_3912.png,train,n02980441_3912,n02980441
LSEJ_005258,images/n02980441_42087.png,train,n02980441_42087,n02980441
LSEJ_005260,images/n02980441_7015.png,train,n02980441_7015,n02980441
LSEJ_005261,images/n02980441_8329.png,train,n02980441_8329,n02980441
LSEJ_005262,images/n02981792_1495.png,train,n02981792_1495,n02981792
LSEJ_005263,images/n02981792_21863.png,train,n02981792_21863,n02981792
LSEJ_005264,images/n02981792_22034.png,train,n02981792_22034,n02981792
LSEJ_005265,images/n02981792_23348.png,train,n02981792_23348,n02981792
LSEJ_005268,images/n02988304_1974.png,train,n02988304_1974,n02988304
LSEJ_005269,images/n02988304_3407.png,train,n02988304_3407,n02988304
LSEJ_005270,images/n02988304_3864.png,train,n02988304_3864,n02988304
LSEJ_005271,images/n02988304_4363.png,train,n02988304_4363,n02988304
LSEJ_005273,images/n02988304_8316.png,train,n02988304_8316,n02988304
LSEJ_005274,images/n02992211_11301.png,train,n02992211_11301,n02992211
LSEJ_005276,images/n02992211_11505.png,train,n02992211_11505,n02992211
LSEJ_005277,images/n02992211_14179.png,train,n02992211_14179,n02992211
LSEJ_005279,images/n02992211_17670.png,train,n02992211_17670,n02992211
LSEJ_005280,images/n02992211_1799.png,train,n02992211_1799,n02992211
LSEJ_005281,images/n02992211_21971.png,train,n02992211_21971,n02992211
LSEJ_005282,images/n02992211_23385.png,train,n02992211_23385,n02992211
LSEJ_005284,images/n02992211_4210.png,train,n02992211_4210,n02992211
LSEJ_005285,images/n02992211_8251.png,train,n02992211_8251,n02992211
LSEJ_005286,images/n02992529_19315.png,train,n02992529_19315,n02992529
LSEJ_005287,images/n02992529_5008.png,train,n02992529_5008,n02992529
LSEJ_005288,images/n02999410_12074.png,train,n02999410_12074,n02999410
LSEJ_005289,images/n02999410_14285.png,train,n02999410_14285,n02999410
LSEJ_005290,images/n02999410_1666.png,train,n02999410_1666,n02999410
LSEJ_005291,images/n02999410_17163.png,train,n02999410_17163,n02999410
LSEJ_005293,images/n02999410_3402.png,train,n02999410_3402,n02999410
LSEJ_005295,images/n02999410_7194.png,train,n02999410_7194,n02999410
LSEJ_005297,images/n02999410_8351.png,train,n02999410_8351,n02999410
LSEJ_005299,images/n03000134_2643.png,train,n03000134_2643,n03000134
LSEJ_005300,images/n03000134_4295.png,train,n03000134_4295,n03000134
LSEJ_005301,images/n03000134_4837.png,train,n03000134_4837,n03000134
LSEJ_005302,images/n03000247_14177.png,train,n03000247_14177,n03000247
LSEJ_005304,images/n03000247_21134.png,train,n03000247_21134,n03000247
LSEJ_005305,images/n03000247_25850.png,train,n03000247_25850,n03000247
LSEJ_005306,images/n03000247_3405.png,train,n03000247_3405,n03000247
LSEJ_005307,images/n03000247_353.png,train,n03000247_353,n03000247
LSEJ_005309,images/n03000247_59297.png,train,n03000247_59297,n03000247
LSEJ_005310,images/n03000247_7377.png,train,n03000247_7377,n03000247
LSEJ_005312,images/n03000684_10413.png,train,n03000684_10413,n03000684
LSEJ_005315,images/n03000684_15014.png,train,n03000684_15014,n03000684
LSEJ_005316,images/n03000684_16171.png,train,n03000684_16171,n03000684
LSEJ_005317,images/n03000684_2541.png,train,n03000684_2541,n03000684
LSEJ_005318,images/n03000684_3482.png,train,n03000684_3482,n03000684
LSEJ_005319,images/n03000684_6392.png,train,n03000684_6392,n03000684
LSEJ_005320,images/n03014705_11096.png,train,n03014705_11096,n03014705
LSEJ_005321,images/n03014705_11829.png,train,n03014705_11829,n03014705
LSEJ_005323,images/n03014705_25079.png,train,n03014705_25079,n03014705
LSEJ_005324,images/n03014705_32336.png,train,n03014705_32336,n03014705
LSEJ_005326,images/n03014705_711.png,train,n03014705_711,n03014705
LSEJ_005327,images/n03014705_9293.png,train,n03014705_9293,n03014705
LSEJ_005328,images/n03016953_10673.png,train,n03016953_10673,n03016953
LSEJ_005329,images/n03016953_11443.png,train,n03016953_11443,n03016953
LSEJ_005332,images/n03016953_1370.png,train,n03016953_1370,n03016953
LSEJ_005333,images/n03016953_13793.png,train,n03016953_13793,n03016953
LSEJ_005335,images/n03016953_15935.png,train,n03016953_15935,n03016953
LSEJ_005338,images/n03016953_2187.png,train,n03016953_2187,n03016953
LSEJ_005339,images/n03016953_25012.png,train,n03016953_25012,n03016953
LSEJ_005340,images/n03016953_3015.png,train,n03016953_3015,n03016953
LSEJ_005341,images/n03016953_40556.png,train,n03016953_40556,n03016953
LSEJ_005342,images/n03016953_43839.png,train,n03016953_43839,n03016953
LSEJ_005343,images/n03016953_442.png,train,n03016953_442,n03016953
LSEJ_005344,images/n03016953_44336.png,train,n03016953_44336,n03016953
LSEJ_005345,images/n03016953_45076.png,train,n03016953_45076,n03016953
LSEJ_005346,images/n03016953_4514.png,train,n03016953_4514,n03016953
LSEJ_005347,images/n03016953_7078.png,train,n03016953_7078,n03016953
LSEJ_005348,images/n03016953_7280.png,train,n03016953_7280,n03016953
LSEJ_005349,images/n03017168_11742.png,train,n03017168_11742,n03017168
LSEJ_005350,images/n03017168_11891.png,train,n03017168_11891,n03017168
LSEJ_005351,images/n03017168_13002.png,train,n03017168_13002,n03017168
LSEJ_005352,images/n03017168_20799.png,train,n03017168_20799,n03017168
LSEJ_005353,images/n03017168_24763.png,train,n03017168_24763,n03017168
LSEJ_005355,images/n03017168_28465.png,train,n03017168_28465,n03017168
LSEJ_005356,images/n03017168_34662.png,train,n03017168_34662,n03017168
LSEJ_005357,images/n03017168_45929.png,train,n03017168_45929,n03017168
LSEJ_005360,images/n03017168_60470.png,train,n03017168_60470,n03017168
LSEJ_005361,images/n03017168_68564.png,train,n03017168_68564,n03017168
LSEJ_005362,images/n03017168_69427.png,train,n03017168_69427,n03017168
LSEJ_005363,images/n03018349_10048.png,train,n03018349_10048,n03018349
LSEJ_005364,images/n03018349_10170.png,train,n03018349_10170,n03018349
LSEJ_005365,images/n03018349_10486.png,train,n03018349_10486,n03018349
LSEJ_005366,images/n03018349_10536.png,train,n03018349_10536,n03018349
LSEJ_005367,images/n03018349_11271.png,train,n03018349_11271,n03018349
LSEJ_005368,images/n03018349_11488.png,train,n03018349_11488,n03018349
LSEJ_005369,images/n03018349_11522.png,train,n03018349_11522,n03018349
LSEJ_005370,images/n03018349_125.png,train,n03018349_125,n03018349
LSEJ_005372,images/n03018349_137.png,train,n03018349_137,n03018349
LSEJ_005373,images/n03018349_1436.png,train,n03018349_1436,n03018349
LSEJ_005374,images/n03018349_1504.png,train,n03018349_1504,n03018349
LSEJ_005375,images/n03018349_192.png,train,n03018349_192,n03018349
LSEJ_005376,images/n03018349_1943.png,train,n03018349_1943,n03018349
LSEJ_005379,images/n03018349_2825.png,train,n03018349_2825,n03018349
LSEJ_005381,images/n03018349_3274.png,train,n03018349_3274,n03018349
LSEJ_005382,images/n03018349_3366.png,train,n03018349_3366,n03018349
LSEJ_005383,images/n03018349_3379.png,train,n03018349_3379,n03018349
LSEJ_005385,images/n03018349_4140.png,train,n03018349_4140,n03018349
LSEJ_005387,images/n03018349_4406.png,train,n03018349_4406,n03018349
LSEJ_005388,images/n03018349_4462.png,train,n03018349_4462,n03018349
LSEJ_005389,images/n03018349_4502.png,train,n03018349_4502,n03018349
LSEJ_005391,images/n03018349_479.png,train,n03018349_479,n03018349
LSEJ_005394,images/n03018349_5615.png,train,n03018349_5615,n03018349
LSEJ_005395,images/n03018349_5940.png,train,n03018349_5940,n03018349
LSEJ_005396,images/n03018349_6059.png,train,n03018349_6059,n03018349
LSEJ_005397,images/n03018349_6071.png,train,n03018349_6071,n03018349
LSEJ_005398,images/n03018349_612.png,train,n03018349_612,n03018349
LSEJ_005399,images/n03018349_6121.png,train,n03018349_6121,n03018349
LSEJ_005400,images/n03018349_6543.png,train,n03018349_6543,n03018349
LSEJ_005401,images/n03018349_6620.png,train,n03018349_6620,n03018349
LSEJ_005402,images/n03018349_6742.png,train,n03018349_6742,n03018349
LSEJ_005403,images/n03018349_6968.png,train,n03018349_6968,n03018349
LSEJ_005405,images/n03018349_7242.png,train,n03018349_7242,n03018349
LSEJ_005407,images/n03018349_7273.png,train,n03018349_7273,n03018349
LSEJ_005411,images/n03018349_7950.png,train,n03018349_7950,n03018349
LSEJ_005412,images/n03018349_8028.png,train,n03018349_8028,n03018349
LSEJ_005414,images/n03018349_8232.png,train,n03018349_8232,n03018349
LSEJ_005415,images/n03018349_827.png,train,n03018349_827,n03018349
LSEJ_005416,images/n03018349_8381.png,train,n03018349_8381,n03018349
LSEJ_005417,images/n03018349_8447.png,train,n03018349_8447,n03018349
LSEJ_005418,images/n03018349_8493.png,train,n03018349_8493,n03018349
LSEJ_005419,images/n03018349_9246.png,train,n03018349_9246,n03018349
LSEJ_005420,images/n03018349_9257.png,train,n03018349_9257,n03018349
LSEJ_005421,images/n03018349_9552.png,train,n03018349_9552,n03018349
LSEJ_005422,images/n03018349_9661.png,train,n03018349_9661,n03018349
LSEJ_005423,images/n03018349_9780.png,train,n03018349_9780,n03018349
LSEJ_005424,images/n03026506_1980.png,train,n03026506_1980,n03026506
LSEJ_005425,images/n03026506_2876.png,train,n03026506_2876,n03026506
LSEJ_005426,images/n03026506_3033.png,train,n03026506_3033,n03026506
LSEJ_005427,images/n03026506_3760.png,train,n03026506_3760,n03026506
LSEJ_005429,images/n03028079_1091.png,train,n03028079_1091,n03028079
LSEJ_005430,images/n03028079_1544.png,train,n03028079_1544,n03028079
LSEJ_005431,images/n03028079_16749.png,train,n03028079_16749,n03028079
LSEJ_005432,images/n03028079_18371.png,train,n03028079_18371,n03028079
LSEJ_005434,images/n03028079_8805.png,train,n03028079_8805,n03028079
LSEJ_005436,images/n03032252_16600.png,train,n03032252_16600,n03032252
LSEJ_005437,images/n03032252_16979.png,train,n03032252_16979,n03032252
LSEJ_005439,images/n03032252_36234.png,train,n03032252_36234,n03032252
LSEJ_005440,images/n03032252_37889.png,train,n03032252_37889,n03032252
LSEJ_005441,images/n03032252_41041.png,train,n03032252_41041,n03032252
LSEJ_005442,images/n03032252_41125.png,train,n03032252_41125,n03032252
LSEJ_005443,images/n03032252_49315.png,train,n03032252_49315,n03032252
LSEJ_005444,images/n03032252_68343.png,train,n03032252_68343,n03032252
LSEJ_005447,images/n03041632_2058.png,train,n03041632_2058,n03041632
LSEJ_005449,images/n03041632_50280.png,train,n03041632_50280,n03041632
LSEJ_005450,images/n03042490_1132.png,train,n03042490_1132,n03042490
LSEJ_005452,images/n03042490_1600.png,train,n03042490_1600,n03042490
LSEJ_005453,images/n03042490_1612.png,train,n03042490_1612,n03042490
LSEJ_005454,images/n03042490_1736.png,train,n03042490_1736,n03042490
LSEJ_005455,images/n03042490_1810.png,train,n03042490_1810,n03042490
LSEJ_005458,images/n03042490_1941.png,train,n03042490_1941,n03042490
LSEJ_005459,images/n03042490_2080.png,train,n03042490_2080,n03042490
LSEJ_005460,images/n03042490_2088.png,train,n03042490_2088,n03042490
LSEJ_005463,images/n03042490_2475.png,train,n03042490_2475,n03042490
LSEJ_005464,images/n03042490_2762.png,train,n03042490_2762,n03042490
LSEJ_005465,images/n03042490_2877.png,train,n03042490_2877,n03042490
LSEJ_005467,images/n03042490_325.png,train,n03042490_325,n03042490
LSEJ_005468,images/n03042490_3329.png,train,n03042490_3329,n03042490
LSEJ_005469,images/n03042490_346.png,train,n03042490_346,n03042490
LSEJ_005470,images/n03042490_3615.png,train,n03042490_3615,n03042490
LSEJ_005472,images/n03042490_3821.png,train,n03042490_3821,n03042490
LSEJ_005473,images/n03042490_4109.png,train,n03042490_4109,n03042490
LSEJ_005474,images/n03042490_4574.png,train,n03042490_4574,n03042490
LSEJ_005475,images/n03042490_5273.png,train,n03042490_5273,n03042490
LSEJ_005476,images/n03042490_881.png,train,n03042490_881,n03042490
LSEJ_005477,images/n03045698_2158.png,train,n03045698_2158,n03045698
LSEJ_005478,images/n03045698_2348.png,train,n03045698_2348,n03045698
LSEJ_005479,images/n03045698_3873.png,train,n03045698_3873,n03045698
LSEJ_005480,images/n03045698_5391.png,train,n03045698_5391,n03045698
LSEJ_005482,images/n03047690_13844.png,train,n03047690_13844,n03047690
LSEJ_005483,images/n03047690_24331.png,train,n03047690_24331,n03047690
LSEJ_005484,images/n03047690_24953.png,train,n03047690_24953,n03047690
LSEJ_005486,images/n03062245_1069.png,train,n03062245_1069,n03062245
LSEJ_005487,images/n03062245_116.png,train,n03062245_116,n03062245
LSEJ_005488,images/n03062245_2112.png,train,n03062245_2112,n03062245
LSEJ_005490,images/n03062245_2744.png,train,n03062245_2744,n03062245
LSEJ_005491,images/n03062245_3480.png,train,n03062245_3480,n03062245
LSEJ_005493,images/n03063599_1226.png,train,n03063599_1226,n03063599
LSEJ_005497,images/n03063599_2071.png,train,n03063599_2071,n03063599
LSEJ_005498,images/n03063599_2087.png,train,n03063599_2087,n03063599
LSEJ_005499,images/n03063599_2101.png,train,n03063599_2101,n03063599
LSEJ_005501,images/n03063599_250.png,train,n03063599_250,n03063599
LSEJ_005502,images/n03063599_2699.png,train,n03063599_2699,n03063599
LSEJ_005503,images/n03063599_2735.png,train,n03063599_2735,n03063599
LSEJ_005504,images/n03063599_2862.png,train,n03063599_2862,n03063599
LSEJ_005505,images/n03063599_468.png,train,n03063599_468,n03063599
LSEJ_005506,images/n03063599_724.png,train,n03063599_724,n03063599
LSEJ_005507,images/n03063599_747.png,train,n03063599_747,n03063599
LSEJ_005508,images/n03063689_1801.png,train,n03063689_1801,n03063689
LSEJ_005509,images/n03063689_21109.png,train,n03063689_21109,n03063689
LSEJ_005510,images/n03063689_2234.png,train,n03063689_2234,n03063689
LSEJ_005511,images/n03063689_2554.png,train,n03063689_2554,n03063689
LSEJ_005512,images/n03063689_5433.png,train,n03063689_5433,n03063689
LSEJ_005513,images/n03063689_5491.png,train,n03063689_5491,n03063689
LSEJ_005516,images/n03065424_15612.png,train,n03065424_15612,n03065424
LSEJ_005517,images/n03065424_2336.png,train,n03065424_2336,n03065424
LSEJ_005518,images/n03065424_29980.png,train,n03065424_29980,n03065424
LSEJ_005520,images/n03065424_36258.png,train,n03065424_36258,n03065424
LSEJ_005521,images/n03075370_10862.png,train,n03075370_10862,n03075370
LSEJ_005522,images/n03075370_12273.png,train,n03075370_12273,n03075370
LSEJ_005523,images/n03075370_12680.png,train,n03075370_12680,n03075370
LSEJ_005525,images/n03075370_6874.png,train,n03075370_6874,n03075370
LSEJ_005526,images/n03085013_12079.png,train,n03085013_12079,n03085013
LSEJ_005528,images/n03085013_31250.png,train,n03085013_31250,n03085013
LSEJ_005529,images/n03085013_3175.png,train,n03085013_3175,n03085013
LSEJ_005530,images/n03085013_4673.png,train,n03085013_4673,n03085013
LSEJ_005532,images/n03089624_1290.png,train,n03089624_1290,n03089624
LSEJ_005534,images/n03089624_20464.png,train,n03089624_20464,n03089624
LSEJ_005535,images/n03089624_24782.png,train,n03089624_24782,n03089624
LSEJ_005536,images/n03089624_26200.png,train,n03089624_26200,n03089624
LSEJ_005537,images/n03089624_27248.png,train,n03089624_27248,n03089624
LSEJ_005538,images/n03089624_28380.png,train,n03089624_28380,n03089624
LSEJ_005539,images/n03089624_29182.png,train,n03089624_29182,n03089624
LSEJ_005541,images/n03089624_41889.png,train,n03089624_41889,n03089624
LSEJ_005542,images/n03089624_55361.png,train,n03089624_55361,n03089624
LSEJ_005543,images/n03089624_56283.png,train,n03089624_56283,n03089624
LSEJ_005544,images/n03095699_10771.png,train,n03095699_10771,n03095699
LSEJ_005545,images/n03095699_12173.png,train,n03095699_12173,n03095699
LSEJ_005547,images/n03095699_13211.png,train,n03095699_13211,n03095699
LSEJ_005548,images/n03095699_15496.png,train,n03095699_15496,n03095699
LSEJ_005551,images/n03095699_21006.png,train,n03095699_21006,n03095699
LSEJ_005552,images/n03095699_2257.png,train,n03095699_2257,n03095699
LSEJ_005553,images/n03095699_23525.png,train,n03095699_23525,n03095699
LSEJ_005554,images/n03095699_244.png,train,n03095699_244,n03095699
LSEJ_005555,images/n03095699_24998.png,train,n03095699_24998,n03095699
LSEJ_005556,images/n03095699_25444.png,train,n03095699_25444,n03095699
LSEJ_005557,images/n03095699_25542.png,train,n03095699_25542,n03095699
LSEJ_005560,images/n03095699_3680.png,train,n03095699_3680,n03095699
LSEJ_005561,images/n03095699_3846.png,train,n03095699_3846,n03095699
LSEJ_005562,images/n03095699_438.png,train,n03095699_438,n03095699
LSEJ_005564,images/n03095699_4691.png,train,n03095699_4691,n03095699
LSEJ_005565,images/n03095699_4710.png,train,n03095699_4710,n03095699
LSEJ_005567,images/n03095699_6552.png,train,n03095699_6552,n03095699
LSEJ_005568,images/n03095699_6785.png,train,n03095699_6785,n03095699
LSEJ_005569,images/n03095699_837.png,train,n03095699_837,n03095699
LSEJ_005570,images/n03095699_8685.png,train,n03095699_8685,n03095699
LSEJ_005571,images/n03100240_15334.png,train,n03100240_15334,n03100240
LSEJ_005572,images/n03100240_17431.png,train,n03100240_17431,n03100240
LSEJ_005574,images/n03100240_207.png,train,n03100240_207,n03100240
LSEJ_005575,images/n03100240_3364.png,train,n03100240_3364,n03100240
LSEJ_005576,images/n03100240_3608.png,train,n03100240_3608,n03100240
LSEJ_005577,images/n03100240_3756.png,train,n03100240_3756,n03100240
LSEJ_005578,images/n03100240_5527.png,train,n03100240_5527,n03100240
LSEJ_005579,images/n03100240_5727.png,train,n03100240_5727,n03100240
LSEJ_005581,images/n03100240_6248.png,train,n03100240_6248,n03100240
LSEJ_005582,images/n03100240_6948.png,train,n03100240_6948,n03100240
LSEJ_005583,images/n03100240_84.png,train,n03100240_84,n03100240
LSEJ_005585,images/n03100240_9286.png,train,n03100240_9286,n03100240
LSEJ_005587,images/n03109150_11812.png,train,n03109150_11812,n03109150
LSEJ_005588,images/n03109150_28239.png,train,n03109150_28239,n03109150
LSEJ_005589,images/n03109150_31279.png,train,n03109150_31279,n03109150
LSEJ_005591,images/n03110669_116791.png,train,n03110669_116791,n03110669
LSEJ_005592,images/n03110669_12806.png,train,n03110669_12806,n03110669
LSEJ_005593,images/n03110669_22199.png,train,n03110669_22199,n03110669
LSEJ_005595,images/n03110669_30239.png,train,n03110669_30239,n03110669
LSEJ_005596,images/n03110669_30581.png,train,n03110669_30581,n03110669
LSEJ_005598,images/n03110669_41175.png,train,n03110669_41175,n03110669
LSEJ_005600,images/n03110669_8645.png,train,n03110669_8645,n03110669
LSEJ_005601,images/n03110669_8783.png,train,n03110669_8783,n03110669
LSEJ_005602,images/n03124043_6505.png,train,n03124043_6505,n03124043
LSEJ_005603,images/n03124043_8287.png,train,n03124043_8287,n03124043
LSEJ_005604,images/n03124170_11135.png,train,n03124170_11135,n03124170
LSEJ_005606,images/n03124170_14066.png,train,n03124170_14066,n03124170
LSEJ_005607,images/n03125729_1215.png,train,n03125729_1215,n03125729
LSEJ_005609,images/n03125729_3689.png,train,n03125729_3689,n03125729
LSEJ_005610,images/n03125729_3931.png,train,n03125729_3931,n03125729
LSEJ_005612,images/n03125729_5093.png,train,n03125729_5093,n03125729
LSEJ_005613,images/n03125729_5469.png,train,n03125729_5469,n03125729
LSEJ_005614,images/n03125729_595.png,train,n03125729_595,n03125729
LSEJ_005615,images/n03125729_7152.png,train,n03125729_7152,n03125729
LSEJ_005616,images/n03125729_7281.png,train,n03125729_7281,n03125729
LSEJ_005617,images/n03125729_8729.png,train,n03125729_8729,n03125729
LSEJ_005618,images/n03125729_8907.png,train,n03125729_8907,n03125729
LSEJ_005619,images/n03125729_9043.png,train,n03125729_9043,n03125729
LSEJ_005622,images/n03126707_10017.png,train,n03126707_10017,n03126707
LSEJ_005623,images/n03126707_10211.png,train,n03126707_10211,n03126707
LSEJ_005624,images/n03126707_10566.png,train,n03126707_10566,n03126707
LSEJ_005625,images/n03126707_1076.png,train,n03126707_1076,n03126707
LSEJ_005626,images/n03126707_1277.png,train,n03126707_1277,n03126707
LSEJ_005627,images/n03126707_1845.png,train,n03126707_1845,n03126707
LSEJ_005629,images/n03126707_255.png,train,n03126707_255,n03126707
LSEJ_005630,images/n03126707_2569.png,train,n03126707_2569,n03126707
LSEJ_005632,images/n03126707_32441.png,train,n03126707_32441,n03126707
LSEJ_005633,images/n03126707_3381.png,train,n03126707_3381,n03126707
LSEJ_005634,images/n03126707_3621.png,train,n03126707_3621,n03126707
LSEJ_005636,images/n03126707_4062.png,train,n03126707_4062,n03126707
LSEJ_005637,images/n03126707_4065.png,train,n03126707_4065,n03126707
LSEJ_005639,images/n03126707_4352.png,train,n03126707_4352,n03126707
LSEJ_005640,images/n03126707_4447.png,train,n03126707_4447,n03126707
LSEJ_005641,images/n03126707_4512.png,train,n03126707_4512,n03126707
LSEJ_005643,images/n03126707_4743.png,train,n03126707_4743,n03126707
LSEJ_005644,images/n03126707_4903.png,train,n03126707_4903,n03126707
LSEJ_005647,images/n03126707_564.png,train,n03126707_564,n03126707
LSEJ_005650,images/n03126707_6124.png,train,n03126707_6124,n03126707
LSEJ_005651,images/n03126707_6192.png,train,n03126707_6192,n03126707
LSEJ_005652,images/n03126707_6212.png,train,n03126707_6212,n03126707
LSEJ_005653,images/n03126707_6307.png,train,n03126707_6307,n03126707
LSEJ_005655,images/n03126707_6780.png,train,n03126707_6780,n03126707
LSEJ_005656,images/n03126707_6906.png,train,n03126707_6906,n03126707
LSEJ_005657,images/n03126707_7575.png,train,n03126707_7575,n03126707
LSEJ_005658,images/n03126707_7630.png,train,n03126707_7630,n03126707
LSEJ_005659,images/n03126707_8244.png,train,n03126707_8244,n03126707
LSEJ_005660,images/n03126707_9497.png,train,n03126707_9497,n03126707
LSEJ_005661,images/n03126707_9906.png,train,n03126707_9906,n03126707
LSEJ_005662,images/n03126707_9973.png,train,n03126707_9973,n03126707
LSEJ_005664,images/n03127747_241.png,train,n03127747_241,n03127747
LSEJ_005665,images/n03127747_4564.png,train,n03127747_4564,n03127747
LSEJ_005666,images/n03127747_7680.png,train,n03127747_7680,n03127747
LSEJ_005667,images/n03127747_9142.png,train,n03127747_9142,n03127747
LSEJ_005669,images/n03127925_11472.png,train,n03127925_11472,n03127925
LSEJ_005670,images/n03127925_11866.png,train,n03127925_11866,n03127925
LSEJ_005671,images/n03127925_22021.png,train,n03127925_22021,n03127925
LSEJ_005672,images/n03127925_22062.png,train,n03127925_22062,n03127925
LSEJ_005674,images/n03127925_3648.png,train,n03127925_3648,n03127925
LSEJ_005675,images/n03127925_5091.png,train,n03127925_5091,n03127925
LSEJ_005677,images/n03127925_8543.png,train,n03127925_8543,n03127925
LSEJ_005678,images/n03127925_920.png,train,n03127925_920,n03127925
LSEJ_005679,images/n03131574_13809.png,train,n03131574_13809,n03131574
LSEJ_005680,images/n03131574_16520.png,train,n03131574_16520,n03131574
LSEJ_005682,images/n03131574_16783.png,train,n03131574_16783,n03131574
LSEJ_005683,images/n03131574_17648.png,train,n03131574_17648,n03131574
LSEJ_005684,images/n03131574_17761.png,train,n03131574_17761,n03131574
LSEJ_005685,images/n03131574_18263.png,train,n03131574_18263,n03131574
LSEJ_005688,images/n03131574_22369.png,train,n03131574_22369,n03131574
LSEJ_005689,images/n03131574_22945.png,train,n03131574_22945,n03131574
LSEJ_005691,images/n03131574_23608.png,train,n03131574_23608,n03131574
LSEJ_005693,images/n03131574_28807.png,train,n03131574_28807,n03131574
LSEJ_005694,images/n03131574_30490.png,train,n03131574_30490,n03131574
LSEJ_005695,images/n03131574_32157.png,train,n03131574_32157,n03131574
LSEJ_005696,images/n03131574_32965.png,train,n03131574_32965,n03131574
LSEJ_005697,images/n03131574_36682.png,train,n03131574_36682,n03131574
LSEJ_005699,images/n03131574_4127.png,train,n03131574_4127,n03131574
LSEJ_005700,images/n03131574_4612.png,train,n03131574_4612,n03131574
LSEJ_005701,images/n03131574_4706.png,train,n03131574_4706,n03131574
LSEJ_005702,images/n03131574_5255.png,train,n03131574_5255,n03131574
LSEJ_005703,images/n03131574_5453.png,train,n03131574_5453,n03131574
LSEJ_005704,images/n03131574_54666.png,train,n03131574_54666,n03131574
LSEJ_005706,images/n03131574_7799.png,train,n03131574_7799,n03131574
LSEJ_005707,images/n03131574_907.png,train,n03131574_907,n03131574
LSEJ_005709,images/n03133878_5158.png,train,n03133878_5158,n03133878
LSEJ_005710,images/n03134739_10066.png,train,n03134739_10066,n03134739
LSEJ_005711,images/n03134739_10648.png,train,n03134739_10648,n03134739
LSEJ_005712,images/n03134739_10737.png,train,n03134739_10737,n03134739
LSEJ_005713,images/n03134739_10785.png,train,n03134739_10785,n03134739
LSEJ_005714,images/n03134739_10856.png,train,n03134739_10856,n03134739
LSEJ_005716,images/n03134739_1287.png,train,n03134739_1287,n03134739
LSEJ_005718,images/n03134739_3285.png,train,n03134739_3285,n03134739
LSEJ_005719,images/n03134739_3849.png,train,n03134739_3849,n03134739
LSEJ_005721,images/n03134739_6341.png,train,n03134739_6341,n03134739
LSEJ_005722,images/n03134739_6635.png,train,n03134739_6635,n03134739
LSEJ_005723,images/n03134739_6867.png,train,n03134739_6867,n03134739
LSEJ_005724,images/n03134739_7089.png,train,n03134739_7089,n03134739
LSEJ_005725,images/n03134739_7497.png,train,n03134739_7497,n03134739
LSEJ_005727,images/n03134739_7939.png,train,n03134739_7939,n03134739
LSEJ_005730,images/n03141823_13917.png,train,n03141823_13917,n03141823
LSEJ_005731,images/n03141823_14259.png,train,n03141823_14259,n03141823
LSEJ_005732,images/n03141823_3402.png,train,n03141823_3402,n03141823
LSEJ_005734,images/n03141823_5049.png,train,n03141823_5049,n03141823
LSEJ_005735,images/n03141823_8011.png,train,n03141823_8011,n03141823
LSEJ_005736,images/n03146219_1474.png,train,n03146219_1474,n03146219
LSEJ_005737,images/n03146219_2043.png,train,n03146219_2043,n03146219
LSEJ_005738,images/n03146219_205.png,train,n03146219_205,n03146219
LSEJ_005739,images/n03146219_26783.png,train,n03146219_26783,n03146219
LSEJ_005740,images/n03146219_3812.png,train,n03146219_3812,n03146219
LSEJ_005741,images/n03146219_5106.png,train,n03146219_5106,n03146219
LSEJ_005742,images/n03146219_5341.png,train,n03146219_5341,n03146219
LSEJ_005743,images/n03146219_5581.png,train,n03146219_5581,n03146219
LSEJ_005746,images/n03146219_7039.png,train,n03146219_7039,n03146219
LSEJ_005748,images/n03146219_7565.png,train,n03146219_7565,n03146219
LSEJ_005750,images/n03146219_9945.png,train,n03146219_9945,n03146219
LSEJ_005751,images/n03160309_1021.png,train,n03160309_1021,n03160309
LSEJ_005752,images/n03160309_10499.png,train,n03160309_10499,n03160309
LSEJ_005755,images/n03160309_14486.png,train,n03160309_14486,n03160309
LSEJ_005757,images/n03160309_15658.png,train,n03160309_15658,n03160309
LSEJ_005758,images/n03160309_17737.png,train,n03160309_17737,n03160309
LSEJ_005760,images/n03160309_24623.png,train,n03160309_24623,n03160309
LSEJ_005761,images/n03160309_25275.png,train,n03160309_25275,n03160309
LSEJ_005762,images/n03160309_27354.png,train,n03160309_27354,n03160309
LSEJ_005763,images/n03160309_2811.png,train,n03160309_2811,n03160309
LSEJ_005765,images/n03160309_32304.png,train,n03160309_32304,n03160309
LSEJ_005766,images/n03160309_32316.png,train,n03160309_32316,n03160309
LSEJ_005769,images/n03160309_40608.png,train,n03160309_40608,n03160309
LSEJ_005770,images/n03160309_40740.png,train,n03160309_40740,n03160309
LSEJ_005771,images/n03160309_42714.png,train,n03160309_42714,n03160309
LSEJ_005772,images/n03160309_43378.png,train,n03160309_43378,n03160309
LSEJ_005773,images/n03160309_45003.png,train,n03160309_45003,n03160309
LSEJ_005774,images/n03160309_46390.png,train,n03160309_46390,n03160309
LSEJ_005775,images/n03160309_6377.png,train,n03160309_6377,n03160309
LSEJ_005776,images/n03160309_9343.png,train,n03160309_9343,n03160309
LSEJ_005777,images/n03160309_9689.png,train,n03160309_9689,n03160309
LSEJ_005778,images/n03179701_1043.png,train,n03179701_1043,n03179701
LSEJ_005780,images/n03179701_10925.png,train,n03179701_10925,n03179701
LSEJ_005781,images/n03179701_11045.png,train,n03179701_11045,n03179701
LSEJ_005783,images/n03179701_11701.png,train,n03179701_11701,n03179701
LSEJ_005784,images/n03179701_12531.png,train,n03179701_12531,n03179701
LSEJ_005786,images/n03179701_12729.png,train,n03179701_12729,n03179701
LSEJ_005787,images/n03179701_12960.png,train,n03179701_12960,n03179701
LSEJ_005788,images/n03179701_15173.png,train,n03179701_15173,n03179701
LSEJ_005789,images/n03179701_16345.png,train,n03179701_16345,n03179701
LSEJ_005790,images/n03179701_17613.png,train,n03179701_17613,n03179701
LSEJ_005791,images/n03179701_18062.png,train,n03179701_18062,n03179701
LSEJ_005793,images/n03179701_19549.png,train,n03179701_19549,n03179701
LSEJ_005795,images/n03179701_19934.png,train,n03179701_19934,n03179701
LSEJ_005796,images/n03179701_20133.png,train,n03179701_20133,n03179701
LSEJ_005797,images/n03179701_20852.png,train,n03179701_20852,n03179701
LSEJ_005799,images/n03179701_21397.png,train,n03179701_21397,n03179701
LSEJ_005800,images/n03179701_21811.png,train,n03179701_21811,n03179701
LSEJ_005801,images/n03179701_22241.png,train,n03179701_22241,n03179701
LSEJ_005803,images/n03179701_22963.png,train,n03179701_22963,n03179701
LSEJ_005804,images/n03179701_24731.png,train,n03179701_24731,n03179701
LSEJ_005805,images/n03179701_24833.png,train,n03179701_24833,n03179701
LSEJ_005806,images/n03179701_24874.png,train,n03179701_24874,n03179701
LSEJ_005807,images/n03179701_25812.png,train,n03179701_25812,n03179701
LSEJ_005809,images/n03179701_26220.png,train,n03179701_26220,n03179701
LSEJ_005810,images/n03179701_27657.png,train,n03179701_27657,n03179701
LSEJ_005811,images/n03179701_28199.png,train,n03179701_28199,n03179701
LSEJ_005812,images/n03179701_2865.png,train,n03179701_2865,n03179701
LSEJ_005813,images/n03179701_29582.png,train,n03179701_29582,n03179701
LSEJ_005814,images/n03179701_3184.png,train,n03179701_3184,n03179701
LSEJ_005816,images/n03179701_34103.png,train,n03179701_34103,n03179701
LSEJ_005817,images/n03179701_3608.png,train,n03179701_3608,n03179701
LSEJ_005819,images/n03179701_4189.png,train,n03179701_4189,n03179701
LSEJ_005820,images/n03179701_4461.png,train,n03179701_4461,n03179701
LSEJ_005823,images/n03179701_5151.png,train,n03179701_5151,n03179701
LSEJ_005824,images/n03179701_5719.png,train,n03179701_5719,n03179701
LSEJ_005825,images/n03179701_5727.png,train,n03179701_5727,n03179701
LSEJ_005827,images/n03179701_6404.png,train,n03179701_6404,n03179701
LSEJ_005828,images/n03179701_65087.png,train,n03179701_65087,n03179701
LSEJ_005829,images/n03179701_673.png,train,n03179701_673,n03179701
LSEJ_005830,images/n03179701_6770.png,train,n03179701_6770,n03179701
LSEJ_005831,images/n03179701_6936.png,train,n03179701_6936,n03179701
LSEJ_005832,images/n03179701_8413.png,train,n03179701_8413,n03179701
LSEJ_005834,images/n03179701_9068.png,train,n03179701_9068,n03179701
LSEJ_005836,images/n03179701_9901.png,train,n03179701_9901,n03179701
LSEJ_005837,images/n03180011_1173.png,train,n03180011_1173,n03180011
LSEJ_005838,images/n03180011_12104.png,train,n03180011_12104,n03180011
LSEJ_005839,images/n03180011_1396.png,train,n03180011_1396,n03180011
LSEJ_005840,images/n03180011_14163.png,train,n03180011_14163,n03180011
LSEJ_005841,images/n03180011_1605.png,train,n03180011_1605,n03180011
LSEJ_005842,images/n03180011_2058.png,train,n03180011_2058,n03180011
LSEJ_005843,images/n03180011_3039.png,train,n03180011_3039,n03180011
LSEJ_005845,images/n03180011_3623.png,train,n03180011_3623,n03180011
LSEJ_005849,images/n03180011_5986.png,train,n03180011_5986,n03180011
LSEJ_005850,images/n03180011_6348.png,train,n03180011_6348,n03180011
LSEJ_005851,images/n03180011_6460.png,train,n03180011_6460,n03180011
LSEJ_005853,images/n03180011_756.png,train,n03180011_756,n03180011
LSEJ_005854,images/n03180011_784.png,train,n03180011_784,n03180011
LSEJ_005855,images/n03187595_14565.png,train,n03187595_14565,n03187595
LSEJ_005856,images/n03187595_15663.png,train,n03187595_15663,n03187595
LSEJ_005857,images/n03187595_4810.png,train,n03187595_4810,n03187595
LSEJ_005859,images/n03188531_15759.png,train,n03188531_15759,n03188531
LSEJ_005860,images/n03188531_16293.png,train,n03188531_16293,n03188531
LSEJ_005861,images/n03188531_16351.png,train,n03188531_16351,n03188531
LSEJ_005862,images/n03188531_18058.png,train,n03188531_18058,n03188531
LSEJ_005863,images/n03188531_20174.png,train,n03188531_20174,n03188531
LSEJ_005866,images/n03188531_2413.png,train,n03188531_2413,n03188531
LSEJ_005868,images/n03188531_8506.png,train,n03188531_8506,n03188531
LSEJ_005869,images/n03188531_8798.png,train,n03188531_8798,n03188531
LSEJ_005871,images/n03196217_1804.png,train,n03196217_1804,n03196217
LSEJ_005872,images/n03196217_3605.png,train,n03196217_3605,n03196217
LSEJ_005873,images/n03196217_3780.png,train,n03196217_3780,n03196217
LSEJ_005874,images/n03196217_4417.png,train,n03196217_4417,n03196217
LSEJ_005876,images/n03196217_5772.png,train,n03196217_5772,n03196217
LSEJ_005877,images/n03196217_6249.png,train,n03196217_6249,n03196217
LSEJ_005878,images/n03201208_1014.png,train,n03201208_1014,n03201208
LSEJ_005879,images/n03201208_10466.png,train,n03201208_10466,n03201208
LSEJ_005880,images/n03201208_10534.png,train,n03201208_10534,n03201208
LSEJ_005881,images/n03201208_10546.png,train,n03201208_10546,n03201208
LSEJ_005882,images/n03201208_10733.png,train,n03201208_10733,n03201208
LSEJ_005883,images/n03201208_10764.png,train,n03201208_10764,n03201208
LSEJ_005884,images/n03201208_1304.png,train,n03201208_1304,n03201208
LSEJ_005885,images/n03201208_1867.png,train,n03201208_1867,n03201208
LSEJ_005886,images/n03201208_1900.png,train,n03201208_1900,n03201208
LSEJ_005887,images/n03201208_2162.png,train,n03201208_2162,n03201208
LSEJ_005890,images/n03201208_3093.png,train,n03201208_3093,n03201208
LSEJ_005891,images/n03201208_3375.png,train,n03201208_3375,n03201208
LSEJ_005892,images/n03201208_3387.png,train,n03201208_3387,n03201208
LSEJ_005896,images/n03201208_4529.png,train,n03201208_4529,n03201208
LSEJ_005898,images/n03201208_528.png,train,n03201208_528,n03201208
LSEJ_005899,images/n03201208_5880.png,train,n03201208_5880,n03201208
LSEJ_005900,images/n03201208_5920.png,train,n03201208_5920,n03201208
LSEJ_005901,images/n03201208_6130.png,train,n03201208_6130,n03201208
LSEJ_005902,images/n03201208_7160.png,train,n03201208_7160,n03201208
LSEJ_005903,images/n03201208_7409.png,train,n03201208_7409,n03201208
LSEJ_005904,images/n03201208_7834.png,train,n03201208_7834,n03201208
LSEJ_005905,images/n03201208_8029.png,train,n03201208_8029,n03201208
LSEJ_005906,images/n03201208_8108.png,train,n03201208_8108,n03201208
LSEJ_005907,images/n03201208_8220.png,train,n03201208_8220,n03201208
LSEJ_005910,images/n03201208_870.png,train,n03201208_870,n03201208
LSEJ_005911,images/n03201208_9156.png,train,n03201208_9156,n03201208
LSEJ_005912,images/n03201208_9475.png,train,n03201208_9475,n03201208
LSEJ_005913,images/n03201208_9850.png,train,n03201208_9850,n03201208
LSEJ_005915,images/n03207743_12580.png,train,n03207743_12580,n03207743
LSEJ_005916,images/n03207743_14757.png,train,n03207743_14757,n03207743
LSEJ_005917,images/n03207743_21918.png,train,n03207743_21918,n03207743
LSEJ_005919,images/n03207941_13096.png,train,n03207941_13096,n03207941
LSEJ_005920,images/n03207941_22717.png,train,n03207941_22717,n03207941
LSEJ_005921,images/n03207941_4151.png,train,n03207941_4151,n03207941
LSEJ_005923,images/n03207941_9904.png,train,n03207941_9904,n03207941
LSEJ_005924,images/n03208938_10667.png,train,n03208938_10667,n03208938
LSEJ_005926,images/n03208938_1192.png,train,n03208938_1192,n03208938
LSEJ_005927,images/n03208938_18269.png,train,n03208938_18269,n03208938
LSEJ_005928,images/n03208938_18316.png,train,n03208938_18316,n03208938
LSEJ_005929,images/n03208938_18741.png,train,n03208938_18741,n03208938
LSEJ_005930,images/n03208938_20845.png,train,n03208938_20845,n03208938
LSEJ_005931,images/n03208938_22612.png,train,n03208938_22612,n03208938
LSEJ_005934,images/n03208938_24237.png,train,n03208938_24237,n03208938
LSEJ_005935,images/n03208938_24841.png,train,n03208938_24841,n03208938
LSEJ_005936,images/n03208938_26266.png,train,n03208938_26266,n03208938
LSEJ_005937,images/n03208938_27140.png,train,n03208938_27140,n03208938
LSEJ_005938,images/n03208938_27656.png,train,n03208938_27656,n03208938
LSEJ_005940,images/n03208938_2907.png,train,n03208938_2907,n03208938
LSEJ_005942,images/n03208938_5278.png,train,n03208938_5278,n03208938
LSEJ_005943,images/n03208938_6588.png,train,n03208938_6588,n03208938
LSEJ_005944,images/n03208938_7065.png,train,n03208938_7065,n03208938
LSEJ_005946,images/n03218198_11374.png,train,n03218198_11374,n03218198
LSEJ_005947,images/n03218198_1348.png,train,n03218198_1348,n03218198
LSEJ_005948,images/n03218198_13603.png,train,n03218198_13603,n03218198
LSEJ_005949,images/n03218198_2088.png,train,n03218198_2088,n03218198
LSEJ_005950,images/n03218198_22374.png,train,n03218198_22374,n03218198
LSEJ_005952,images/n03218198_22565.png,train,n03218198_22565,n03218198
LSEJ_005954,images/n03218198_23539.png,train,n03218198_23539,n03218198
LSEJ_005955,images/n03218198_27655.png,train,n03218198_27655,n03218198
LSEJ_005957,images/n03218198_3840.png,train,n03218198_3840,n03218198
LSEJ_005958,images/n03218198_4077.png,train,n03218198_4077,n03218198
LSEJ_005959,images/n03218198_4415.png,train,n03218198_4415,n03218198
LSEJ_005960,images/n03218198_7188.png,train,n03218198_7188,n03218198
LSEJ_005961,images/n03218198_7633.png,train,n03218198_7633,n03218198
LSEJ_005962,images/n03220513_11479.png,train,n03220513_11479,n03220513
LSEJ_005963,images/n03220513_12649.png,train,n03220513_12649,n03220513
LSEJ_005965,images/n03220513_16823.png,train,n03220513_16823,n03220513
LSEJ_005966,images/n03220513_25015.png,train,n03220513_25015,n03220513
LSEJ_005967,images/n03220513_2808.png,train,n03220513_2808,n03220513
LSEJ_005969,images/n03220513_31859.png,train,n03220513_31859,n03220513
LSEJ_005970,images/n03220513_34249.png,train,n03220513_34249,n03220513
LSEJ_005972,images/n03220513_36399.png,train,n03220513_36399,n03220513
LSEJ_005973,images/n03220513_3731.png,train,n03220513_3731,n03220513
LSEJ_005974,images/n03220513_38525.png,train,n03220513_38525,n03220513
LSEJ_005975,images/n03220513_39984.png,train,n03220513_39984,n03220513
LSEJ_005977,images/n03220513_6423.png,train,n03220513_6423,n03220513
LSEJ_005978,images/n03220513_9413.png,train,n03220513_9413,n03220513
LSEJ_005979,images/n03223299_17206.png,train,n03223299_17206,n03223299
LSEJ_005982,images/n03223299_3875.png,train,n03223299_3875,n03223299
LSEJ_005983,images/n03223299_5365.png,train,n03223299_5365,n03223299
LSEJ_005984,images/n03223299_7628.png,train,n03223299_7628,n03223299
LSEJ_005985,images/n03223299_9746.png,train,n03223299_9746,n03223299
LSEJ_005986,images/n03240683_1010.png,train,n03240683_1010,n03240683
LSEJ_005987,images/n03240683_10710.png,train,n03240683_10710,n03240683
LSEJ_005988,images/n03240683_12114.png,train,n03240683_12114,n03240683
LSEJ_005989,images/n03240683_4699.png,train,n03240683_4699,n03240683
LSEJ_005991,images/n03240683_6485.png,train,n03240683_6485,n03240683
LSEJ_005993,images/n03240683_7823.png,train,n03240683_7823,n03240683
LSEJ_005994,images/n03240683_9004.png,train,n03240683_9004,n03240683
LSEJ_005995,images/n03249569_11147.png,train,n03249569_11147,n03249569
LSEJ_005996,images/n03249569_15473.png,train,n03249569_15473,n03249569
LSEJ_005998,images/n03249569_18051.png,train,n03249569_18051,n03249569
LSEJ_005999,images/n03249569_18796.png,train,n03249569_18796,n03249569
LSEJ_006000,images/n03249569_20181.png,train,n03249569_20181,n03249569
LSEJ_006002,images/n03249569_5546.png,train,n03249569_5546,n03249569
LSEJ_006003,images/n03250847_10962.png,train,n03250847_10962,n03250847
LSEJ_006004,images/n03250847_11184.png,train,n03250847_11184,n03250847
LSEJ_006005,images/n03250847_11650.png,train,n03250847_11650,n03250847
LSEJ_006006,images/n03250847_5615.png,train,n03250847_5615,n03250847
LSEJ_006007,images/n03250847_565.png,train,n03250847_565,n03250847
LSEJ_006010,images/n03255030_1425.png,train,n03255030_1425,n03255030
LSEJ_006012,images/n03255030_17698.png,train,n03255030_17698,n03255030
LSEJ_006014,images/n03255030_1983.png,train,n03255030_1983,n03255030
LSEJ_006015,images/n03255030_2236.png,train,n03255030_2236,n03255030
LSEJ_006016,images/n03255030_2618.png,train,n03255030_2618,n03255030
LSEJ_006018,images/n03255030_2882.png,train,n03255030_2882,n03255030
LSEJ_006019,images/n03255030_3239.png,train,n03255030_3239,n03255030
LSEJ_006020,images/n03255030_3546.png,train,n03255030_3546,n03255030
LSEJ_006021,images/n03255030_5039.png,train,n03255030_5039,n03255030
LSEJ_006022,images/n03255030_6678.png,train,n03255030_6678,n03255030
LSEJ_006023,images/n03255030_6803.png,train,n03255030_6803,n03255030
LSEJ_006025,images/n03255030_7980.png,train,n03255030_7980,n03255030
LSEJ_006026,images/n03259280_10457.png,train,n03259280_10457,n03259280
LSEJ_006029,images/n03259280_4266.png,train,n03259280_4266,n03259280
LSEJ_006030,images/n03259280_5395.png,train,n03259280_5395,n03259280
LSEJ_006031,images/n03259280_8566.png,train,n03259280_8566,n03259280
LSEJ_006032,images/n03271574_11367.png,train,n03271574_11367,n03271574
LSEJ_006033,images/n03271574_11938.png,train,n03271574_11938,n03271574
LSEJ_006035,images/n03271574_1948.png,train,n03271574_1948,n03271574
LSEJ_006036,images/n03271574_23946.png,train,n03271574_23946,n03271574
LSEJ_006037,images/n03271574_3519.png,train,n03271574_3519,n03271574
LSEJ_006038,images/n03271574_453.png,train,n03271574_453,n03271574
LSEJ_006040,images/n03271574_5632.png,train,n03271574_5632,n03271574
LSEJ_006041,images/n03271574_6184.png,train,n03271574_6184,n03271574
LSEJ_006043,images/n03271574_791.png,train,n03271574_791,n03271574
LSEJ_006044,images/n03271574_9709.png,train,n03271574_9709,n03271574
LSEJ_006045,images/n03272010_115.png,train,n03272010_115,n03272010
LSEJ_006046,images/n03272010_2058.png,train,n03272010_2058,n03272010
LSEJ_006047,images/n03272010_2312.png,train,n03272010_2312,n03272010
LSEJ_006048,images/n03272010_2332.png,train,n03272010_2332,n03272010
LSEJ_006050,images/n03272010_3239.png,train,n03272010_3239,n03272010
LSEJ_006051,images/n03272010_3293.png,train,n03272010_3293,n03272010
LSEJ_006052,images/n03272010_3655.png,train,n03272010_3655,n03272010
LSEJ_006054,images/n03272010_433.png,train,n03272010_433,n03272010
LSEJ_006056,images/n03272562_10228.png,train,n03272562_10228,n03272562
LSEJ_006057,images/n03272562_12028.png,train,n03272562_12028,n03272562
LSEJ_006058,images/n03272562_1502.png,train,n03272562_1502,n03272562
LSEJ_006059,images/n03272562_1990.png,train,n03272562_1990,n03272562
LSEJ_006060,images/n03272562_4338.png,train,n03272562_4338,n03272562
LSEJ_006062,images/n03272562_4664.png,train,n03272562_4664,n03272562
LSEJ_006063,images/n03272562_5460.png,train,n03272562_5460,n03272562
LSEJ_006064,images/n03272562_658.png,train,n03272562_658,n03272562
LSEJ_006066,images/n03272562_859.png,train,n03272562_859,n03272562
LSEJ_006067,images/n03272562_8654.png,train,n03272562_8654,n03272562
LSEJ_006068,images/n03272562_8741.png,train,n03272562_8741,n03272562
LSEJ_006071,images/n03272562_9377.png,train,n03272562_9377,n03272562
LSEJ_006072,images/n03272562_9996.png,train,n03272562_9996,n03272562
LSEJ_006074,images/n03290653_10677.png,train,n03290653_10677,n03290653
LSEJ_006075,images/n03290653_11575.png,train,n03290653_11575,n03290653
LSEJ_006076,images/n03290653_12294.png,train,n03290653_12294,n03290653
LSEJ_006078,images/n03290653_1974.png,train,n03290653_1974,n03290653
LSEJ_006079,images/n03290653_274.png,train,n03290653_274,n03290653
LSEJ_006080,images/n03290653_2782.png,train,n03290653_2782,n03290653
LSEJ_006081,images/n03290653_2950.png,train,n03290653_2950,n03290653
LSEJ_006083,images/n03290653_3338.png,train,n03290653_3338,n03290653
LSEJ_006085,images/n03290653_3827.png,train,n03290653_3827,n03290653
LSEJ_006086,images/n03290653_4129.png,train,n03290653_4129,n03290653
LSEJ_006087,images/n03290653_4468.png,train,n03290653_4468,n03290653
LSEJ_006088,images/n03290653_4689.png,train,n03290653_4689,n03290653
LSEJ_006090,images/n03290653_4745.png,train,n03290653_4745,n03290653
LSEJ_006091,images/n03290653_4804.png,train,n03290653_4804,n03290653
LSEJ_006092,images/n03290653_4977.png,train,n03290653_4977,n03290653
LSEJ_006093,images/n03290653_504.png,train,n03290653_504,n03290653
LSEJ_006094,images/n03290653_5053.png,train,n03290653_5053,n03290653
LSEJ_006095,images/n03290653_5180.png,train,n03290653_5180,n03290653
LSEJ_006096,images/n03290653_5505.png,train,n03290653_5505,n03290653
LSEJ_006098,images/n03290653_897.png,train,n03290653_897,n03290653
LSEJ_006100,images/n03290653_913.png,train,n03290653_913,n03290653
LSEJ_006101,images/n03290653_992.png,train,n03290653_992,n03290653
LSEJ_006103,images/n03291819_13131.png,train,n03291819_13131,n03291819
LSEJ_006104,images/n03291819_5048.png,train,n03291819_5048,n03291819
LSEJ_006105,images/n03297495_1352.png,train,n03297495_1352,n03297495
LSEJ_006107,images/n03297495_3806.png,train,n03297495_3806,n03297495
LSEJ_006109,images/n03297495_5908.png,train,n03297495_5908,n03297495
LSEJ_006110,images/n03297495_815.png,train,n03297495_815,n03297495
LSEJ_006111,images/n03314780_10237.png,train,n03314780_10237,n03314780
LSEJ_006112,images/n03314780_13139.png,train,n03314780_13139,n03314780
LSEJ_006114,images/n03325584_17729.png,train,n03325584_17729,n03325584
LSEJ_006115,images/n03337140_10418.png,train,n03337140_10418,n03337140
LSEJ_006116,images/n03337140_1137.png,train,n03337140_1137,n03337140
LSEJ_006118,images/n03337140_14661.png,train,n03337140_14661,n03337140
LSEJ_006120,images/n03337140_46329.png,train,n03337140_46329,n03337140
LSEJ_006121,images/n03337140_58031.png,train,n03337140_58031,n03337140
LSEJ_006122,images/n03337140_62105.png,train,n03337140_62105,n03337140
LSEJ_006123,images/n03344393_10343.png,train,n03344393_10343,n03344393
LSEJ_006124,images/n03344393_11315.png,train,n03344393_11315,n03344393
LSEJ_006129,images/n03344393_14068.png,train,n03344393_14068,n03344393
LSEJ_006130,images/n03344393_14288.png,train,n03344393_14288,n03344393
LSEJ_006131,images/n03344393_15000.png,train,n03344393_15000,n03344393
LSEJ_006133,images/n03344393_2868.png,train,n03344393_2868,n03344393
LSEJ_006134,images/n03344393_2895.png,train,n03344393_2895,n03344393
LSEJ_006135,images/n03344393_2924.png,train,n03344393_2924,n03344393
LSEJ_006136,images/n03344393_3239.png,train,n03344393_3239,n03344393
LSEJ_006138,images/n03344393_3356.png,train,n03344393_3356,n03344393
LSEJ_006139,images/n03344393_4063.png,train,n03344393_4063,n03344393
LSEJ_006140,images/n03344393_4246.png,train,n03344393_4246,n03344393
LSEJ_006141,images/n03344393_4273.png,train,n03344393_4273,n03344393
LSEJ_006142,images/n03344393_4306.png,train,n03344393_4306,n03344393
LSEJ_006144,images/n03344393_5382.png,train,n03344393_5382,n03344393
LSEJ_006145,images/n03344393_5757.png,train,n03344393_5757,n03344393
LSEJ_006146,images/n03344393_629.png,train,n03344393_629,n03344393
LSEJ_006147,images/n03344393_6356.png,train,n03344393_6356,n03344393
LSEJ_006148,images/n03344393_7011.png,train,n03344393_7011,n03344393
LSEJ_006149,images/n03344393_7748.png,train,n03344393_7748,n03344393
LSEJ_006151,images/n03344393_8519.png,train,n03344393_8519,n03344393
LSEJ_006152,images/n03344393_8540.png,train,n03344393_8540,n03344393
LSEJ_006153,images/n03344393_8554.png,train,n03344393_8554,n03344393
LSEJ_006155,images/n03345487_11250.png,train,n03345487_11250,n03345487
LSEJ_006156,images/n03345487_11483.png,train,n03345487_11483,n03345487
LSEJ_006157,images/n03345487_11829.png,train,n03345487_11829,n03345487
LSEJ_006159,images/n03345487_12386.png,train,n03345487_12386,n03345487
LSEJ_006161,images/n03345487_14284.png,train,n03345487_14284,n03345487
LSEJ_006162,images/n03345487_15868.png,train,n03345487_15868,n03345487
LSEJ_006165,images/n03345487_16868.png,train,n03345487_16868,n03345487
LSEJ_006166,images/n03345487_20667.png,train,n03345487_20667,n03345487
LSEJ_006168,images/n03345487_25168.png,train,n03345487_25168,n03345487
LSEJ_006170,images/n03345487_2868.png,train,n03345487_2868,n03345487
LSEJ_006171,images/n03345487_28848.png,train,n03345487_28848,n03345487
LSEJ_006172,images/n03345487_29190.png,train,n03345487_29190,n03345487
LSEJ_006173,images/n03345487_2962.png,train,n03345487_2962,n03345487
LSEJ_006174,images/n03345487_328.png,train,n03345487_328,n03345487
LSEJ_006175,images/n03345487_4315.png,train,n03345487_4315,n03345487
LSEJ_006176,images/n03345487_5423.png,train,n03345487_5423,n03345487
LSEJ_006177,images/n03345487_5672.png,train,n03345487_5672,n03345487
LSEJ_006178,images/n03345487_6361.png,train,n03345487_6361,n03345487
LSEJ_006179,images/n03345487_6524.png,train,n03345487_6524,n03345487
LSEJ_006180,images/n03345487_7323.png,train,n03345487_7323,n03345487
LSEJ_006181,images/n03345487_7542.png,train,n03345487_7542,n03345487
LSEJ_006182,images/n03345487_785.png,train,n03345487_785,n03345487
LSEJ_006183,images/n03347037_10104.png,train,n03347037_10104,n03347037
LSEJ_006185,images/n03347037_10314.png,train,n03347037_10314,n03347037
LSEJ_006186,images/n03347037_10465.png,train,n03347037_10465,n03347037
LSEJ_006187,images/n03347037_10608.png,train,n03347037_10608,n03347037
LSEJ_006188,images/n03347037_12569.png,train,n03347037_12569,n03347037
LSEJ_006191,images/n03347037_14353.png,train,n03347037_14353,n03347037
LSEJ_006192,images/n03347037_16466.png,train,n03347037_16466,n03347037
LSEJ_006193,images/n03347037_16492.png,train,n03347037_16492,n03347037
LSEJ_006194,images/n03347037_16783.png,train,n03347037_16783,n03347037
LSEJ_006196,images/n03347037_18105.png,train,n03347037_18105,n03347037
LSEJ_006198,images/n03347037_21509.png,train,n03347037_21509,n03347037
LSEJ_006199,images/n03347037_2527.png,train,n03347037_2527,n03347037
LSEJ_006200,images/n03347037_5072.png,train,n03347037_5072,n03347037
LSEJ_006201,images/n03347037_5331.png,train,n03347037_5331,n03347037
LSEJ_006202,images/n03347037_642.png,train,n03347037_642,n03347037
LSEJ_006203,images/n03347037_6704.png,train,n03347037_6704,n03347037
LSEJ_006204,images/n03347037_6841.png,train,n03347037_6841,n03347037
LSEJ_006205,images/n03347037_7416.png,train,n03347037_7416,n03347037
LSEJ_006208,images/n03347037_8818.png,train,n03347037_8818,n03347037
LSEJ_006209,images/n03347037_8897.png,train,n03347037_8897,n03347037
LSEJ_006210,images/n03347037_9159.png,train,n03347037_9159,n03347037
LSEJ_006212,images/n03347037_9321.png,train,n03347037_9321,n03347037
LSEJ_006213,images/n03347037_9900.png,train,n03347037_9900,n03347037
LSEJ_006214,images/n03355925_12752.png,train,n03355925_12752,n03355925
LSEJ_006216,images/n03355925_159.png,train,n03355925_159,n03355925
LSEJ_006218,images/n03355925_3631.png,train,n03355925_3631,n03355925
LSEJ_006219,images/n03355925_3886.png,train,n03355925_3886,n03355925
LSEJ_006220,images/n03355925_5530.png,train,n03355925_5530,n03355925
LSEJ_006221,images/n03355925_8862.png,train,n03355925_8862,n03355925
LSEJ_006222,images/n03355925_8952.png,train,n03355925_8952,n03355925
LSEJ_006226,images/n03372029_12170.png,train,n03372029_12170,n03372029
LSEJ_006228,images/n03372029_12776.png,train,n03372029_12776,n03372029
LSEJ_006229,images/n03372029_14031.png,train,n03372029_14031,n03372029
LSEJ_006230,images/n03372029_17109.png,train,n03372029_17109,n03372029
LSEJ_006232,images/n03372029_20739.png,train,n03372029_20739,n03372029
LSEJ_006233,images/n03372029_22925.png,train,n03372029_22925,n03372029
LSEJ_006234,images/n03372029_27439.png,train,n03372029_27439,n03372029
LSEJ_006235,images/n03372029_2813.png,train,n03372029_2813,n03372029
LSEJ_006237,images/n03372029_336.png,train,n03372029_336,n03372029
LSEJ_006238,images/n03372029_3869.png,train,n03372029_3869,n03372029
LSEJ_006239,images/n03372029_5366.png,train,n03372029_5366,n03372029
LSEJ_006240,images/n03372029_5524.png,train,n03372029_5524,n03372029
LSEJ_006241,images/n03372029_5799.png,train,n03372029_5799,n03372029
LSEJ_006243,images/n03372029_700.png,train,n03372029_700,n03372029
LSEJ_006244,images/n03372029_70796.png,train,n03372029_70796,n03372029
LSEJ_006245,images/n03372029_9794.png,train,n03372029_9794,n03372029
LSEJ_006247,images/n03376595_1740.png,train,n03376595_1740,n03376595
LSEJ_006249,images/n03376595_3625.png,train,n03376595_3625,n03376595
LSEJ_006250,images/n03376595_4241.png,train,n03376595_4241,n03376595
LSEJ_006252,images/n03376595_5152.png,train,n03376595_5152,n03376595
LSEJ_006253,images/n03376595_5166.png,train,n03376595_5166,n03376595
LSEJ_006254,images/n03376595_6922.png,train,n03376595_6922,n03376595
LSEJ_006255,images/n03376595_7515.png,train,n03376595_7515,n03376595
LSEJ_006256,images/n03376595_8228.png,train,n03376595_8228,n03376595
LSEJ_006257,images/n03376595_99.png,train,n03376595_99,n03376595
LSEJ_006258,images/n03379051_1053.png,train,n03379051_1053,n03379051
LSEJ_006259,images/n03379051_4237.png,train,n03379051_4237,n03379051
LSEJ_006260,images/n03379051_547.png,train,n03379051_547,n03379051
LSEJ_006262,images/n03384352_1175.png,train,n03384352_1175,n03384352
LSEJ_006264,images/n03384352_1634.png,train,n03384352_1634,n03384352
LSEJ_006265,images/n03384352_1908.png,train,n03384352_1908,n03384352
LSEJ_006266,images/n03384352_2055.png,train,n03384352_2055,n03384352
LSEJ_006267,images/n03384352_224.png,train,n03384352_224,n03384352
LSEJ_006268,images/n03384352_2311.png,train,n03384352_2311,n03384352
LSEJ_006269,images/n03384352_2498.png,train,n03384352_2498,n03384352
LSEJ_006271,images/n03384352_3246.png,train,n03384352_3246,n03384352
LSEJ_006272,images/n03384352_330.png,train,n03384352_330,n03384352
LSEJ_006273,images/n03384352_3374.png,train,n03384352_3374,n03384352
LSEJ_006274,images/n03384352_3408.png,train,n03384352_3408,n03384352
LSEJ_006275,images/n03384352_3444.png,train,n03384352_3444,n03384352
LSEJ_006276,images/n03384352_3467.png,train,n03384352_3467,n03384352
LSEJ_006279,images/n03384352_4222.png,train,n03384352_4222,n03384352
LSEJ_006280,images/n03384352_4525.png,train,n03384352_4525,n03384352
LSEJ_006281,images/n03384352_4545.png,train,n03384352_4545,n03384352
LSEJ_006282,images/n03384352_4592.png,train,n03384352_4592,n03384352
LSEJ_006283,images/n03384352_5042.png,train,n03384352_5042,n03384352
LSEJ_006285,images/n03384352_5225.png,train,n03384352_5225,n03384352
LSEJ_006287,images/n03384352_5562.png,train,n03384352_5562,n03384352
LSEJ_006288,images/n03384352_5589.png,train,n03384352_5589,n03384352
LSEJ_006289,images/n03384352_6605.png,train,n03384352_6605,n03384352
LSEJ_006291,images/n03384352_7067.png,train,n03384352_7067,n03384352
LSEJ_006292,images/n03384352_7321.png,train,n03384352_7321,n03384352
LSEJ_006293,images/n03384352_7412.png,train,n03384352_7412,n03384352
LSEJ_006294,images/n03384352_7494.png,train,n03384352_7494,n03384352
LSEJ_006296,images/n03384352_8119.png,train,n03384352_8119,n03384352
LSEJ_006298,images/n03388043_15350.png,train,n03388043_15350,n03388043
LSEJ_006299,images/n03388043_15689.png,train,n03388043_15689,n03388043
LSEJ_006300,images/n03388043_15925.png,train,n03388043_15925,n03388043
LSEJ_006301,images/n03388043_2229.png,train,n03388043_2229,n03388043
LSEJ_006302,images/n03388043_2774.png,train,n03388043_2774,n03388043
LSEJ_006303,images/n03388043_3137.png,train,n03388043_3137,n03388043
LSEJ_006305,images/n03388043_6743.png,train,n03388043_6743,n03388043
LSEJ_006307,images/n03388183_345.png,train,n03388183_345,n03388183
LSEJ_006308,images/n03388183_882.png,train,n03388183_882,n03388183
LSEJ_006310,images/n03388183_9758.png,train,n03388183_9758,n03388183
LSEJ_006311,images/n03388183_9780.png,train,n03388183_9780,n03388183
LSEJ_006312,images/n03388549_1035.png,train,n03388549_1035,n03388549
LSEJ_006313,images/n03388549_1046.png,train,n03388549_1046,n03388549
LSEJ_006314,images/n03388549_1047.png,train,n03388549_1047,n03388549
LSEJ_006315,images/n03388549_10968.png,train,n03388549_10968,n03388549
LSEJ_006317,images/n03388549_12003.png,train,n03388549_12003,n03388549
LSEJ_006319,images/n03388549_1367.png,train,n03388549_1367,n03388549
LSEJ_006320,images/n03388549_1457.png,train,n03388549_1457,n03388549
LSEJ_006322,images/n03388549_2073.png,train,n03388549_2073,n03388549
LSEJ_006323,images/n03388549_2277.png,train,n03388549_2277,n03388549
LSEJ_006324,images/n03388549_2394.png,train,n03388549_2394,n03388549
LSEJ_006325,images/n03388549_3396.png,train,n03388549_3396,n03388549
LSEJ_006326,images/n03388549_41.png,train,n03388549_41,n03388549
LSEJ_006330,images/n03388549_6784.png,train,n03388549_6784,n03388549
LSEJ_006331,images/n03388549_710.png,train,n03388549_710,n03388549
LSEJ_006332,images/n03388549_7298.png,train,n03388549_7298,n03388549
LSEJ_006333,images/n03388549_8.png,train,n03388549_8,n03388549
LSEJ_006334,images/n03388549_9370.png,train,n03388549_9370,n03388549
LSEJ_006336,images/n03393912_16964.png,train,n03393912_16964,n03393912
LSEJ_006337,images/n03393912_17830.png,train,n03393912_17830,n03393912
LSEJ_006338,images/n03393912_8305.png,train,n03393912_8305,n03393912
LSEJ_006339,images/n03393912_8473.png,train,n03393912_8473,n03393912
LSEJ_006341,images/n03394916_14162.png,train,n03394916_14162,n03394916
LSEJ_006342,images/n03394916_15417.png,train,n03394916_15417,n03394916
LSEJ_006343,images/n03394916_16589.png,train,n03394916_16589,n03394916
LSEJ_006344,images/n03394916_22791.png,train,n03394916_22791,n03394916
LSEJ_006345,images/n03394916_3118.png,train,n03394916_3118,n03394916
LSEJ_006346,images/n03394916_3705.png,train,n03394916_3705,n03394916
LSEJ_006347,images/n03394916_54183.png,train,n03394916_54183,n03394916
LSEJ_006348,images/n03394916_54636.png,train,n03394916_54636,n03394916
LSEJ_006351,images/n03394916_5575.png,train,n03394916_5575,n03394916
LSEJ_006353,images/n03394916_7000.png,train,n03394916_7000,n03394916
LSEJ_006355,images/n03394916_8602.png,train,n03394916_8602,n03394916
LSEJ_006356,images/n03400231_10805.png,train,n03400231_10805,n03400231
LSEJ_006357,images/n03404251_1129.png,train,n03404251_1129,n03404251
LSEJ_006359,images/n03404251_12103.png,train,n03404251_12103,n03404251
LSEJ_006360,images/n03404251_12326.png,train,n03404251_12326,n03404251
LSEJ_006361,images/n03404251_15607.png,train,n03404251_15607,n03404251
LSEJ_006362,images/n03404251_1975.png,train,n03404251_1975,n03404251
LSEJ_006363,images/n03404251_201.png,train,n03404251_201,n03404251
LSEJ_006365,images/n03404251_3061.png,train,n03404251_3061,n03404251
LSEJ_006366,images/n03404251_5011.png,train,n03404251_5011,n03404251
LSEJ_006367,images/n03404251_5351.png,train,n03404251_5351,n03404251
LSEJ_006368,images/n03404251_5489.png,train,n03404251_5489,n03404251
LSEJ_006369,images/n03404251_5647.png,train,n03404251_5647,n03404251
LSEJ_006372,images/n03417042_10126.png,train,n03417042_10126,n03417042
LSEJ_006373,images/n03417042_11534.png,train,n03417042_11534,n03417042
LSEJ_006374,images/n03417042_12291.png,train,n03417042_12291,n03417042
LSEJ_006375,images/n03417042_12308.png,train,n03417042_12308,n03417042
LSEJ_006377,images/n03417042_1279.png,train,n03417042_1279,n03417042
LSEJ_006379,images/n03417042_176.png,train,n03417042_176,n03417042
LSEJ_006380,images/n03417042_1790.png,train,n03417042_1790,n03417042
LSEJ_006381,images/n03417042_2038.png,train,n03417042_2038,n03417042
LSEJ_006382,images/n03417042_21946.png,train,n03417042_21946,n03417042
LSEJ_006383,images/n03417042_2253.png,train,n03417042_2253,n03417042
LSEJ_006387,images/n03417042_3792.png,train,n03417042_3792,n03417042
LSEJ_006388,images/n03417042_3821.png,train,n03417042_3821,n03417042
LSEJ_006389,images/n03417042_4114.png,train,n03417042_4114,n03417042
LSEJ_006390,images/n03417042_4462.png,train,n03417042_4462,n03417042
LSEJ_006392,images/n03417042_4613.png,train,n03417042_4613,n03417042
LSEJ_006393,images/n03417042_4761.png,train,n03417042_4761,n03417042
LSEJ_006394,images/n03417042_4900.png,train,n03417042_4900,n03417042
LSEJ_006395,images/n03417042_5004.png,train,n03417042_5004,n03417042
LSEJ_006397,images/n03417042_5228.png,train,n03417042_5228,n03417042
LSEJ_006398,images/n03417042_5396.png,train,n03417042_5396,n03417042
LSEJ_006399,images/n03417042_5604.png,train,n03417042_5604,n03417042
LSEJ_006400,images/n03417042_5685.png,train,n03417042_5685,n03417042
LSEJ_006401,images/n03417042_5807.png,train,n03417042_5807,n03417042
LSEJ_006402,images/n03417042_5809.png,train,n03417042_5809,n03417042
LSEJ_006403,images/n03417042_6623.png,train,n03417042_6623,n03417042
LSEJ_006404,images/n03417042_6646.png,train,n03417042_6646,n03417042
LSEJ_006407,images/n03417042_7568.png,train,n03417042_7568,n03417042
LSEJ_006408,images/n03417042_8145.png,train,n03417042_8145,n03417042
LSEJ_006409,images/n03417042_820.png,train,n03417042_820,n03417042
LSEJ_006410,images/n03417042_8241.png,train,n03417042_8241,n03417042
LSEJ_006411,images/n03417042_8478.png,train,n03417042_8478,n03417042
LSEJ_006413,images/n03417042_8694.png,train,n03417042_8694,n03417042
LSEJ_006414,images/n03417042_8807.png,train,n03417042_8807,n03417042
LSEJ_006415,images/n03417042_9132.png,train,n03417042_9132,n03417042
LSEJ_006416,images/n03417042_9170.png,train,n03417042_9170,n03417042
LSEJ_006419,images/n03424325_13403.png,train,n03424325_13403,n03424325
LSEJ_006420,images/n03424325_15781.png,train,n03424325_15781,n03424325
LSEJ_006421,images/n03424325_17913.png,train,n03424325_17913,n03424325
LSEJ_006422,images/n03424325_29036.png,train,n03424325_29036,n03424325
LSEJ_006425,images/n03424325_4253.png,train,n03424325_4253,n03424325
LSEJ_006426,images/n03424325_6082.png,train,n03424325_6082,n03424325
LSEJ_006429,images/n03425413_1659.png,train,n03425413_1659,n03425413
LSEJ_006430,images/n03425413_1792.png,train,n03425413_1792,n03425413
LSEJ_006431,images/n03425413_1911.png,train,n03425413_1911,n03425413
LSEJ_006432,images/n03425413_27010.png,train,n03425413_27010,n03425413
LSEJ_006433,images/n03425413_2717.png,train,n03425413_2717,n03425413
LSEJ_006434,images/n03425413_28685.png,train,n03425413_28685,n03425413
LSEJ_006435,images/n03425413_29148.png,train,n03425413_29148,n03425413
LSEJ_006436,images/n03425413_3618.png,train,n03425413_3618,n03425413
LSEJ_006437,images/n03425413_3823.png,train,n03425413_3823,n03425413
LSEJ_006440,images/n03425413_5301.png,train,n03425413_5301,n03425413
LSEJ_006442,images/n03425413_6949.png,train,n03425413_6949,n03425413
LSEJ_006443,images/n03425413_6994.png,train,n03425413_6994,n03425413
LSEJ_006444,images/n03425413_7292.png,train,n03425413_7292,n03425413
LSEJ_006445,images/n03425413_7367.png,train,n03425413_7367,n03425413
LSEJ_006446,images/n03425413_7515.png,train,n03425413_7515,n03425413
LSEJ_006447,images/n03425413_8004.png,train,n03425413_8004,n03425413
LSEJ_006448,images/n03425413_8412.png,train,n03425413_8412,n03425413
LSEJ_006449,images/n03425413_8428.png,train,n03425413_8428,n03425413
LSEJ_006451,images/n03425413_8596.png,train,n03425413_8596,n03425413
LSEJ_006452,images/n03425413_8761.png,train,n03425413_8761,n03425413
LSEJ_006453,images/n03425413_88.png,train,n03425413_88,n03425413
LSEJ_006455,images/n03425413_9723.png,train,n03425413_9723,n03425413
LSEJ_006456,images/n03443371_1696.png,train,n03443371_1696,n03443371
LSEJ_006457,images/n03443371_19087.png,train,n03443371_19087,n03443371
LSEJ_006458,images/n03443371_1940.png,train,n03443371_1940,n03443371
LSEJ_006459,images/n03443371_1970.png,train,n03443371_1970,n03443371
LSEJ_006462,images/n03443371_2905.png,train,n03443371_2905,n03443371
LSEJ_006463,images/n03443371_382.png,train,n03443371_382,n03443371
LSEJ_006464,images/n03443371_4208.png,train,n03443371_4208,n03443371
LSEJ_006466,images/n03443371_4981.png,train,n03443371_4981,n03443371
LSEJ_006467,images/n03443371_6251.png,train,n03443371_6251,n03443371
LSEJ_006468,images/n03443371_8479.png,train,n03443371_8479,n03443371
LSEJ_006469,images/n03443371_9447.png,train,n03443371_9447,n03443371
LSEJ_006470,images/n03444034_10898.png,train,n03444034_10898,n03444034
LSEJ_006471,images/n03444034_12436.png,train,n03444034_12436,n03444034
LSEJ_006472,images/n03444034_1928.png,train,n03444034_1928,n03444034
LSEJ_006473,images/n03444034_4223.png,train,n03444034_4223,n03444034
LSEJ_006474,images/n03444034_4692.png,train,n03444034_4692,n03444034
LSEJ_006476,images/n03444034_6285.png,train,n03444034_6285,n03444034
LSEJ_006478,images/n03444034_7840.png,train,n03444034_7840,n03444034
LSEJ_006479,images/n03444034_8267.png,train,n03444034_8267,n03444034
LSEJ_006480,images/n03444034_8484.png,train,n03444034_8484,n03444034
LSEJ_006483,images/n03444034_9925.png,train,n03444034_9925,n03444034
LSEJ_006484,images/n03444034_9999.png,train,n03444034_9999,n03444034
LSEJ_006485,images/n03445777_1698.png,train,n03445777_1698,n03445777
LSEJ_006486,images/n03445777_3549.png,train,n03445777_3549,n03445777
LSEJ_006488,images/n03445777_95.png,train,n03445777_95,n03445777
LSEJ_006490,images/n03445924_1141.png,train,n03445924_1141,n03445924
LSEJ_006491,images/n03445924_12495.png,train,n03445924_12495,n03445924
LSEJ_006493,images/n03445924_149.png,train,n03445924_149,n03445924
LSEJ_006494,images/n03445924_16160.png,train,n03445924_16160,n03445924
LSEJ_006495,images/n03445924_17767.png,train,n03445924_17767,n03445924
LSEJ_006497,images/n03445924_22524.png,train,n03445924_22524,n03445924
LSEJ_006498,images/n03445924_2756.png,train,n03445924_2756,n03445924
LSEJ_006499,images/n03445924_29274.png,train,n03445924_29274,n03445924
LSEJ_006500,images/n03445924_3105.png,train,n03445924_3105,n03445924
LSEJ_006503,images/n03445924_39.png,train,n03445924_39,n03445924
LSEJ_006504,images/n03445924_620.png,train,n03445924_620,n03445924
LSEJ_006505,images/n03445924_6393.png,train,n03445924_6393,n03445924
LSEJ_006506,images/n03445924_7595.png,train,n03445924_7595,n03445924
LSEJ_006507,images/n03445924_8163.png,train,n03445924_8163,n03445924
LSEJ_006508,images/n03445924_9353.png,train,n03445924_9353,n03445924
LSEJ_006509,images/n03445924_9966.png,train,n03445924_9966,n03445924
LSEJ_006510,images/n03447447_10842.png,train,n03447447_10842,n03447447
LSEJ_006511,images/n03447447_13001.png,train,n03447447_13001,n03447447
LSEJ_006513,images/n03447447_1980.png,train,n03447447_1980,n03447447
LSEJ_006514,images/n03447447_2019.png,train,n03447447_2019,n03447447
LSEJ_006515,images/n03447447_2331.png,train,n03447447_2331,n03447447
LSEJ_006516,images/n03447447_2668.png,train,n03447447_2668,n03447447
LSEJ_006518,images/n03447447_307.png,train,n03447447_307,n03447447
LSEJ_006519,images/n03447447_3660.png,train,n03447447_3660,n03447447
LSEJ_006520,images/n03447447_3895.png,train,n03447447_3895,n03447447
LSEJ_006521,images/n03447447_4627.png,train,n03447447_4627,n03447447
LSEJ_006522,images/n03447447_4821.png,train,n03447447_4821,n03447447
LSEJ_006523,images/n03447447_5144.png,train,n03447447_5144,n03447447
LSEJ_006525,images/n03447447_5685.png,train,n03447447_5685,n03447447
LSEJ_006527,images/n03447447_6749.png,train,n03447447_6749,n03447447
LSEJ_006530,images/n03447447_8105.png,train,n03447447_8105,n03447447
LSEJ_006531,images/n03447447_9102.png,train,n03447447_9102,n03447447
LSEJ_006532,images/n03447447_95.png,train,n03447447_95,n03447447
LSEJ_006533,images/n03447721_13444.png,train,n03447721_13444,n03447721
LSEJ_006534,images/n03447721_15516.png,train,n03447721_15516,n03447721
LSEJ_006536,images/n03447721_22180.png,train,n03447721_22180,n03447721
LSEJ_006537,images/n03447721_43129.png,train,n03447721_43129,n03447721
LSEJ_006538,images/n03447721_48114.png,train,n03447721_48114,n03447721
LSEJ_006539,images/n03447721_49297.png,train,n03447721_49297,n03447721
LSEJ_006540,images/n03447721_53382.png,train,n03447721_53382,n03447721
LSEJ_006541,images/n03447721_54227.png,train,n03447721_54227,n03447721
LSEJ_006542,images/n03447721_54485.png,train,n03447721_54485,n03447721
LSEJ_006545,images/n03452741_10602.png,train,n03452741_10602,n03452741
LSEJ_006547,images/n03452741_12432.png,train,n03452741_12432,n03452741
LSEJ_006549,images/n03452741_20181.png,train,n03452741_20181,n03452741
LSEJ_006550,images/n03452741_2744.png,train,n03452741_2744,n03452741
LSEJ_006551,images/n03452741_4715.png,train,n03452741_4715,n03452741
LSEJ_006552,images/n03452741_7033.png,train,n03452741_7033,n03452741
LSEJ_006553,images/n03452741_8311.png,train,n03452741_8311,n03452741
LSEJ_006554,images/n03457902_21290.png,train,n03457902_21290,n03457902
LSEJ_006555,images/n03457902_34222.png,train,n03457902_34222,n03457902
LSEJ_006556,images/n03457902_38578.png,train,n03457902_38578,n03457902
LSEJ_006558,images/n03457902_40223.png,train,n03457902_40223,n03457902
LSEJ_006559,images/n03459775_15458.png,train,n03459775_15458,n03459775
LSEJ_006560,images/n03459775_15564.png,train,n03459775_15564,n03459775
LSEJ_006561,images/n03459775_15954.png,train,n03459775_15954,n03459775
LSEJ_006562,images/n03459775_17149.png,train,n03459775_17149,n03459775
LSEJ_006563,images/n03459775_17246.png,train,n03459775_17246,n03459775
LSEJ_006565,images/n03459775_17689.png,train,n03459775_17689,n03459775
LSEJ_006566,images/n03459775_17811.png,train,n03459775_17811,n03459775
LSEJ_006567,images/n03459775_18706.png,train,n03459775_18706,n03459775
LSEJ_006569,images/n03459775_19765.png,train,n03459775_19765,n03459775
LSEJ_006570,images/n03459775_9146.png,train,n03459775_9146,n03459775
LSEJ_006571,images/n03459775_9227.png,train,n03459775_9227,n03459775
LSEJ_006573,images/n03461385_16099.png,train,n03461385_16099,n03461385
LSEJ_006575,images/n03461385_25039.png,train,n03461385_25039,n03461385
LSEJ_006576,images/n03461385_34715.png,train,n03461385_34715,n03461385
LSEJ_006577,images/n03461385_39684.png,train,n03461385_39684,n03461385
LSEJ_006578,images/n03461385_77002.png,train,n03461385_77002,n03461385
LSEJ_006582,images/n03467068_13975.png,train,n03467068_13975,n03467068
LSEJ_006585,images/n03467068_1496.png,train,n03467068_1496,n03467068
LSEJ_006586,images/n03467068_1590.png,train,n03467068_1590,n03467068
LSEJ_006588,images/n03467068_2291.png,train,n03467068_2291,n03467068
LSEJ_006590,images/n03467068_23387.png,train,n03467068_23387,n03467068
LSEJ_006591,images/n03467068_24944.png,train,n03467068_24944,n03467068
LSEJ_006592,images/n03467068_26017.png,train,n03467068_26017,n03467068
LSEJ_006593,images/n03467068_26775.png,train,n03467068_26775,n03467068
LSEJ_006594,images/n03467068_26930.png,train,n03467068_26930,n03467068
LSEJ_006595,images/n03467068_27029.png,train,n03467068_27029,n03467068
LSEJ_006596,images/n03467068_27556.png,train,n03467068_27556,n03467068
LSEJ_006597,images/n03467068_27592.png,train,n03467068_27592,n03467068
LSEJ_006598,images/n03467068_27747.png,train,n03467068_27747,n03467068
LSEJ_006600,images/n03467068_29250.png,train,n03467068_29250,n03467068
LSEJ_006601,images/n03467068_29580.png,train,n03467068_29580,n03467068
LSEJ_006602,images/n03467068_29596.png,train,n03467068_29596,n03467068
LSEJ_006604,images/n03467068_3982.png,train,n03467068_3982,n03467068
LSEJ_006605,images/n03467068_424.png,train,n03467068_424,n03467068
LSEJ_006606,images/n03467068_4693.png,train,n03467068_4693,n03467068
LSEJ_006607,images/n03467068_5388.png,train,n03467068_5388,n03467068
LSEJ_006608,images/n03467068_6511.png,train,n03467068_6511,n03467068
LSEJ_006609,images/n03467068_6803.png,train,n03467068_6803,n03467068
LSEJ_006610,images/n03467068_7913.png,train,n03467068_7913,n03467068
LSEJ_006612,images/n03476684_10660.png,train,n03476684_10660,n03476684
LSEJ_006614,images/n03476684_16084.png,train,n03476684_16084,n03476684
LSEJ_006616,images/n03476684_18751.png,train,n03476684_18751,n03476684
LSEJ_006617,images/n03476684_21492.png,train,n03476684_21492,n03476684
LSEJ_006618,images/n03476684_23785.png,train,n03476684_23785,n03476684
LSEJ_006619,images/n03476684_3093.png,train,n03476684_3093,n03476684
LSEJ_006620,images/n03476684_3708.png,train,n03476684_3708,n03476684
LSEJ_006621,images/n03476684_4602.png,train,n03476684_4602,n03476684
LSEJ_006622,images/n03476684_6170.png,train,n03476684_6170,n03476684
LSEJ_006623,images/n03476684_6782.png,train,n03476684_6782,n03476684
LSEJ_006625,images/n03478589_13639.png,train,n03478589_13639,n03478589
LSEJ_006626,images/n03478589_13878.png,train,n03478589_13878,n03478589
LSEJ_006628,images/n03478589_14709.png,train,n03478589_14709,n03478589
LSEJ_006629,images/n03478589_14763.png,train,n03478589_14763,n03478589
LSEJ_006630,images/n03478589_16545.png,train,n03478589_16545,n03478589
LSEJ_006632,images/n03478589_17179.png,train,n03478589_17179,n03478589
LSEJ_006634,images/n03478589_1850.png,train,n03478589_1850,n03478589
LSEJ_006635,images/n03478589_1949.png,train,n03478589_1949,n03478589
LSEJ_006637,images/n03478589_2220.png,train,n03478589_2220,n03478589
LSEJ_006638,images/n03478589_2244.png,train,n03478589_2244,n03478589
LSEJ_006639,images/n03478589_28.png,train,n03478589_28,n03478589
LSEJ_006640,images/n03478589_3.png,train,n03478589_3,n03478589
LSEJ_006641,images/n03478589_3552.png,train,n03478589_3552,n03478589
LSEJ_006642,images/n03478589_3628.png,train,n03478589_3628,n03478589
LSEJ_006643,images/n03478589_4372.png,train,n03478589_4372,n03478589
LSEJ_006645,images/n03478589_5749.png,train,n03478589_5749,n03478589
LSEJ_006646,images/n03478589_6171.png,train,n03478589_6171,n03478589
LSEJ_006648,images/n03478589_6554.png,train,n03478589_6554,n03478589
LSEJ_006649,images/n03478589_7462.png,train,n03478589_7462,n03478589
LSEJ_006650,images/n03478589_7499.png,train,n03478589_7499,n03478589
LSEJ_006652,images/n03478589_8130.png,train,n03478589_8130,n03478589
LSEJ_006653,images/n03478589_8396.png,train,n03478589_8396,n03478589
LSEJ_006654,images/n03478589_8711.png,train,n03478589_8711,n03478589
LSEJ_006655,images/n03478589_8712.png,train,n03478589_8712,n03478589
LSEJ_006656,images/n03481172_12264.png,train,n03481172_12264,n03481172
LSEJ_006657,images/n03481172_12383.png,train,n03481172_12383,n03481172
LSEJ_006658,images/n03481172_1457.png,train,n03481172_1457,n03481172
LSEJ_006659,images/n03481172_21793.png,train,n03481172_21793,n03481172
LSEJ_006660,images/n03481172_3926.png,train,n03481172_3926,n03481172
LSEJ_006662,images/n03481172_7091.png,train,n03481172_7091,n03481172
LSEJ_006663,images/n03481172_7876.png,train,n03481172_7876,n03481172
LSEJ_006666,images/n03482405_11899.png,train,n03482405_11899,n03482405
LSEJ_006667,images/n03482405_23074.png,train,n03482405_23074,n03482405
LSEJ_006668,images/n03482405_28064.png,train,n03482405_28064,n03482405
LSEJ_006669,images/n03482405_28436.png,train,n03482405_28436,n03482405
LSEJ_006670,images/n03482405_29686.png,train,n03482405_29686,n03482405
LSEJ_006672,images/n03482405_3583.png,train,n03482405_3583,n03482405
LSEJ_006674,images/n03482405_703.png,train,n03482405_703,n03482405
LSEJ_006675,images/n03482405_9979.png,train,n03482405_9979,n03482405
LSEJ_006676,images/n03482405_9994.png,train,n03482405_9994,n03482405
LSEJ_006677,images/n03483316_1429.png,train,n03483316_1429,n03483316
LSEJ_006678,images/n03483316_14395.png,train,n03483316_14395,n03483316
LSEJ_006679,images/n03483316_16313.png,train,n03483316_16313,n03483316
LSEJ_006681,images/n03483316_1829.png,train,n03483316_1829,n03483316
LSEJ_006682,images/n03483316_3694.png,train,n03483316_3694,n03483316
LSEJ_006684,images/n03483316_44298.png,train,n03483316_44298,n03483316
LSEJ_006686,images/n03483316_5812.png,train,n03483316_5812,n03483316
LSEJ_006687,images/n03485407_11302.png,train,n03485407_11302,n03485407
LSEJ_006688,images/n03485407_1212.png,train,n03485407_1212,n03485407
LSEJ_006690,images/n03485407_16761.png,train,n03485407_16761,n03485407
LSEJ_006691,images/n03485407_169.png,train,n03485407_169,n03485407
LSEJ_006692,images/n03485407_1978.png,train,n03485407_1978,n03485407
LSEJ_006693,images/n03485407_2203.png,train,n03485407_2203,n03485407
LSEJ_006696,images/n03485407_7658.png,train,n03485407_7658,n03485407
LSEJ_006697,images/n03485407_7711.png,train,n03485407_7711,n03485407
LSEJ_006698,images/n03485794_12570.png,train,n03485794_12570,n03485794
LSEJ_006699,images/n03485794_27085.png,train,n03485794_27085,n03485794
LSEJ_006700,images/n03485794_3837.png,train,n03485794_3837,n03485794
LSEJ_006701,images/n03485794_3929.png,train,n03485794_3929,n03485794
LSEJ_006703,images/n03492542_11868.png,train,n03492542_11868,n03492542
LSEJ_006704,images/n03492542_16144.png,train,n03492542_16144,n03492542
LSEJ_006706,images/n03492542_26154.png,train,n03492542_26154,n03492542
LSEJ_006707,images/n03492542_28126.png,train,n03492542_28126,n03492542
LSEJ_006709,images/n03492542_36157.png,train,n03492542_36157,n03492542
LSEJ_006710,images/n03492542_40682.png,train,n03492542_40682,n03492542
LSEJ_006711,images/n03492542_5141.png,train,n03492542_5141,n03492542
LSEJ_006715,images/n03494278_26149.png,train,n03494278_26149,n03494278
LSEJ_006716,images/n03494278_26163.png,train,n03494278_26163,n03494278
LSEJ_006717,images/n03494278_27344.png,train,n03494278_27344,n03494278
LSEJ_006718,images/n03494278_4832.png,train,n03494278_4832,n03494278
LSEJ_006719,images/n03495258_1003.png,train,n03495258_1003,n03495258
LSEJ_006720,images/n03495258_1455.png,train,n03495258_1455,n03495258
LSEJ_006721,images/n03495258_1636.png,train,n03495258_1636,n03495258
LSEJ_006722,images/n03495258_20762.png,train,n03495258_20762,n03495258
LSEJ_006724,images/n03495258_2121.png,train,n03495258_2121,n03495258
LSEJ_006725,images/n03495258_21398.png,train,n03495258_21398,n03495258
LSEJ_006726,images/n03495258_2204.png,train,n03495258_2204,n03495258
LSEJ_006729,images/n03495258_2703.png,train,n03495258_2703,n03495258
LSEJ_006730,images/n03495258_2774.png,train,n03495258_2774,n03495258
LSEJ_006731,images/n03495258_2809.png,train,n03495258_2809,n03495258
LSEJ_006732,images/n03495258_2810.png,train,n03495258_2810,n03495258
LSEJ_006734,images/n03495258_3550.png,train,n03495258_3550,n03495258
LSEJ_006735,images/n03495258_3663.png,train,n03495258_3663,n03495258
LSEJ_006736,images/n03495258_4437.png,train,n03495258_4437,n03495258
LSEJ_006737,images/n03495258_4478.png,train,n03495258_4478,n03495258
LSEJ_006738,images/n03495258_4759.png,train,n03495258_4759,n03495258
LSEJ_006740,images/n03495258_4979.png,train,n03495258_4979,n03495258
LSEJ_006741,images/n03495258_5660.png,train,n03495258_5660,n03495258
LSEJ_006743,images/n03495258_5696.png,train,n03495258_5696,n03495258
LSEJ_006745,images/n03495258_6579.png,train,n03495258_6579,n03495258
LSEJ_006746,images/n03495258_991.png,train,n03495258_991,n03495258
LSEJ_006747,images/n03496892_10047.png,train,n03496892_10047,n03496892
LSEJ_006748,images/n03496892_10159.png,train,n03496892_10159,n03496892
LSEJ_006750,images/n03496892_10563.png,train,n03496892_10563,n03496892
LSEJ_006751,images/n03496892_10792.png,train,n03496892_10792,n03496892
LSEJ_006752,images/n03496892_10934.png,train,n03496892_10934,n03496892
LSEJ_006753,images/n03496892_10953.png,train,n03496892_10953,n03496892
LSEJ_006754,images/n03496892_11582.png,train,n03496892_11582,n03496892
LSEJ_006756,images/n03496892_11891.png,train,n03496892_11891,n03496892
LSEJ_006760,images/n03496892_14254.png,train,n03496892_14254,n03496892
LSEJ_006762,images/n03496892_1442.png,train,n03496892_1442,n03496892
LSEJ_006763,images/n03496892_1948.png,train,n03496892_1948,n03496892
LSEJ_006764,images/n03496892_2137.png,train,n03496892_2137,n03496892
LSEJ_006765,images/n03496892_2182.png,train,n03496892_2182,n03496892
LSEJ_006766,images/n03496892_244.png,train,n03496892_244,n03496892
LSEJ_006767,images/n03496892_255.png,train,n03496892_255,n03496892
LSEJ_006768,images/n03496892_27216.png,train,n03496892_27216,n03496892
LSEJ_006769,images/n03496892_27701.png,train,n03496892_27701,n03496892
LSEJ_006772,images/n03496892_32973.png,train,n03496892_32973,n03496892
LSEJ_006773,images/n03496892_37981.png,train,n03496892_37981,n03496892
LSEJ_006774,images/n03496892_4052.png,train,n03496892_4052,n03496892
LSEJ_006775,images/n03496892_4530.png,train,n03496892_4530,n03496892
LSEJ_006776,images/n03496892_4638.png,train,n03496892_4638,n03496892
LSEJ_006779,images/n03496892_564.png,train,n03496892_564,n03496892
LSEJ_006780,images/n03496892_6152.png,train,n03496892_6152,n03496892
LSEJ_006781,images/n03496892_6169.png,train,n03496892_6169,n03496892
LSEJ_006782,images/n03496892_7037.png,train,n03496892_7037,n03496892
LSEJ_006783,images/n03496892_8074.png,train,n03496892_8074,n03496892
LSEJ_006784,images/n03496892_8300.png,train,n03496892_8300,n03496892
LSEJ_006785,images/n03496892_8399.png,train,n03496892_8399,n03496892
LSEJ_006786,images/n03496892_8424.png,train,n03496892_8424,n03496892
LSEJ_006787,images/n03496892_8605.png,train,n03496892_8605,n03496892
LSEJ_006789,images/n03496892_8996.png,train,n03496892_8996,n03496892
LSEJ_006790,images/n03496892_9812.png,train,n03496892_9812,n03496892
LSEJ_006791,images/n03498962_11632.png,train,n03498962_11632,n03498962
LSEJ_006793,images/n03498962_5782.png,train,n03498962_5782,n03498962
LSEJ_006795,images/n03527444_12062.png,train,n03527444_12062,n03527444
LSEJ_006796,images/n03527444_12589.png,train,n03527444_12589,n03527444
LSEJ_006798,images/n03527444_15981.png,train,n03527444_15981,n03527444
LSEJ_006799,images/n03527444_16614.png,train,n03527444_16614,n03527444
LSEJ_006800,images/n03527444_21606.png,train,n03527444_21606,n03527444
LSEJ_006801,images/n03527444_3022.png,train,n03527444_3022,n03527444
LSEJ_006803,images/n03527444_4818.png,train,n03527444_4818,n03527444
LSEJ_006804,images/n03527444_4963.png,train,n03527444_4963,n03527444
LSEJ_006805,images/n03527444_7085.png,train,n03527444_7085,n03527444
LSEJ_006806,images/n03527444_7995.png,train,n03527444_7995,n03527444
LSEJ_006807,images/n03529860_11719.png,train,n03529860_11719,n03529860
LSEJ_006809,images/n03529860_9541.png,train,n03529860_9541,n03529860
LSEJ_006810,images/n03530642_10068.png,train,n03530642_10068,n03530642
LSEJ_006811,images/n03530642_10491.png,train,n03530642_10491,n03530642
LSEJ_006812,images/n03530642_1527.png,train,n03530642_1527,n03530642
LSEJ_006813,images/n03530642_1552.png,train,n03530642_1552,n03530642
LSEJ_006814,images/n03530642_2215.png,train,n03530642_2215,n03530642
LSEJ_006816,images/n03530642_25577.png,train,n03530642_25577,n03530642
LSEJ_006817,images/n03530642_26241.png,train,n03530642_26241,n03530642
LSEJ_006818,images/n03530642_27868.png,train,n03530642_27868,n03530642
LSEJ_006820,images/n03530642_3595.png,train,n03530642_3595,n03530642
LSEJ_006821,images/n03530642_3753.png,train,n03530642_3753,n03530642
LSEJ_006822,images/n03530642_37781.png,train,n03530642_37781,n03530642
LSEJ_006825,images/n03530642_5243.png,train,n03530642_5243,n03530642
LSEJ_006826,images/n03530642_6490.png,train,n03530642_6490,n03530642
LSEJ_006827,images/n03530642_6847.png,train,n03530642_6847,n03530642
LSEJ_006828,images/n03530642_7219.png,train,n03530642_7219,n03530642
LSEJ_006829,images/n03530642_8355.png,train,n03530642_8355,n03530642
LSEJ_006831,images/n03532672_11140.png,train,n03532672_11140,n03532672
LSEJ_006832,images/n03532672_11470.png,train,n03532672_11470,n03532672
LSEJ_006833,images/n03532672_18355.png,train,n03532672_18355,n03532672
LSEJ_006835,images/n03532672_23127.png,train,n03532672_23127,n03532672
LSEJ_006837,images/n03534580_10524.png,train,n03534580_10524,n03534580
LSEJ_006838,images/n03534580_10612.png,train,n03534580_10612,n03534580
LSEJ_006839,images/n03534580_12344.png,train,n03534580_12344,n03534580
LSEJ_006840,images/n03534580_12629.png,train,n03534580_12629,n03534580
LSEJ_006843,images/n03534580_17764.png,train,n03534580_17764,n03534580
LSEJ_006844,images/n03534580_18341.png,train,n03534580_18341,n03534580
LSEJ_006845,images/n03534580_20119.png,train,n03534580_20119,n03534580
LSEJ_006846,images/n03534580_20242.png,train,n03534580_20242,n03534580
LSEJ_006847,images/n03534580_2057.png,train,n03534580_2057,n03534580
LSEJ_006848,images/n03534580_22213.png,train,n03534580_22213,n03534580
LSEJ_006849,images/n03534580_6952.png,train,n03534580_6952,n03534580
LSEJ_006851,images/n03534580_7562.png,train,n03534580_7562,n03534580
LSEJ_006853,images/n03534580_9153.png,train,n03534580_9153,n03534580
LSEJ_006854,images/n03534580_9316.png,train,n03534580_9316,n03534580
LSEJ_006855,images/n03535780_1461.png,train,n03535780_1461,n03535780
LSEJ_006856,images/n03535780_3049.png,train,n03535780_3049,n03535780
LSEJ_006857,images/n03535780_40344.png,train,n03535780_40344,n03535780
LSEJ_006858,images/n03535780_40571.png,train,n03535780_40571,n03535780
LSEJ_006861,images/n03535780_6448.png,train,n03535780_6448,n03535780
LSEJ_006862,images/n03538406_10034.png,train,n03538406_10034,n03538406
LSEJ_006864,images/n03538406_10489.png,train,n03538406_10489,n03538406
LSEJ_006865,images/n03538406_10971.png,train,n03538406_10971,n03538406
LSEJ_006868,images/n03538406_15318.png,train,n03538406_15318,n03538406
LSEJ_006869,images/n03538406_2376.png,train,n03538406_2376,n03538406
LSEJ_006870,images/n03538406_315.png,train,n03538406_315,n03538406
LSEJ_006871,images/n03538406_3363.png,train,n03538406_3363,n03538406
LSEJ_006873,images/n03538406_3449.png,train,n03538406_3449,n03538406
LSEJ_006874,images/n03538406_3752.png,train,n03538406_3752,n03538406
LSEJ_006875,images/n03538406_4558.png,train,n03538406_4558,n03538406
LSEJ_006876,images/n03538406_7201.png,train,n03538406_7201,n03538406
LSEJ_006877,images/n03538406_7338.png,train,n03538406_7338,n03538406
LSEJ_006878,images/n03538406_7598.png,train,n03538406_7598,n03538406
LSEJ_006879,images/n03538406_7664.png,train,n03538406_7664,n03538406
LSEJ_006881,images/n03538406_8189.png,train,n03538406_8189,n03538406
LSEJ_006882,images/n03538406_8350.png,train,n03538406_8350,n03538406
LSEJ_006883,images/n03538406_850.png,train,n03538406_850,n03538406
LSEJ_006884,images/n03538406_8526.png,train,n03538406_8526,n03538406
LSEJ_006885,images/n03538406_892.png,train,n03538406_892,n03538406
LSEJ_006887,images/n03538406_969.png,train,n03538406_969,n03538406
LSEJ_006889,images/n03544143_16915.png,train,n03544143_16915,n03544143
LSEJ_006890,images/n03544143_17280.png,train,n03544143_17280,n03544143
LSEJ_006891,images/n03544143_17299.png,train,n03544143_17299,n03544143
LSEJ_006892,images/n03544143_17814.png,train,n03544143_17814,n03544143
LSEJ_006893,images/n03544143_2027.png,train,n03544143_2027,n03544143
LSEJ_006894,images/n03544143_396.png,train,n03544143_396,n03544143
LSEJ_006896,images/n03544143_6071.png,train,n03544143_6071,n03544143
LSEJ_006898,images/n03584254_1001.png,train,n03584254_1001,n03584254
LSEJ_006899,images/n03584829_14671.png,train,n03584829_14671,n03584829
LSEJ_006900,images/n03584829_21128.png,train,n03584829_21128,n03584829
LSEJ_006901,images/n03584829_3577.png,train,n03584829_3577,n03584829
LSEJ_006904,images/n03590841_10648.png,train,n03590841_10648,n03590841
LSEJ_006905,images/n03590841_11085.png,train,n03590841_11085,n03590841
LSEJ_006906,images/n03590841_2053.png,train,n03590841_2053,n03590841
LSEJ_006908,images/n03590841_5123.png,train,n03590841_5123,n03590841
LSEJ_006909,images/n03590841_5202.png,train,n03590841_5202,n03590841
LSEJ_006910,images/n03594734_1012.png,train,n03594734_1012,n03594734
LSEJ_006911,images/n03594734_7742.png,train,n03594734_7742,n03594734
LSEJ_006912,images/n03594945_11846.png,train,n03594945_11846,n03594945
LSEJ_006914,images/n03594945_13356.png,train,n03594945_13356,n03594945
LSEJ_006915,images/n03594945_13386.png,train,n03594945_13386,n03594945
LSEJ_006918,images/n03594945_15773.png,train,n03594945_15773,n03594945
LSEJ_006919,images/n03594945_15794.png,train,n03594945_15794,n03594945
LSEJ_006920,images/n03594945_27998.png,train,n03594945_27998,n03594945
LSEJ_006921,images/n03594945_3037.png,train,n03594945_3037,n03594945
LSEJ_006922,images/n03594945_31880.png,train,n03594945_31880,n03594945
LSEJ_006924,images/n03594945_34303.png,train,n03594945_34303,n03594945
LSEJ_006925,images/n03594945_35325.png,train,n03594945_35325,n03594945
LSEJ_006926,images/n03594945_35828.png,train,n03594945_35828,n03594945
LSEJ_006927,images/n03594945_37329.png,train,n03594945_37329,n03594945
LSEJ_006928,images/n03594945_39544.png,train,n03594945_39544,n03594945
LSEJ_006929,images/n03594945_3969.png,train,n03594945_3969,n03594945
LSEJ_006930,images/n03594945_42008.png,train,n03594945_42008,n03594945
LSEJ_006931,images/n03594945_4944.png,train,n03594945_4944,n03594945
LSEJ_006933,images/n03594945_7735.png,train,n03594945_7735,n03594945
LSEJ_006934,images/n03594945_8668.png,train,n03594945_8668,n03594945
LSEJ_006938,images/n03595614_23405.png,train,n03595614_23405,n03595614
LSEJ_006939,images/n03595614_23432.png,train,n03595614_23432,n03595614
LSEJ_006940,images/n03595614_27722.png,train,n03595614_27722,n03595614
LSEJ_006941,images/n03595614_3420.png,train,n03595614_3420,n03595614
LSEJ_006942,images/n03595614_5370.png,train,n03595614_5370,n03595614
LSEJ_006943,images/n03595614_7452.png,train,n03595614_7452,n03595614
LSEJ_006944,images/n03595614_9490.png,train,n03595614_9490,n03595614
LSEJ_006945,images/n03599486_10386.png,train,n03599486_10386,n03599486
LSEJ_006946,images/n03599486_10413.png,train,n03599486_10413,n03599486
LSEJ_006947,images/n03599486_11494.png,train,n03599486_11494,n03599486
LSEJ_006948,images/n03599486_11708.png,train,n03599486_11708,n03599486
LSEJ_006950,images/n03599486_1228.png,train,n03599486_1228,n03599486
LSEJ_006951,images/n03599486_12477.png,train,n03599486_12477,n03599486
LSEJ_006954,images/n03599486_13453.png,train,n03599486_13453,n03599486
LSEJ_006955,images/n03599486_13547.png,train,n03599486_13547,n03599486
LSEJ_006956,images/n03599486_13596.png,train,n03599486_13596,n03599486
LSEJ_006957,images/n03599486_14350.png,train,n03599486_14350,n03599486
LSEJ_006958,images/n03599486_1839.png,train,n03599486_1839,n03599486
LSEJ_006959,images/n03599486_22501.png,train,n03599486_22501,n03599486
LSEJ_006960,images/n03599486_22514.png,train,n03599486_22514,n03599486
LSEJ_006961,images/n03599486_2576.png,train,n03599486_2576,n03599486
LSEJ_006964,images/n03599486_3265.png,train,n03599486_3265,n03599486
LSEJ_006965,images/n03599486_3367.png,train,n03599486_3367,n03599486
LSEJ_006967,images/n03599486_4252.png,train,n03599486_4252,n03599486
LSEJ_006968,images/n03599486_5623.png,train,n03599486_5623,n03599486
LSEJ_006969,images/n03599486_5945.png,train,n03599486_5945,n03599486
LSEJ_006970,images/n03599486_6438.png,train,n03599486_6438,n03599486
LSEJ_006973,images/n03599486_6636.png,train,n03599486_6636,n03599486
LSEJ_006974,images/n03599486_7096.png,train,n03599486_7096,n03599486
LSEJ_006976,images/n03599486_7278.png,train,n03599486_7278,n03599486
LSEJ_006977,images/n03599486_7766.png,train,n03599486_7766,n03599486
LSEJ_006979,images/n03599486_8456.png,train,n03599486_8456,n03599486
LSEJ_006981,images/n03599486_8999.png,train,n03599486_8999,n03599486
LSEJ_006982,images/n03599486_9117.png,train,n03599486_9117,n03599486
LSEJ_006983,images/n03599486_9216.png,train,n03599486_9216,n03599486
LSEJ_006984,images/n03599486_9226.png,train,n03599486_9226,n03599486
LSEJ_006985,images/n03599486_9572.png,train,n03599486_9572,n03599486
LSEJ_006986,images/n03599486_9612.png,train,n03599486_9612,n03599486
LSEJ_006987,images/n03599486_9657.png,train,n03599486_9657,n03599486
LSEJ_006988,images/n03599486_9843.png,train,n03599486_9843,n03599486
LSEJ_006989,images/n03599486_9926.png,train,n03599486_9926,n03599486
LSEJ_006992,images/n03602883_2936.png,train,n03602883_2936,n03602883
LSEJ_006993,images/n03602883_4068.png,train,n03602883_4068,n03602883
LSEJ_006994,images/n03602883_576.png,train,n03602883_576,n03602883
LSEJ_006995,images/n03602883_7083.png,train,n03602883_7083,n03602883
LSEJ_006996,images/n03602883_7963.png,train,n03602883_7963,n03602883
LSEJ_006998,images/n03617480_1218.png,train,n03617480_1218,n03617480
LSEJ_006999,images/n03617480_12672.png,train,n03617480_12672,n03617480
LSEJ_007000,images/n03617480_12991.png,train,n03617480_12991,n03617480
LSEJ_007001,images/n03617480_13094.png,train,n03617480_13094,n03617480
LSEJ_007002,images/n03617480_15775.png,train,n03617480_15775,n03617480
LSEJ_007004,images/n03617480_2329.png,train,n03617480_2329,n03617480
LSEJ_007005,images/n03617480_2749.png,train,n03617480_2749,n03617480
LSEJ_007006,images/n03617480_3627.png,train,n03617480_3627,n03617480
LSEJ_007007,images/n03617480_4808.png,train,n03617480_4808,n03617480
LSEJ_007008,images/n03617480_4825.png,train,n03617480_4825,n03617480
LSEJ_007009,images/n03617480_5941.png,train,n03617480_5941,n03617480
LSEJ_007011,images/n03617480_7527.png,train,n03617480_7527,n03617480
LSEJ_007012,images/n03617480_885.png,train,n03617480_885,n03617480
LSEJ_007014,images/n03623198_2018.png,train,n03623198_2018,n03623198
LSEJ_007015,images/n03623198_3825.png,train,n03623198_3825,n03623198
LSEJ_007016,images/n03623198_6240.png,train,n03623198_6240,n03623198
LSEJ_007017,images/n03623198_9250.png,train,n03623198_9250,n03623198
LSEJ_007019,images/n03627232_11208.png,train,n03627232_11208,n03627232
LSEJ_007020,images/n03627232_17008.png,train,n03627232_17008,n03627232
LSEJ_007021,images/n03627232_38659.png,train,n03627232_38659,n03627232
LSEJ_007022,images/n03627232_4013.png,train,n03627232_4013,n03627232
LSEJ_007023,images/n03627232_40966.png,train,n03627232_40966,n03627232
LSEJ_007025,images/n03627232_43477.png,train,n03627232_43477,n03627232
LSEJ_007026,images/n03627232_47100.png,train,n03627232_47100,n03627232
LSEJ_007028,images/n03630383_124.png,train,n03630383_124,n03630383
LSEJ_007029,images/n03630383_4066.png,train,n03630383_4066,n03630383
LSEJ_007031,images/n03630383_5620.png,train,n03630383_5620,n03630383
LSEJ_007032,images/n03630383_6536.png,train,n03630383_6536,n03630383
LSEJ_007034,images/n03633091_2009.png,train,n03633091_2009,n03633091
LSEJ_007036,images/n03633091_3713.png,train,n03633091_3713,n03633091
LSEJ_007037,images/n03633091_5205.png,train,n03633091_5205,n03633091
LSEJ_007038,images/n03633091_5214.png,train,n03633091_5214,n03633091
LSEJ_007039,images/n03633091_54.png,train,n03633091_54,n03633091
LSEJ_007041,images/n03633091_7041.png,train,n03633091_7041,n03633091
LSEJ_007042,images/n03633091_7739.png,train,n03633091_7739,n03633091
LSEJ_007043,images/n03633091_8588.png,train,n03633091_8588,n03633091
LSEJ_007044,images/n03633091_9251.png,train,n03633091_9251,n03633091
LSEJ_007046,images/n03637318_16357.png,train,n03637318_16357,n03637318
LSEJ_007047,images/n03637318_19938.png,train,n03637318_19938,n03637318
LSEJ_007048,images/n03637318_26921.png,train,n03637318_26921,n03637318
LSEJ_007050,images/n03637318_3134.png,train,n03637318_3134,n03637318
LSEJ_007051,images/n03637318_430.png,train,n03637318_430,n03637318
LSEJ_007052,images/n03637318_73.png,train,n03637318_73,n03637318
LSEJ_007054,images/n03637318_7957.png,train,n03637318_7957,n03637318
LSEJ_007055,images/n03649909_11445.png,train,n03649909_11445,n03649909
LSEJ_007057,images/n03649909_15902.png,train,n03649909_15902,n03649909
LSEJ_007058,images/n03649909_16198.png,train,n03649909_16198,n03649909
LSEJ_007059,images/n03649909_18787.png,train,n03649909_18787,n03649909
LSEJ_007061,images/n03649909_4120.png,train,n03649909_4120,n03649909
LSEJ_007062,images/n03649909_6968.png,train,n03649909_6968,n03649909
LSEJ_007063,images/n03649909_7473.png,train,n03649909_7473,n03649909
LSEJ_007064,images/n03658185_12052.png,train,n03658185_12052,n03658185
LSEJ_007065,images/n03658185_17281.png,train,n03658185_17281,n03658185
LSEJ_007066,images/n03658185_2788.png,train,n03658185_2788,n03658185
LSEJ_007067,images/n03658185_5848.png,train,n03658185_5848,n03658185
LSEJ_007069,images/n03661043_10100.png,train,n03661043_10100,n03661043
LSEJ_007070,images/n03661043_10220.png,train,n03661043_10220,n03661043
LSEJ_007072,images/n03661043_10518.png,train,n03661043_10518,n03661043
LSEJ_007073,images/n03661043_10979.png,train,n03661043_10979,n03661043
LSEJ_007075,images/n03661043_12069.png,train,n03661043_12069,n03661043
LSEJ_007076,images/n03661043_13049.png,train,n03661043_13049,n03661043
LSEJ_007077,images/n03661043_13158.png,train,n03661043_13158,n03661043
LSEJ_007078,images/n03661043_13654.png,train,n03661043_13654,n03661043
LSEJ_007079,images/n03661043_14577.png,train,n03661043_14577,n03661043
LSEJ_007080,images/n03661043_14794.png,train,n03661043_14794,n03661043
LSEJ_007081,images/n03661043_15789.png,train,n03661043_15789,n03661043
LSEJ_007082,images/n03661043_16069.png,train,n03661043_16069,n03661043
LSEJ_007083,images/n03661043_16185.png,train,n03661043_16185,n03661043
LSEJ_007085,images/n03661043_2329.png,train,n03661043_2329,n03661043
LSEJ_007087,images/n03661043_271.png,train,n03661043_271,n03661043
LSEJ_007090,images/n03661043_3058.png,train,n03661043_3058,n03661043
LSEJ_007091,images/n03661043_3115.png,train,n03661043_3115,n03661043
LSEJ_007093,images/n03661043_3562.png,train,n03661043_3562,n03661043
LSEJ_007094,images/n03661043_4004.png,train,n03661043_4004,n03661043
LSEJ_007096,images/n03661043_40578.png,train,n03661043_40578,n03661043
LSEJ_007097,images/n03661043_42388.png,train,n03661043_42388,n03661043
LSEJ_007098,images/n03661043_43863.png,train,n03661043_43863,n03661043
LSEJ_007099,images/n03661043_44114.png,train,n03661043_44114,n03661043
LSEJ_007101,images/n03661043_44990.png,train,n03661043_44990,n03661043
LSEJ_007102,images/n03661043_45333.png,train,n03661043_45333,n03661043
LSEJ_007103,images/n03661043_45704.png,train,n03661043_45704,n03661043
LSEJ_007104,images/n03661043_45722.png,train,n03661043_45722,n03661043
LSEJ_007105,images/n03661043_46202.png,train,n03661043_46202,n03661043
LSEJ_007106,images/n03661043_47964.png,train,n03661043_47964,n03661043
LSEJ_007107,images/n03661043_482.png,train,n03661043_482,n03661043
LSEJ_007108,images/n03661043_5314.png,train,n03661043_5314,n03661043
LSEJ_007109,images/n03661043_5688.png,train,n03661043_5688,n03661043
LSEJ_007110,images/n03661043_5756.png,train,n03661043_5756,n03661043
LSEJ_007111,images/n03661043_5853.png,train,n03661043_5853,n03661043
LSEJ_007112,images/n03661043_590.png,train,n03661043_590,n03661043
LSEJ_007113,images/n03661043_653.png,train,n03661043_653,n03661043
LSEJ_007115,images/n03661043_7350.png,train,n03661043_7350,n03661043
LSEJ_007116,images/n03661043_7494.png,train,n03661043_7494,n03661043
LSEJ_007120,images/n03661043_9738.png,train,n03661043_9738,n03661043
LSEJ_007121,images/n03661043_9904.png,train,n03661043_9904,n03661043
LSEJ_007123,images/n03662601_1158.png,train,n03662601_1158,n03662601
LSEJ_007124,images/n03662601_17630.png,train,n03662601_17630,n03662601
LSEJ_007125,images/n03662601_18924.png,train,n03662601_18924,n03662601
LSEJ_007126,images/n03662601_22407.png,train,n03662601_22407,n03662601
LSEJ_007128,images/n03662601_6042.png,train,n03662601_6042,n03662601
LSEJ_007130,images/n03666591_1674.png,train,n03666591_1674,n03666591
LSEJ_007131,images/n03666591_3.png,train,n03666591_3,n03666591
LSEJ_007132,images/n03666591_611.png,train,n03666591_611,n03666591
LSEJ_007134,images/n03670208_11158.png,train,n03670208_11158,n03670208
LSEJ_007135,images/n03670208_11545.png,train,n03670208_11545,n03670208
LSEJ_007136,images/n03670208_12183.png,train,n03670208_12183,n03670208
LSEJ_007137,images/n03670208_12589.png,train,n03670208_12589,n03670208
LSEJ_007138,images/n03670208_13553.png,train,n03670208_13553,n03670208
LSEJ_007140,images/n03670208_1506.png,train,n03670208_1506,n03670208
LSEJ_007141,images/n03670208_1625.png,train,n03670208_1625,n03670208
LSEJ_007144,images/n03670208_22240.png,train,n03670208_22240,n03670208
LSEJ_007145,images/n03670208_23009.png,train,n03670208_23009,n03670208
LSEJ_007146,images/n03670208_2317.png,train,n03670208_2317,n03670208
LSEJ_007147,images/n03670208_253.png,train,n03670208_253,n03670208
LSEJ_007148,images/n03670208_2582.png,train,n03670208_2582,n03670208
LSEJ_007149,images/n03670208_28197.png,train,n03670208_28197,n03670208
LSEJ_007150,images/n03670208_29560.png,train,n03670208_29560,n03670208
LSEJ_007152,images/n03670208_45216.png,train,n03670208_45216,n03670208
LSEJ_007154,images/n03670208_5449.png,train,n03670208_5449,n03670208
LSEJ_007155,images/n03670208_5453.png,train,n03670208_5453,n03670208
LSEJ_007156,images/n03670208_6124.png,train,n03670208_6124,n03670208
LSEJ_007158,images/n03670208_7944.png,train,n03670208_7944,n03670208
LSEJ_007159,images/n03670208_8050.png,train,n03670208_8050,n03670208
LSEJ_007161,images/n03670208_9761.png,train,n03670208_9761,n03670208
LSEJ_007162,images/n03670208_9801.png,train,n03670208_9801,n03670208
LSEJ_007163,images/n03673027_12357.png,train,n03673027_12357,n03673027
LSEJ_007164,images/n03673027_16851.png,train,n03673027_16851,n03673027
LSEJ_007166,images/n03673027_18737.png,train,n03673027_18737,n03673027
LSEJ_007167,images/n03673027_20089.png,train,n03673027_20089,n03673027
LSEJ_007169,images/n03673027_33261.png,train,n03673027_33261,n03673027
LSEJ_007170,images/n03676483_1286.png,train,n03676483_1286,n03676483
LSEJ_007172,images/n03676483_9518.png,train,n03676483_9518,n03676483
LSEJ_007173,images/n03690938_11098.png,train,n03690938_11098,n03690938
LSEJ_007174,images/n03690938_12687.png,train,n03690938_12687,n03690938
LSEJ_007175,images/n03690938_1914.png,train,n03690938_1914,n03690938
LSEJ_007176,images/n03690938_2321.png,train,n03690938_2321,n03690938
LSEJ_007179,images/n03691459_29648.png,train,n03691459_29648,n03691459
LSEJ_007180,images/n03691459_32161.png,train,n03691459_32161,n03691459
LSEJ_007181,images/n03691459_3286.png,train,n03691459_3286,n03691459
LSEJ_007182,images/n03692522_6629.png,train,n03692522_6629,n03692522
LSEJ_007183,images/n03692522_7122.png,train,n03692522_7122,n03692522
LSEJ_007184,images/n03697007_11306.png,train,n03697007_11306,n03697007
LSEJ_007185,images/n03697007_11377.png,train,n03697007_11377,n03697007
LSEJ_007188,images/n03697007_13026.png,train,n03697007_13026,n03697007
LSEJ_007190,images/n03697007_13724.png,train,n03697007_13724,n03697007
LSEJ_007191,images/n03697007_14038.png,train,n03697007_14038,n03697007
LSEJ_007192,images/n03697007_14237.png,train,n03697007_14237,n03697007
LSEJ_007193,images/n03697007_16282.png,train,n03697007_16282,n03697007
LSEJ_007194,images/n03697007_17257.png,train,n03697007_17257,n03697007
LSEJ_007195,images/n03697007_1757.png,train,n03697007_1757,n03697007
LSEJ_007198,images/n03697007_20118.png,train,n03697007_20118,n03697007
LSEJ_007199,images/n03697007_27544.png,train,n03697007_27544,n03697007
LSEJ_007200,images/n03697007_27649.png,train,n03697007_27649,n03697007
LSEJ_007201,images/n03697007_27734.png,train,n03697007_27734,n03697007
LSEJ_007202,images/n03697007_27987.png,train,n03697007_27987,n03697007
LSEJ_007204,images/n03697007_30332.png,train,n03697007_30332,n03697007
LSEJ_007205,images/n03697007_32613.png,train,n03697007_32613,n03697007
LSEJ_007207,images/n03697007_34644.png,train,n03697007_34644,n03697007
LSEJ_007209,images/n03697007_3849.png,train,n03697007_3849,n03697007
LSEJ_007210,images/n03697007_6799.png,train,n03697007_6799,n03697007
LSEJ_007211,images/n03697007_7401.png,train,n03697007_7401,n03697007
LSEJ_007212,images/n03697007_8008.png,train,n03697007_8008,n03697007
LSEJ_007213,images/n03697007_8343.png,train,n03697007_8343,n03697007
LSEJ_007214,images/n03697007_8567.png,train,n03697007_8567,n03697007
LSEJ_007215,images/n03697007_9026.png,train,n03697007_9026,n03697007
LSEJ_007216,images/n03697007_9472.png,train,n03697007_9472,n03697007
LSEJ_007217,images/n03706229_2333.png,train,n03706229_2333,n03706229
LSEJ_007219,images/n03706229_37.png,train,n03706229_37,n03706229
LSEJ_007220,images/n03706229_4711.png,train,n03706229_4711,n03706229
LSEJ_007221,images/n03706229_5022.png,train,n03706229_5022,n03706229
LSEJ_007222,images/n03706229_604.png,train,n03706229_604,n03706229
LSEJ_007224,images/n03709823_20696.png,train,n03709823_20696,n03709823
LSEJ_007225,images/n03709823_23101.png,train,n03709823_23101,n03709823
LSEJ_007227,images/n03709823_29932.png,train,n03709823_29932,n03709823
LSEJ_007228,images/n03709823_4769.png,train,n03709823_4769,n03709823
LSEJ_007230,images/n03709823_5651.png,train,n03709823_5651,n03709823
LSEJ_007231,images/n03709823_6297.png,train,n03709823_6297,n03709823
LSEJ_007232,images/n03709823_6975.png,train,n03709823_6975,n03709823
LSEJ_007233,images/n03710193_5773.png,train,n03710193_5773,n03710193
LSEJ_007234,images/n03710721_22570.png,train,n03710721_22570,n03710721
LSEJ_007236,images/n03710721_25615.png,train,n03710721_25615,n03710721
LSEJ_007237,images/n03717622_11135.png,train,n03717622_11135,n03717622
LSEJ_007238,images/n03717622_11343.png,train,n03717622_11343,n03717622
LSEJ_007239,images/n03717622_12175.png,train,n03717622_12175,n03717622
LSEJ_007240,images/n03717622_12403.png,train,n03717622_12403,n03717622
LSEJ_007241,images/n03717622_12807.png,train,n03717622_12807,n03717622
LSEJ_007243,images/n03717622_1997.png,train,n03717622_1997,n03717622
LSEJ_007245,images/n03717622_3910.png,train,n03717622_3910,n03717622
LSEJ_007246,images/n03717622_6120.png,train,n03717622_6120,n03717622
LSEJ_007248,images/n03717622_9128.png,train,n03717622_9128,n03717622
LSEJ_007249,images/n03720891_15866.png,train,n03720891_15866,n03720891
LSEJ_007250,images/n03720891_332.png,train,n03720891_332,n03720891
LSEJ_007251,images/n03720891_6790.png,train,n03720891_6790,n03720891
LSEJ_007253,images/n03721384_12358.png,train,n03721384_12358,n03721384
LSEJ_007254,images/n03721384_12625.png,train,n03721384_12625,n03721384
LSEJ_007256,images/n03721384_17556.png,train,n03721384_17556,n03721384
LSEJ_007257,images/n03721384_17701.png,train,n03721384_17701,n03721384
LSEJ_007258,images/n03721384_17989.png,train,n03721384_17989,n03721384
LSEJ_007259,images/n03721384_1845.png,train,n03721384_1845,n03721384
LSEJ_007264,images/n03721384_34152.png,train,n03721384_34152,n03721384
LSEJ_007265,images/n03721384_34356.png,train,n03721384_34356,n03721384
LSEJ_007266,images/n03721384_39660.png,train,n03721384_39660,n03721384
LSEJ_007267,images/n03721384_5098.png,train,n03721384_5098,n03721384
LSEJ_007268,images/n03721384_6243.png,train,n03721384_6243,n03721384
LSEJ_007269,images/n03721384_6729.png,train,n03721384_6729,n03721384
LSEJ_007270,images/n03721384_9165.png,train,n03721384_9165,n03721384
LSEJ_007271,images/n03724870_10336.png,train,n03724870_10336,n03724870
LSEJ_007272,images/n03724870_11112.png,train,n03724870_11112,n03724870
LSEJ_007273,images/n03724870_1279.png,train,n03724870_1279,n03724870
LSEJ_007274,images/n03724870_12882.png,train,n03724870_12882,n03724870
LSEJ_007275,images/n03724870_12907.png,train,n03724870_12907,n03724870
LSEJ_007277,images/n03724870_13693.png,train,n03724870_13693,n03724870
LSEJ_007279,images/n03724870_14082.png,train,n03724870_14082,n03724870
LSEJ_007280,images/n03724870_14114.png,train,n03724870_14114,n03724870
LSEJ_007282,images/n03724870_15881.png,train,n03724870_15881,n03724870
LSEJ_007283,images/n03724870_17496.png,train,n03724870_17496,n03724870
LSEJ_007285,images/n03724870_20407.png,train,n03724870_20407,n03724870
LSEJ_007286,images/n03724870_20598.png,train,n03724870_20598,n03724870
LSEJ_007287,images/n03724870_21204.png,train,n03724870_21204,n03724870
LSEJ_007290,images/n03724870_2239.png,train,n03724870_2239,n03724870
LSEJ_007291,images/n03724870_3315.png,train,n03724870_3315,n03724870
LSEJ_007292,images/n03724870_3712.png,train,n03724870_3712,n03724870
LSEJ_007293,images/n03724870_4229.png,train,n03724870_4229,n03724870
LSEJ_007294,images/n03724870_434.png,train,n03724870_434,n03724870
LSEJ_007295,images/n03724870_783.png,train,n03724870_783,n03724870
LSEJ_007297,images/n03724870_9681.png,train,n03724870_9681,n03724870
LSEJ_007299,images/n03729826_4937.png,train,n03729826_4937,n03729826
LSEJ_007300,images/n03729826_5061.png,train,n03729826_5061,n03729826
LSEJ_007301,images/n03729826_5145.png,train,n03729826_5145,n03729826
LSEJ_007302,images/n03729826_518.png,train,n03729826_518,n03729826
LSEJ_007303,images/n03729826_6276.png,train,n03729826_6276,n03729826
LSEJ_007304,images/n03729826_782.png,train,n03729826_782,n03729826
LSEJ_007306,images/n03733131_1153.png,train,n03733131_1153,n03733131
LSEJ_007307,images/n03733131_1229.png,train,n03733131_1229,n03733131
LSEJ_007308,images/n03733131_1604.png,train,n03733131_1604,n03733131
LSEJ_007309,images/n03733131_1945.png,train,n03733131_1945,n03733131
LSEJ_007311,images/n03733131_3996.png,train,n03733131_3996,n03733131
LSEJ_007312,images/n03733131_5923.png,train,n03733131_5923,n03733131
LSEJ_007315,images/n03733131_7196.png,train,n03733131_7196,n03733131
LSEJ_007316,images/n03733131_8562.png,train,n03733131_8562,n03733131
LSEJ_007317,images/n03733131_8777.png,train,n03733131_8777,n03733131
LSEJ_007318,images/n03733131_9350.png,train,n03733131_9350,n03733131
LSEJ_007320,images/n03733281_13637.png,train,n03733281_13637,n03733281
LSEJ_007322,images/n03733281_14900.png,train,n03733281_14900,n03733281
LSEJ_007323,images/n03733281_14989.png,train,n03733281_14989,n03733281
LSEJ_007324,images/n03733281_15926.png,train,n03733281_15926,n03733281
LSEJ_007325,images/n03733281_18757.png,train,n03733281_18757,n03733281
LSEJ_007326,images/n03733281_2113.png,train,n03733281_2113,n03733281
LSEJ_007327,images/n03733281_21785.png,train,n03733281_21785,n03733281
LSEJ_007328,images/n03733281_27839.png,train,n03733281_27839,n03733281
LSEJ_007329,images/n03733281_28768.png,train,n03733281_28768,n03733281
LSEJ_007331,images/n03733281_29711.png,train,n03733281_29711,n03733281
LSEJ_007333,images/n03733281_35440.png,train,n03733281_35440,n03733281
LSEJ_007334,images/n03733281_37639.png,train,n03733281_37639,n03733281
LSEJ_007336,images/n03733281_39614.png,train,n03733281_39614,n03733281
LSEJ_007338,images/n03733281_44983.png,train,n03733281_44983,n03733281
LSEJ_007339,images/n03733281_51860.png,train,n03733281_51860,n03733281
LSEJ_007340,images/n03733281_6826.png,train,n03733281_6826,n03733281
LSEJ_007341,images/n03733281_748.png,train,n03733281_748,n03733281
LSEJ_007342,images/n03733805_1342.png,train,n03733805_1342,n03733805
LSEJ_007343,images/n03733805_19911.png,train,n03733805_19911,n03733805
LSEJ_007345,images/n03733805_4323.png,train,n03733805_4323,n03733805
LSEJ_007346,images/n03733805_738.png,train,n03733805_738,n03733805
LSEJ_007347,images/n03742115_10533.png,train,n03742115_10533,n03742115
LSEJ_007348,images/n03742115_11220.png,train,n03742115_11220,n03742115
LSEJ_007349,images/n03742115_11911.png,train,n03742115_11911,n03742115
LSEJ_007350,images/n03742115_1257.png,train,n03742115_1257,n03742115
LSEJ_007354,images/n03742115_14139.png,train,n03742115_14139,n03742115
LSEJ_007355,images/n03742115_15134.png,train,n03742115_15134,n03742115
LSEJ_007356,images/n03742115_15557.png,train,n03742115_15557,n03742115
LSEJ_007357,images/n03742115_17806.png,train,n03742115_17806,n03742115
LSEJ_007358,images/n03742115_17957.png,train,n03742115_17957,n03742115
LSEJ_007359,images/n03742115_19118.png,train,n03742115_19118,n03742115
LSEJ_007361,images/n03742115_26738.png,train,n03742115_26738,n03742115
LSEJ_007363,images/n03742115_2845.png,train,n03742115_2845,n03742115
LSEJ_007365,images/n03742115_34135.png,train,n03742115_34135,n03742115
LSEJ_007366,images/n03742115_4766.png,train,n03742115_4766,n03742115
LSEJ_007367,images/n03742115_4832.png,train,n03742115_4832,n03742115
LSEJ_007369,images/n03742115_4982.png,train,n03742115_4982,n03742115
LSEJ_007370,images/n03742115_8466.png,train,n03742115_8466,n03742115
LSEJ_007371,images/n03742115_8660.png,train,n03742115_8660,n03742115
LSEJ_007372,images/n03742115_8789.png,train,n03742115_8789,n03742115
LSEJ_007373,images/n03742115_968.png,train,n03742115_968,n03742115
LSEJ_007374,images/n03743016_1102.png,train,n03743016_1102,n03743016
LSEJ_007375,images/n03743016_13965.png,train,n03743016_13965,n03743016
LSEJ_007377,images/n03743016_18484.png,train,n03743016_18484,n03743016
LSEJ_007378,images/n03743016_4566.png,train,n03743016_4566,n03743016
LSEJ_007379,images/n03743016_5142.png,train,n03743016_5142,n03743016
LSEJ_007381,images/n03743016_8738.png,train,n03743016_8738,n03743016
LSEJ_007382,images/n03743016_9319.png,train,n03743016_9319,n03743016
LSEJ_007383,images/n03759954_10476.png,train,n03759954_10476,n03759954
LSEJ_007384,images/n03759954_11400.png,train,n03759954_11400,n03759954
LSEJ_007385,images/n03759954_11581.png,train,n03759954_11581,n03759954
LSEJ_007386,images/n03759954_11939.png,train,n03759954_11939,n03759954
LSEJ_007387,images/n03759954_12004.png,train,n03759954_12004,n03759954
LSEJ_007388,images/n03759954_1270.png,train,n03759954_1270,n03759954
LSEJ_007389,images/n03759954_13181.png,train,n03759954_13181,n03759954
LSEJ_007390,images/n03759954_14415.png,train,n03759954_14415,n03759954
LSEJ_007391,images/n03759954_15682.png,train,n03759954_15682,n03759954
LSEJ_007392,images/n03759954_1883.png,train,n03759954_1883,n03759954
LSEJ_007393,images/n03759954_2938.png,train,n03759954_2938,n03759954
LSEJ_007394,images/n03759954_3170.png,train,n03759954_3170,n03759954
LSEJ_007395,images/n03759954_3730.png,train,n03759954_3730,n03759954
LSEJ_007398,images/n03759954_4266.png,train,n03759954_4266,n03759954
LSEJ_007401,images/n03759954_829.png,train,n03759954_829,n03759954
LSEJ_007402,images/n03759954_8958.png,train,n03759954_8958,n03759954
LSEJ_007405,images/n03761084_23804.png,train,n03761084_23804,n03761084
LSEJ_007406,images/n03761084_275.png,train,n03761084_275,n03761084
LSEJ_007407,images/n03761084_3627.png,train,n03761084_3627,n03761084
LSEJ_007408,images/n03761084_5192.png,train,n03761084_5192,n03761084
LSEJ_007409,images/n03761084_63.png,train,n03761084_63,n03761084
LSEJ_007410,images/n03761084_67.png,train,n03761084_67,n03761084
LSEJ_007412,images/n03763968_2213.png,train,n03763968_2213,n03763968
LSEJ_007413,images/n03763968_4170.png,train,n03763968_4170,n03763968
LSEJ_007415,images/n03764736_14319.png,train,n03764736_14319,n03764736
LSEJ_007416,images/n03764736_14953.png,train,n03764736_14953,n03764736
LSEJ_007418,images/n03764736_1609.png,train,n03764736_1609,n03764736
LSEJ_007420,images/n03764736_19914.png,train,n03764736_19914,n03764736
LSEJ_007421,images/n03764736_22854.png,train,n03764736_22854,n03764736
LSEJ_007422,images/n03764736_24083.png,train,n03764736_24083,n03764736
LSEJ_007424,images/n03764736_3011.png,train,n03764736_3011,n03764736
LSEJ_007425,images/n03764736_350.png,train,n03764736_350,n03764736
LSEJ_007426,images/n03764736_3676.png,train,n03764736_3676,n03764736
LSEJ_007427,images/n03764736_5435.png,train,n03764736_5435,n03764736
LSEJ_007428,images/n03764736_5813.png,train,n03764736_5813,n03764736
LSEJ_007430,images/n03764736_8619.png,train,n03764736_8619,n03764736
LSEJ_007432,images/n03764736_9082.png,train,n03764736_9082,n03764736
LSEJ_007433,images/n03764736_916.png,train,n03764736_916,n03764736
LSEJ_007434,images/n03764736_9321.png,train,n03764736_9321,n03764736
LSEJ_007435,images/n03769881_1329.png,train,n03769881_1329,n03769881
LSEJ_007436,images/n03769881_1554.png,train,n03769881_1554,n03769881
LSEJ_007437,images/n03769881_1832.png,train,n03769881_1832,n03769881
LSEJ_007438,images/n03769881_1918.png,train,n03769881_1918,n03769881
LSEJ_007439,images/n03769881_2341.png,train,n03769881_2341,n03769881
LSEJ_007440,images/n03769881_2443.png,train,n03769881_2443,n03769881
LSEJ_007441,images/n03769881_2602.png,train,n03769881_2602,n03769881
LSEJ_007442,images/n03769881_2834.png,train,n03769881_2834,n03769881
LSEJ_007443,images/n03769881_3404.png,train,n03769881_3404,n03769881
LSEJ_007444,images/n03769881_3494.png,train,n03769881_3494,n03769881
LSEJ_007446,images/n03769881_3789.png,train,n03769881_3789,n03769881
LSEJ_007447,images/n03769881_38.png,train,n03769881_38,n03769881
LSEJ_007449,images/n03769881_4524.png,train,n03769881_4524,n03769881
LSEJ_007452,images/n03769881_5123.png,train,n03769881_5123,n03769881
LSEJ_007454,images/n03769881_6821.png,train,n03769881_6821,n03769881
LSEJ_007455,images/n03769881_7159.png,train,n03769881_7159,n03769881
LSEJ_007456,images/n03770439_16773.png,train,n03770439_16773,n03770439
LSEJ_007457,images/n03770439_6463.png,train,n03770439_6463,n03770439
LSEJ_007459,images/n03770679_10419.png,train,n03770679_10419,n03770679
LSEJ_007461,images/n03770679_122.png,train,n03770679_122,n03770679
LSEJ_007463,images/n03770679_15507.png,train,n03770679_15507,n03770679
LSEJ_007464,images/n03770679_1684.png,train,n03770679_1684,n03770679
LSEJ_007465,images/n03770679_17565.png,train,n03770679_17565,n03770679
LSEJ_007466,images/n03770679_1937.png,train,n03770679_1937,n03770679
LSEJ_007468,images/n03770679_21013.png,train,n03770679_21013,n03770679
LSEJ_007469,images/n03770679_2235.png,train,n03770679_2235,n03770679
LSEJ_007470,images/n03770679_23025.png,train,n03770679_23025,n03770679
LSEJ_007471,images/n03770679_27340.png,train,n03770679_27340,n03770679
LSEJ_007472,images/n03770679_286.png,train,n03770679_286,n03770679
LSEJ_007474,images/n03770679_5227.png,train,n03770679_5227,n03770679
LSEJ_007475,images/n03770679_5738.png,train,n03770679_5738,n03770679
LSEJ_007476,images/n03770679_5944.png,train,n03770679_5944,n03770679
LSEJ_007478,images/n03770679_8112.png,train,n03770679_8112,n03770679
LSEJ_007479,images/n03770679_8416.png,train,n03770679_8416,n03770679
LSEJ_007480,images/n03770679_9706.png,train,n03770679_9706,n03770679
LSEJ_007481,images/n03773504_10205.png,train,n03773504_10205,n03773504
LSEJ_007482,images/n03773504_11152.png,train,n03773504_11152,n03773504
LSEJ_007483,images/n03773504_11546.png,train,n03773504_11546,n03773504
LSEJ_007484,images/n03773504_17357.png,train,n03773504_17357,n03773504
LSEJ_007487,images/n03773504_2353.png,train,n03773504_2353,n03773504
LSEJ_007489,images/n03773504_370.png,train,n03773504_370,n03773504
LSEJ_007490,images/n03773504_4160.png,train,n03773504_4160,n03773504
LSEJ_007492,images/n03773504_4416.png,train,n03773504_4416,n03773504
LSEJ_007493,images/n03773504_630.png,train,n03773504_630,n03773504
LSEJ_007494,images/n03773504_6865.png,train,n03773504_6865,n03773504
LSEJ_007495,images/n03773504_8376.png,train,n03773504_8376,n03773504
LSEJ_007496,images/n03773504_8961.png,train,n03773504_8961,n03773504
LSEJ_007497,images/n03775546_1995.png,train,n03775546_1995,n03775546
LSEJ_007499,images/n03775546_444.png,train,n03775546_444,n03775546
LSEJ_007500,images/n03775546_5924.png,train,n03775546_5924,n03775546
LSEJ_007501,images/n03776460_14920.png,train,n03776460_14920,n03776460
LSEJ_007502,images/n03776460_15795.png,train,n03776460_15795,n03776460
LSEJ_007503,images/n03776460_16323.png,train,n03776460_16323,n03776460
LSEJ_007504,images/n03776460_16537.png,train,n03776460_16537,n03776460
LSEJ_007505,images/n03776460_1788.png,train,n03776460_1788,n03776460
LSEJ_007506,images/n03776460_19006.png,train,n03776460_19006,n03776460
LSEJ_007507,images/n03776460_21412.png,train,n03776460_21412,n03776460
LSEJ_007509,images/n03776460_22345.png,train,n03776460_22345,n03776460
LSEJ_007510,images/n03776460_2388.png,train,n03776460_2388,n03776460
LSEJ_007512,images/n03776460_3321.png,train,n03776460_3321,n03776460
LSEJ_007514,images/n03776460_6693.png,train,n03776460_6693,n03776460
LSEJ_007515,images/n03776460_7773.png,train,n03776460_7773,n03776460
LSEJ_007517,images/n03776460_8813.png,train,n03776460_8813,n03776460
LSEJ_007518,images/n03777568_10012.png,train,n03777568_10012,n03777568
LSEJ_007519,images/n03777568_10386.png,train,n03777568_10386,n03777568
LSEJ_007520,images/n03777568_1041.png,train,n03777568_1041,n03777568
LSEJ_007521,images/n03777568_10525.png,train,n03777568_10525,n03777568
LSEJ_007522,images/n03777568_10847.png,train,n03777568_10847,n03777568
LSEJ_007523,images/n03777568_11642.png,train,n03777568_11642,n03777568
LSEJ_007524,images/n03777568_11699.png,train,n03777568_11699,n03777568
LSEJ_007525,images/n03777568_11903.png,train,n03777568_11903,n03777568
LSEJ_007526,images/n03777568_12037.png,train,n03777568_12037,n03777568
LSEJ_007528,images/n03777568_14437.png,train,n03777568_14437,n03777568
LSEJ_007529,images/n03777568_15151.png,train,n03777568_15151,n03777568
LSEJ_007530,images/n03777568_1520.png,train,n03777568_1520,n03777568
LSEJ_007531,images/n03777568_15345.png,train,n03777568_15345,n03777568
LSEJ_007533,images/n03777568_16113.png,train,n03777568_16113,n03777568
LSEJ_007535,images/n03777568_17175.png,train,n03777568_17175,n03777568
LSEJ_007536,images/n03777568_17328.png,train,n03777568_17328,n03777568
LSEJ_007538,images/n03777568_1935.png,train,n03777568_1935,n03777568
LSEJ_007539,images/n03777568_2153.png,train,n03777568_2153,n03777568
LSEJ_007540,images/n03777568_2295.png,train,n03777568_2295,n03777568
LSEJ_007541,images/n03777568_242.png,train,n03777568_242,n03777568
LSEJ_007544,images/n03777568_2695.png,train,n03777568_2695,n03777568
LSEJ_007545,images/n03777568_2701.png,train,n03777568_2701,n03777568
LSEJ_007546,images/n03777568_284.png,train,n03777568_284,n03777568
LSEJ_007547,images/n03777568_2976.png,train,n03777568_2976,n03777568
LSEJ_007549,images/n03777568_3352.png,train,n03777568_3352,n03777568
LSEJ_007550,images/n03777568_339.png,train,n03777568_339,n03777568
LSEJ_007553,images/n03777568_3857.png,train,n03777568_3857,n03777568
LSEJ_007554,images/n03777568_3977.png,train,n03777568_3977,n03777568
LSEJ_007555,images/n03777568_4677.png,train,n03777568_4677,n03777568
LSEJ_007556,images/n03777568_4886.png,train,n03777568_4886,n03777568
LSEJ_007557,images/n03777568_5352.png,train,n03777568_5352,n03777568
LSEJ_007558,images/n03777568_5396.png,train,n03777568_5396,n03777568
LSEJ_007559,images/n03777568_5872.png,train,n03777568_5872,n03777568
LSEJ_007560,images/n03777568_6178.png,train,n03777568_6178,n03777568
LSEJ_007563,images/n03777568_7201.png,train,n03777568_7201,n03777568
LSEJ_007564,images/n03777568_7735.png,train,n03777568_7735,n03777568
LSEJ_007566,images/n03777568_8332.png,train,n03777568_8332,n03777568
LSEJ_007568,images/n03777568_990.png,train,n03777568_990,n03777568
LSEJ_007570,images/n03777754_2064.png,train,n03777754_2064,n03777754
LSEJ_007572,images/n03777754_4244.png,train,n03777754_4244,n03777754
LSEJ_007573,images/n03777754_5028.png,train,n03777754_5028,n03777754
LSEJ_007574,images/n03777754_5285.png,train,n03777754_5285,n03777754
LSEJ_007576,images/n03777754_5569.png,train,n03777754_5569,n03777754
LSEJ_007577,images/n03777754_6259.png,train,n03777754_6259,n03777754
LSEJ_007578,images/n03777754_6455.png,train,n03777754_6455,n03777754
LSEJ_007579,images/n03777754_7130.png,train,n03777754_7130,n03777754
LSEJ_007580,images/n03777754_7353.png,train,n03777754_7353,n03777754
LSEJ_007581,images/n03777754_7901.png,train,n03777754_7901,n03777754
LSEJ_007582,images/n03777754_8685.png,train,n03777754_8685,n03777754
LSEJ_007583,images/n03777754_8735.png,train,n03777754_8735,n03777754
LSEJ_007584,images/n03777754_8959.png,train,n03777754_8959,n03777754
LSEJ_007587,images/n03781244_10430.png,train,n03781244_10430,n03781244
LSEJ_007589,images/n03781244_14589.png,train,n03781244_14589,n03781244
LSEJ_007590,images/n03781244_1669.png,train,n03781244_1669,n03781244
LSEJ_007591,images/n03781244_18282.png,train,n03781244_18282,n03781244
LSEJ_007592,images/n03781244_1878.png,train,n03781244_1878,n03781244
LSEJ_007593,images/n03781244_19221.png,train,n03781244_19221,n03781244
LSEJ_007594,images/n03781244_1940.png,train,n03781244_1940,n03781244
LSEJ_007597,images/n03781244_2414.png,train,n03781244_2414,n03781244
LSEJ_007598,images/n03781244_5294.png,train,n03781244_5294,n03781244
LSEJ_007599,images/n03781244_6617.png,train,n03781244_6617,n03781244
LSEJ_007600,images/n03781244_690.png,train,n03781244_690,n03781244
LSEJ_007601,images/n03781244_91.png,train,n03781244_91,n03781244
LSEJ_007602,images/n03782006_13774.png,train,n03782006_13774,n03782006
LSEJ_007604,images/n03782006_16476.png,train,n03782006_16476,n03782006
LSEJ_007605,images/n03782006_2781.png,train,n03782006_2781,n03782006
LSEJ_007606,images/n03782006_4920.png,train,n03782006_4920,n03782006
LSEJ_007608,images/n03782006_7683.png,train,n03782006_7683,n03782006
LSEJ_007609,images/n03782006_7966.png,train,n03782006_7966,n03782006
LSEJ_007610,images/n03785016_14828.png,train,n03785016_14828,n03785016
LSEJ_007611,images/n03785016_15224.png,train,n03785016_15224,n03785016
LSEJ_007612,images/n03785016_16809.png,train,n03785016_16809,n03785016
LSEJ_007614,images/n03785016_33499.png,train,n03785016_33499,n03785016
LSEJ_007616,images/n03786901_14376.png,train,n03786901_14376,n03786901
LSEJ_007619,images/n03786901_6797.png,train,n03786901_6797,n03786901
LSEJ_007620,images/n03786901_7199.png,train,n03786901_7199,n03786901
LSEJ_007621,images/n03786901_876.png,train,n03786901_876,n03786901
LSEJ_007622,images/n03786901_9698.png,train,n03786901_9698,n03786901
LSEJ_007623,images/n03787032_480.png,train,n03787032_480,n03787032
LSEJ_007624,images/n03787032_4941.png,train,n03787032_4941,n03787032
LSEJ_007625,images/n03788195_10083.png,train,n03788195_10083,n03788195
LSEJ_007627,images/n03788195_12108.png,train,n03788195_12108,n03788195
LSEJ_007628,images/n03788195_12117.png,train,n03788195_12117,n03788195
LSEJ_007629,images/n03788195_12121.png,train,n03788195_12121,n03788195
LSEJ_007631,images/n03788195_12678.png,train,n03788195_12678,n03788195
LSEJ_007632,images/n03788195_14656.png,train,n03788195_14656,n03788195
LSEJ_007634,images/n03788195_2392.png,train,n03788195_2392,n03788195
LSEJ_007636,images/n03788195_34194.png,train,n03788195_34194,n03788195
LSEJ_007637,images/n03788195_37058.png,train,n03788195_37058,n03788195
LSEJ_007638,images/n03788195_44474.png,train,n03788195_44474,n03788195
LSEJ_007640,images/n03788195_4861.png,train,n03788195_4861,n03788195
LSEJ_007641,images/n03788195_5500.png,train,n03788195_5500,n03788195
LSEJ_007642,images/n03788195_5904.png,train,n03788195_5904,n03788195
LSEJ_007643,images/n03788195_7092.png,train,n03788195_7092,n03788195
LSEJ_007644,images/n03788195_7225.png,train,n03788195_7225,n03788195
LSEJ_007645,images/n03788195_7717.png,train,n03788195_7717,n03788195
LSEJ_007646,images/n03788195_8913.png,train,n03788195_8913,n03788195
LSEJ_007648,images/n03788195_9242.png,train,n03788195_9242,n03788195
LSEJ_007649,images/n03788195_9689.png,train,n03788195_9689,n03788195
LSEJ_007651,images/n03788365_7370.png,train,n03788365_7370,n03788365
LSEJ_007652,images/n03788365_7960.png,train,n03788365_7960,n03788365
LSEJ_007653,images/n03788365_8462.png,train,n03788365_8462,n03788365
LSEJ_007654,images/n03788365_9209.png,train,n03788365_9209,n03788365
LSEJ_007655,images/n03791053_21340.png,train,n03791053_21340,n03791053
LSEJ_007656,images/n03791053_29014.png,train,n03791053_29014,n03791053
LSEJ_007657,images/n03791053_292.png,train,n03791053_292,n03791053
LSEJ_007658,images/n03791053_4060.png,train,n03791053_4060,n03791053
LSEJ_007660,images/n03791053_7643.png,train,n03791053_7643,n03791053
LSEJ_007662,images/n03791053_998.png,train,n03791053_998,n03791053
LSEJ_007664,images/n03792782_11169.png,train,n03792782_11169,n03792782
LSEJ_007666,images/n03792782_14047.png,train,n03792782_14047,n03792782
LSEJ_007667,images/n03792782_14156.png,train,n03792782_14156,n03792782
LSEJ_007668,images/n03792782_14293.png,train,n03792782_14293,n03792782
LSEJ_007669,images/n03792782_1513.png,train,n03792782_1513,n03792782
LSEJ_007670,images/n03792782_15758.png,train,n03792782_15758,n03792782
LSEJ_007671,images/n03792782_17212.png,train,n03792782_17212,n03792782
LSEJ_007673,images/n03792782_19709.png,train,n03792782_19709,n03792782
LSEJ_007674,images/n03792782_20475.png,train,n03792782_20475,n03792782
LSEJ_007676,images/n03792782_22620.png,train,n03792782_22620,n03792782
LSEJ_007677,images/n03792782_22759.png,train,n03792782_22759,n03792782
LSEJ_007678,images/n03792782_23966.png,train,n03792782_23966,n03792782
LSEJ_007679,images/n03792782_32272.png,train,n03792782_32272,n03792782
LSEJ_007682,images/n03792782_3613.png,train,n03792782_3613,n03792782
LSEJ_007683,images/n03792782_4249.png,train,n03792782_4249,n03792782
LSEJ_007685,images/n03792782_4864.png,train,n03792782_4864,n03792782
LSEJ_007686,images/n03792782_5034.png,train,n03792782_5034,n03792782
LSEJ_007688,images/n03792782_5284.png,train,n03792782_5284,n03792782
LSEJ_007689,images/n03792782_53111.png,train,n03792782_53111,n03792782
LSEJ_007690,images/n03792782_54350.png,train,n03792782_54350,n03792782
LSEJ_007692,images/n03792782_61058.png,train,n03792782_61058,n03792782
LSEJ_007693,images/n03792782_62398.png,train,n03792782_62398,n03792782
LSEJ_007694,images/n03792782_692.png,train,n03792782_692,n03792782
LSEJ_007695,images/n03792782_6926.png,train,n03792782_6926,n03792782
LSEJ_007696,images/n03792782_7438.png,train,n03792782_7438,n03792782
LSEJ_007697,images/n03792782_7554.png,train,n03792782_7554,n03792782
LSEJ_007698,images/n03792782_9094.png,train,n03792782_9094,n03792782
LSEJ_007699,images/n03792972_1446.png,train,n03792972_1446,n03792972
LSEJ_007700,images/n03792972_1476.png,train,n03792972_1476,n03792972
LSEJ_007701,images/n03792972_1496.png,train,n03792972_1496,n03792972
LSEJ_007702,images/n03792972_1525.png,train,n03792972_1525,n03792972
LSEJ_007703,images/n03792972_1935.png,train,n03792972_1935,n03792972
LSEJ_007705,images/n03792972_3337.png,train,n03792972_3337,n03792972
LSEJ_007706,images/n03792972_3711.png,train,n03792972_3711,n03792972
LSEJ_007708,images/n03792972_4075.png,train,n03792972_4075,n03792972
LSEJ_007709,images/n03792972_713.png,train,n03792972_713,n03792972
LSEJ_007711,images/n03793489_51162.png,train,n03793489_51162,n03793489
LSEJ_007713,images/n03793489_9728.png,train,n03793489_9728,n03793489
LSEJ_007714,images/n03794056_138.png,train,n03794056_138,n03794056
LSEJ_007715,images/n03794056_15065.png,train,n03794056_15065,n03794056
LSEJ_007716,images/n03794056_15110.png,train,n03794056_15110,n03794056
LSEJ_007717,images/n03794056_15402.png,train,n03794056_15402,n03794056
LSEJ_007719,images/n03794056_16018.png,train,n03794056_16018,n03794056
LSEJ_007721,images/n03794056_19414.png,train,n03794056_19414,n03794056
LSEJ_007722,images/n03794056_20305.png,train,n03794056_20305,n03794056
LSEJ_007723,images/n03794056_28196.png,train,n03794056_28196,n03794056
LSEJ_007724,images/n03794056_30993.png,train,n03794056_30993,n03794056
LSEJ_007726,images/n03794056_7858.png,train,n03794056_7858,n03794056
LSEJ_007727,images/n03794056_938.png,train,n03794056_938,n03794056
LSEJ_007729,images/n03796401_21261.png,train,n03796401_21261,n03796401
LSEJ_007730,images/n03796401_22323.png,train,n03796401_22323,n03796401
LSEJ_007731,images/n03796401_2539.png,train,n03796401_2539,n03796401
LSEJ_007732,images/n03796401_2693.png,train,n03796401_2693,n03796401
LSEJ_007733,images/n03796401_2767.png,train,n03796401_2767,n03796401
LSEJ_007734,images/n03796401_3191.png,train,n03796401_3191,n03796401
LSEJ_007735,images/n03796401_4495.png,train,n03796401_4495,n03796401
LSEJ_007736,images/n03796401_6061.png,train,n03796401_6061,n03796401
LSEJ_007738,images/n03796401_7699.png,train,n03796401_7699,n03796401
LSEJ_007740,images/n03796401_9198.png,train,n03796401_9198,n03796401
LSEJ_007741,images/n03796401_9601.png,train,n03796401_9601,n03796401
LSEJ_007743,images/n03803284_10318.png,train,n03803284_10318,n03803284
LSEJ_007744,images/n03803284_10548.png,train,n03803284_10548,n03803284
LSEJ_007745,images/n03803284_10688.png,train,n03803284_10688,n03803284
LSEJ_007746,images/n03803284_2303.png,train,n03803284_2303,n03803284
LSEJ_007748,images/n03803284_3132.png,train,n03803284_3132,n03803284
LSEJ_007749,images/n03803284_5820.png,train,n03803284_5820,n03803284
LSEJ_007750,images/n03803284_7458.png,train,n03803284_7458,n03803284
LSEJ_007752,images/n03804744_10554.png,train,n03804744_10554,n03804744
LSEJ_007753,images/n03804744_11708.png,train,n03804744_11708,n03804744
LSEJ_007754,images/n03804744_35541.png,train,n03804744_35541,n03804744
LSEJ_007755,images/n03804744_4368.png,train,n03804744_4368,n03804744
LSEJ_007756,images/n03804744_6269.png,train,n03804744_6269,n03804744
LSEJ_007759,images/n03814639_1000.png,train,n03814639_1000,n03814639
LSEJ_007762,images/n03814639_15013.png,train,n03814639_15013,n03814639
LSEJ_007764,images/n03814639_1611.png,train,n03814639_1611,n03814639
LSEJ_007765,images/n03814639_16383.png,train,n03814639_16383,n03814639
LSEJ_007767,images/n03814639_17618.png,train,n03814639_17618,n03814639
LSEJ_007768,images/n03814639_1994.png,train,n03814639_1994,n03814639
LSEJ_007769,images/n03814639_222.png,train,n03814639_222,n03814639
LSEJ_007770,images/n03814639_2496.png,train,n03814639_2496,n03814639
LSEJ_007771,images/n03814639_2555.png,train,n03814639_2555,n03814639
LSEJ_007772,images/n03814639_3020.png,train,n03814639_3020,n03814639
LSEJ_007773,images/n03814639_3372.png,train,n03814639_3372,n03814639
LSEJ_007774,images/n03814639_3767.png,train,n03814639_3767,n03814639
LSEJ_007775,images/n03814639_4582.png,train,n03814639_4582,n03814639
LSEJ_007776,images/n03814639_4788.png,train,n03814639_4788,n03814639
LSEJ_007778,images/n03814639_8978.png,train,n03814639_8978,n03814639
LSEJ_007779,images/n03814906_13011.png,train,n03814906_13011,n03814906
LSEJ_007780,images/n03814906_1303.png,train,n03814906_1303,n03814906
LSEJ_007781,images/n03825788_11124.png,train,n03825788_11124,n03825788
LSEJ_007782,images/n03825788_11665.png,train,n03825788_11665,n03825788
LSEJ_007785,images/n03825788_13413.png,train,n03825788_13413,n03825788
LSEJ_007786,images/n03825788_14606.png,train,n03825788_14606,n03825788
LSEJ_007787,images/n03825788_15229.png,train,n03825788_15229,n03825788
LSEJ_007788,images/n03825788_15273.png,train,n03825788_15273,n03825788
LSEJ_007789,images/n03825788_1640.png,train,n03825788_1640,n03825788
LSEJ_007790,images/n03825788_16704.png,train,n03825788_16704,n03825788
LSEJ_007791,images/n03825788_18178.png,train,n03825788_18178,n03825788
LSEJ_007792,images/n03825788_18298.png,train,n03825788_18298,n03825788
LSEJ_007793,images/n03825788_18341.png,train,n03825788_18341,n03825788
LSEJ_007794,images/n03825788_1916.png,train,n03825788_1916,n03825788
LSEJ_007795,images/n03825788_20366.png,train,n03825788_20366,n03825788
LSEJ_007797,images/n03825788_23929.png,train,n03825788_23929,n03825788
LSEJ_007798,images/n03825788_24127.png,train,n03825788_24127,n03825788
LSEJ_007801,images/n03825788_55542.png,train,n03825788_55542,n03825788
LSEJ_007802,images/n03825788_57643.png,train,n03825788_57643,n03825788
LSEJ_007803,images/n03825788_6098.png,train,n03825788_6098,n03825788
LSEJ_007805,images/n03825788_6339.png,train,n03825788_6339,n03825788
LSEJ_007806,images/n03825788_8839.png,train,n03825788_8839,n03825788
LSEJ_007808,images/n03832673_8486.png,train,n03832673_8486,n03832673
LSEJ_007809,images/n03832673_965.png,train,n03832673_965,n03832673
LSEJ_007810,images/n03837869_3537.png,train,n03837869_3537,n03837869
LSEJ_007812,images/n03837869_6088.png,train,n03837869_6088,n03837869
LSEJ_007814,images/n03837869_8802.png,train,n03837869_8802,n03837869
LSEJ_007815,images/n03837869_9475.png,train,n03837869_9475,n03837869
LSEJ_007816,images/n03838899_1017.png,train,n03838899_1017,n03838899
LSEJ_007817,images/n03838899_10328.png,train,n03838899_10328,n03838899
LSEJ_007820,images/n03838899_15661.png,train,n03838899_15661,n03838899
LSEJ_007821,images/n03838899_15711.png,train,n03838899_15711,n03838899
LSEJ_007822,images/n03838899_16021.png,train,n03838899_16021,n03838899
LSEJ_007825,images/n03838899_23916.png,train,n03838899_23916,n03838899
LSEJ_007826,images/n03838899_44450.png,train,n03838899_44450,n03838899
LSEJ_007827,images/n03838899_45286.png,train,n03838899_45286,n03838899
LSEJ_007828,images/n03838899_46707.png,train,n03838899_46707,n03838899
LSEJ_007829,images/n03838899_4735.png,train,n03838899_4735,n03838899
LSEJ_007830,images/n03838899_7306.png,train,n03838899_7306,n03838899
LSEJ_007833,images/n03840681_13999.png,train,n03840681_13999,n03840681
LSEJ_007834,images/n03840681_14189.png,train,n03840681_14189,n03840681
LSEJ_007835,images/n03840681_14965.png,train,n03840681_14965,n03840681
LSEJ_007836,images/n03840681_5554.png,train,n03840681_5554,n03840681
LSEJ_007837,images/n03840681_7718.png,train,n03840681_7718,n03840681
LSEJ_007839,images/n03840681_9017.png,train,n03840681_9017,n03840681
LSEJ_007840,images/n03840681_9383.png,train,n03840681_9383,n03840681
LSEJ_007841,images/n03841143_12970.png,train,n03841143_12970,n03841143
LSEJ_007842,images/n03841143_1510.png,train,n03841143_1510,n03841143
LSEJ_007843,images/n03841143_18.png,train,n03841143_18,n03841143
LSEJ_007844,images/n03841143_20044.png,train,n03841143_20044,n03841143
LSEJ_007846,images/n03841143_25010.png,train,n03841143_25010,n03841143
LSEJ_007848,images/n03841143_32393.png,train,n03841143_32393,n03841143
LSEJ_007850,images/n03841143_33214.png,train,n03841143_33214,n03841143
LSEJ_007851,images/n03841143_33334.png,train,n03841143_33334,n03841143
LSEJ_007852,images/n03841143_3587.png,train,n03841143_3587,n03841143
LSEJ_007853,images/n03841143_3916.png,train,n03841143_3916,n03841143
LSEJ_007854,images/n03841143_4338.png,train,n03841143_4338,n03841143
LSEJ_007855,images/n03841143_4831.png,train,n03841143_4831,n03841143
LSEJ_007856,images/n03841143_5167.png,train,n03841143_5167,n03841143
LSEJ_007858,images/n03841143_5390.png,train,n03841143_5390,n03841143
LSEJ_007859,images/n03841143_5766.png,train,n03841143_5766,n03841143
LSEJ_007860,images/n03841143_5937.png,train,n03841143_5937,n03841143
LSEJ_007862,images/n03841143_7072.png,train,n03841143_7072,n03841143
LSEJ_007864,images/n03841143_758.png,train,n03841143_758,n03841143
LSEJ_007865,images/n03841143_811.png,train,n03841143_811,n03841143
LSEJ_007867,images/n03841143_8874.png,train,n03841143_8874,n03841143
LSEJ_007868,images/n03843555_11591.png,train,n03843555_11591,n03843555
LSEJ_007869,images/n03843555_11682.png,train,n03843555_11682,n03843555
LSEJ_007870,images/n03843555_1185.png,train,n03843555_1185,n03843555
LSEJ_007872,images/n03843555_13184.png,train,n03843555_13184,n03843555
LSEJ_007873,images/n03843555_13818.png,train,n03843555_13818,n03843555
LSEJ_007874,images/n03843555_13843.png,train,n03843555_13843,n03843555
LSEJ_007875,images/n03843555_13908.png,train,n03843555_13908,n03843555
LSEJ_007876,images/n03843555_13994.png,train,n03843555_13994,n03843555
LSEJ_007877,images/n03843555_15266.png,train,n03843555_15266,n03843555
LSEJ_007878,images/n03843555_17437.png,train,n03843555_17437,n03843555
LSEJ_007880,images/n03843555_19495.png,train,n03843555_19495,n03843555
LSEJ_007881,images/n03843555_1998.png,train,n03843555_1998,n03843555
LSEJ_007882,images/n03843555_20066.png,train,n03843555_20066,n03843555
LSEJ_007883,images/n03843555_204.png,train,n03843555_204,n03843555
LSEJ_007886,images/n03843555_6184.png,train,n03843555_6184,n03843555
LSEJ_007888,images/n03843555_7641.png,train,n03843555_7641,n03843555
LSEJ_007889,images/n03843555_8032.png,train,n03843555_8032,n03843555
LSEJ_007891,images/n03854065_10296.png,train,n03854065_10296,n03854065
LSEJ_007892,images/n03854065_10600.png,train,n03854065_10600,n03854065
LSEJ_007895,images/n03854065_10982.png,train,n03854065_10982,n03854065
LSEJ_007896,images/n03854065_11432.png,train,n03854065_11432,n03854065
LSEJ_007898,images/n03854065_1470.png,train,n03854065_1470,n03854065
LSEJ_007899,images/n03854065_14720.png,train,n03854065_14720,n03854065
LSEJ_007900,images/n03854065_14863.png,train,n03854065_14863,n03854065
LSEJ_007901,images/n03854065_14982.png,train,n03854065_14982,n03854065
LSEJ_007902,images/n03854065_15471.png,train,n03854065_15471,n03854065
LSEJ_007903,images/n03854065_16506.png,train,n03854065_16506,n03854065
LSEJ_007905,images/n03854065_16891.png,train,n03854065_16891,n03854065
LSEJ_007906,images/n03854065_1719.png,train,n03854065_1719,n03854065
LSEJ_007908,images/n03854065_1764.png,train,n03854065_1764,n03854065
LSEJ_007910,images/n03854065_18072.png,train,n03854065_18072,n03854065
LSEJ_007911,images/n03854065_18425.png,train,n03854065_18425,n03854065
LSEJ_007913,images/n03854065_18683.png,train,n03854065_18683,n03854065
LSEJ_007915,images/n03854065_18889.png,train,n03854065_18889,n03854065
LSEJ_007916,images/n03854065_19321.png,train,n03854065_19321,n03854065
LSEJ_007917,images/n03854065_265.png,train,n03854065_265,n03854065
LSEJ_007919,images/n03854065_2940.png,train,n03854065_2940,n03854065
LSEJ_007921,images/n03854065_315.png,train,n03854065_315,n03854065
LSEJ_007922,images/n03854065_3511.png,train,n03854065_3511,n03854065
LSEJ_007923,images/n03854065_3680.png,train,n03854065_3680,n03854065
LSEJ_007924,images/n03854065_3847.png,train,n03854065_3847,n03854065
LSEJ_007925,images/n03854065_397.png,train,n03854065_397,n03854065
LSEJ_007926,images/n03854065_4270.png,train,n03854065_4270,n03854065
LSEJ_007927,images/n03854065_4394.png,train,n03854065_4394,n03854065
LSEJ_007928,images/n03854065_4558.png,train,n03854065_4558,n03854065
LSEJ_007929,images/n03854065_4736.png,train,n03854065_4736,n03854065
LSEJ_007931,images/n03854065_5582.png,train,n03854065_5582,n03854065
LSEJ_007934,images/n03854065_6011.png,train,n03854065_6011,n03854065
LSEJ_007935,images/n03854065_608.png,train,n03854065_608,n03854065
LSEJ_007936,images/n03854065_6168.png,train,n03854065_6168,n03854065
LSEJ_007937,images/n03854065_6267.png,train,n03854065_6267,n03854065
LSEJ_007938,images/n03854065_641.png,train,n03854065_641,n03854065
LSEJ_007939,images/n03854065_6468.png,train,n03854065_6468,n03854065
LSEJ_007940,images/n03854065_7675.png,train,n03854065_7675,n03854065
LSEJ_007941,images/n03854065_7757.png,train,n03854065_7757,n03854065
LSEJ_007942,images/n03854065_8025.png,train,n03854065_8025,n03854065
LSEJ_007943,images/n03854065_8429.png,train,n03854065_8429,n03854065
LSEJ_007944,images/n03854065_8584.png,train,n03854065_8584,n03854065
LSEJ_007945,images/n03854065_8632.png,train,n03854065_8632,n03854065
LSEJ_007946,images/n03854065_8916.png,train,n03854065_8916,n03854065
LSEJ_007949,images/n03854065_9731.png,train,n03854065_9731,n03854065
LSEJ_007950,images/n03857828_10277.png,train,n03857828_10277,n03857828
LSEJ_007951,images/n03857828_10629.png,train,n03857828_10629,n03857828
LSEJ_007955,images/n03857828_11653.png,train,n03857828_11653,n03857828
LSEJ_007956,images/n03857828_11718.png,train,n03857828_11718,n03857828
LSEJ_007957,images/n03857828_14243.png,train,n03857828_14243,n03857828
LSEJ_007959,images/n03857828_147.png,train,n03857828_147,n03857828
LSEJ_007960,images/n03857828_15877.png,train,n03857828_15877,n03857828
LSEJ_007961,images/n03857828_16462.png,train,n03857828_16462,n03857828
LSEJ_007963,images/n03857828_17671.png,train,n03857828_17671,n03857828
LSEJ_007964,images/n03857828_17832.png,train,n03857828_17832,n03857828
LSEJ_007965,images/n03857828_18158.png,train,n03857828_18158,n03857828
LSEJ_007966,images/n03857828_18477.png,train,n03857828_18477,n03857828
LSEJ_007968,images/n03857828_19159.png,train,n03857828_19159,n03857828
LSEJ_007969,images/n03857828_20752.png,train,n03857828_20752,n03857828
LSEJ_007970,images/n03857828_23104.png,train,n03857828_23104,n03857828
LSEJ_007973,images/n03857828_3015.png,train,n03857828_3015,n03857828
LSEJ_007974,images/n03857828_3952.png,train,n03857828_3952,n03857828
LSEJ_007975,images/n03857828_4817.png,train,n03857828_4817,n03857828
LSEJ_007976,images/n03857828_49117.png,train,n03857828_49117,n03857828
LSEJ_007977,images/n03857828_52032.png,train,n03857828_52032,n03857828
LSEJ_007978,images/n03857828_5247.png,train,n03857828_5247,n03857828
LSEJ_007979,images/n03857828_57180.png,train,n03857828_57180,n03857828
LSEJ_007980,images/n03857828_58271.png,train,n03857828_58271,n03857828
LSEJ_007981,images/n03857828_602.png,train,n03857828_602,n03857828
LSEJ_007983,images/n03857828_6224.png,train,n03857828_6224,n03857828
LSEJ_007984,images/n03857828_62456.png,train,n03857828_62456,n03857828
LSEJ_007985,images/n03857828_6276.png,train,n03857828_6276,n03857828
LSEJ_007986,images/n03857828_71813.png,train,n03857828_71813,n03857828
LSEJ_007988,images/n03857828_8234.png,train,n03857828_8234,n03857828
LSEJ_007990,images/n03866082_10406.png,train,n03866082_10406,n03866082
LSEJ_007991,images/n03866082_10931.png,train,n03866082_10931,n03866082
LSEJ_007992,images/n03866082_11467.png,train,n03866082_11467,n03866082
LSEJ_007994,images/n03866082_3191.png,train,n03866082_3191,n03866082
LSEJ_007995,images/n03866082_3402.png,train,n03866082_3402,n03866082
LSEJ_007997,images/n03866082_3845.png,train,n03866082_3845,n03866082
LSEJ_007998,images/n03866082_4038.png,train,n03866082_4038,n03866082
LSEJ_007999,images/n03866082_4553.png,train,n03866082_4553,n03866082
LSEJ_008000,images/n03866082_5593.png,train,n03866082_5593,n03866082
LSEJ_008001,images/n03866082_6164.png,train,n03866082_6164,n03866082
LSEJ_008003,images/n03866082_715.png,train,n03866082_715,n03866082
LSEJ_008004,images/n03866082_7293.png,train,n03866082_7293,n03866082
LSEJ_008005,images/n03866082_7372.png,train,n03866082_7372,n03866082
LSEJ_008006,images/n03866082_8090.png,train,n03866082_8090,n03866082
LSEJ_008008,images/n03866082_8878.png,train,n03866082_8878,n03866082
LSEJ_008009,images/n03866082_8884.png,train,n03866082_8884,n03866082
LSEJ_008011,images/n03866082_9805.png,train,n03866082_9805,n03866082
LSEJ_008014,images/n03868242_10619.png,train,n03868242_10619,n03868242
LSEJ_008015,images/n03868242_11117.png,train,n03868242_11117,n03868242
LSEJ_008016,images/n03868242_1179.png,train,n03868242_1179,n03868242
LSEJ_008018,images/n03868242_1231.png,train,n03868242_1231,n03868242
LSEJ_008019,images/n03868242_1339.png,train,n03868242_1339,n03868242
LSEJ_008021,images/n03868242_1366.png,train,n03868242_1366,n03868242
LSEJ_008022,images/n03868242_1383.png,train,n03868242_1383,n03868242
LSEJ_008023,images/n03868242_1385.png,train,n03868242_1385,n03868242
LSEJ_008024,images/n03868242_1585.png,train,n03868242_1585,n03868242
LSEJ_008026,images/n03868242_1672.png,train,n03868242_1672,n03868242
LSEJ_008028,images/n03868242_1724.png,train,n03868242_1724,n03868242
LSEJ_008029,images/n03868242_1758.png,train,n03868242_1758,n03868242
LSEJ_008031,images/n03868242_1847.png,train,n03868242_1847,n03868242
LSEJ_008032,images/n03868242_2066.png,train,n03868242_2066,n03868242
LSEJ_008033,images/n03868242_2518.png,train,n03868242_2518,n03868242
LSEJ_008035,images/n03868242_2632.png,train,n03868242_2632,n03868242
LSEJ_008036,images/n03868242_2756.png,train,n03868242_2756,n03868242
LSEJ_008037,images/n03868242_2764.png,train,n03868242_2764,n03868242
LSEJ_008039,images/n03868242_291.png,train,n03868242_291,n03868242
LSEJ_008040,images/n03868242_3031.png,train,n03868242_3031,n03868242
LSEJ_008041,images/n03868242_3095.png,train,n03868242_3095,n03868242
LSEJ_008042,images/n03868242_3127.png,train,n03868242_3127,n03868242
LSEJ_008043,images/n03868242_3282.png,train,n03868242_3282,n03868242
LSEJ_008044,images/n03868242_3671.png,train,n03868242_3671,n03868242
LSEJ_008045,images/n03868242_374.png,train,n03868242_374,n03868242
LSEJ_008046,images/n03868242_3842.png,train,n03868242_3842,n03868242
LSEJ_008048,images/n03868242_3944.png,train,n03868242_3944,n03868242
LSEJ_008049,images/n03868242_3948.png,train,n03868242_3948,n03868242
LSEJ_008050,images/n03868242_410.png,train,n03868242_410,n03868242
LSEJ_008051,images/n03868242_415.png,train,n03868242_415,n03868242
LSEJ_008052,images/n03868242_4199.png,train,n03868242_4199,n03868242
LSEJ_008054,images/n03868242_4648.png,train,n03868242_4648,n03868242
LSEJ_008055,images/n03868242_4666.png,train,n03868242_4666,n03868242
LSEJ_008057,images/n03868242_4878.png,train,n03868242_4878,n03868242
LSEJ_008059,images/n03868242_5412.png,train,n03868242_5412,n03868242
LSEJ_008061,images/n03868242_5932.png,train,n03868242_5932,n03868242
LSEJ_008062,images/n03868242_5971.png,train,n03868242_5971,n03868242
LSEJ_008063,images/n03868242_6186.png,train,n03868242_6186,n03868242
LSEJ_008064,images/n03868242_6213.png,train,n03868242_6213,n03868242
LSEJ_008065,images/n03868242_6263.png,train,n03868242_6263,n03868242
LSEJ_008066,images/n03868242_6427.png,train,n03868242_6427,n03868242
LSEJ_008067,images/n03868242_6599.png,train,n03868242_6599,n03868242
LSEJ_008068,images/n03868242_6656.png,train,n03868242_6656,n03868242
LSEJ_008069,images/n03868242_667.png,train,n03868242_667,n03868242
LSEJ_008070,images/n03868242_6672.png,train,n03868242_6672,n03868242
LSEJ_008071,images/n03868242_6681.png,train,n03868242_6681,n03868242
LSEJ_008072,images/n03868242_6885.png,train,n03868242_6885,n03868242
LSEJ_008074,images/n03868863_10007.png,train,n03868863_10007,n03868863
LSEJ_008075,images/n03868863_10340.png,train,n03868863_10340,n03868863
LSEJ_008076,images/n03868863_11145.png,train,n03868863_11145,n03868863
LSEJ_008079,images/n03868863_1382.png,train,n03868863_1382,n03868863
LSEJ_008080,images/n03868863_1424.png,train,n03868863_1424,n03868863
LSEJ_008083,images/n03868863_2558.png,train,n03868863_2558,n03868863
LSEJ_008084,images/n03868863_3007.png,train,n03868863_3007,n03868863
LSEJ_008086,images/n03868863_3268.png,train,n03868863_3268,n03868863
LSEJ_008088,images/n03868863_3431.png,train,n03868863_3431,n03868863
LSEJ_008089,images/n03868863_3460.png,train,n03868863_3460,n03868863
LSEJ_008090,images/n03868863_3472.png,train,n03868863_3472,n03868863
LSEJ_008092,images/n03868863_4562.png,train,n03868863_4562,n03868863
LSEJ_008093,images/n03868863_4708.png,train,n03868863_4708,n03868863
LSEJ_008094,images/n03868863_4729.png,train,n03868863_4729,n03868863
LSEJ_008096,images/n03868863_4911.png,train,n03868863_4911,n03868863
LSEJ_008097,images/n03868863_4964.png,train,n03868863_4964,n03868863
LSEJ_008098,images/n03868863_5345.png,train,n03868863_5345,n03868863
LSEJ_008099,images/n03868863_540.png,train,n03868863_540,n03868863
LSEJ_008100,images/n03868863_5924.png,train,n03868863_5924,n03868863
LSEJ_008101,images/n03868863_5983.png,train,n03868863_5983,n03868863
LSEJ_008102,images/n03868863_6122.png,train,n03868863_6122,n03868863
LSEJ_008103,images/n03868863_6190.png,train,n03868863_6190,n03868863
LSEJ_008104,images/n03868863_6312.png,train,n03868863_6312,n03868863
LSEJ_008105,images/n03868863_6621.png,train,n03868863_6621,n03868863
LSEJ_008106,images/n03868863_7881.png,train,n03868863_7881,n03868863
LSEJ_008107,images/n03868863_8338.png,train,n03868863_8338,n03868863
LSEJ_008108,images/n03868863_8711.png,train,n03868863_8711,n03868863
LSEJ_008110,images/n03868863_9214.png,train,n03868863_9214,n03868863
LSEJ_008111,images/n03871628_10558.png,train,n03871628_10558,n03871628
LSEJ_008114,images/n03871628_11486.png,train,n03871628_11486,n03871628
LSEJ_008115,images/n03871628_12731.png,train,n03871628_12731,n03871628
LSEJ_008116,images/n03871628_12854.png,train,n03871628_12854,n03871628
LSEJ_008118,images/n03871628_13556.png,train,n03871628_13556,n03871628
LSEJ_008119,images/n03871628_13626.png,train,n03871628_13626,n03871628
LSEJ_008120,images/n03871628_13943.png,train,n03871628_13943,n03871628
LSEJ_008121,images/n03871628_14133.png,train,n03871628_14133,n03871628
LSEJ_008122,images/n03871628_15584.png,train,n03871628_15584,n03871628
LSEJ_008123,images/n03871628_4193.png,train,n03871628_4193,n03871628
LSEJ_008124,images/n03871628_4339.png,train,n03871628_4339,n03871628
LSEJ_008126,images/n03871628_6505.png,train,n03871628_6505,n03871628
LSEJ_008127,images/n03871628_6844.png,train,n03871628_6844,n03871628
LSEJ_008128,images/n03871628_7292.png,train,n03871628_7292,n03871628
LSEJ_008131,images/n03873416_12691.png,train,n03873416_12691,n03873416
LSEJ_008132,images/n03873416_14630.png,train,n03873416_14630,n03873416
LSEJ_008133,images/n03873416_15196.png,train,n03873416_15196,n03873416
LSEJ_008135,images/n03873416_17188.png,train,n03873416_17188,n03873416
LSEJ_008136,images/n03873416_19229.png,train,n03873416_19229,n03873416
LSEJ_008137,images/n03873416_2376.png,train,n03873416_2376,n03873416
LSEJ_008139,images/n03873416_2475.png,train,n03873416_2475,n03873416
LSEJ_008141,images/n03873416_4375.png,train,n03873416_4375,n03873416
LSEJ_008142,images/n03873416_5700.png,train,n03873416_5700,n03873416
LSEJ_008143,images/n03873416_8264.png,train,n03873416_8264,n03873416
LSEJ_008144,images/n03873416_9232.png,train,n03873416_9232,n03873416
LSEJ_008145,images/n03874293_1000.png,train,n03874293_1000,n03874293
LSEJ_008147,images/n03874293_1308.png,train,n03874293_1308,n03874293
LSEJ_008148,images/n03874293_1567.png,train,n03874293_1567,n03874293
LSEJ_008150,images/n03874293_1715.png,train,n03874293_1715,n03874293
LSEJ_008151,images/n03874293_1776.png,train,n03874293_1776,n03874293
LSEJ_008152,images/n03874293_1937.png,train,n03874293_1937,n03874293
LSEJ_008153,images/n03874293_1944.png,train,n03874293_1944,n03874293
LSEJ_008154,images/n03874293_2237.png,train,n03874293_2237,n03874293
LSEJ_008155,images/n03874293_2546.png,train,n03874293_2546,n03874293
LSEJ_008156,images/n03874293_2626.png,train,n03874293_2626,n03874293
LSEJ_008157,images/n03874293_3121.png,train,n03874293_3121,n03874293
LSEJ_008158,images/n03874293_3200.png,train,n03874293_3200,n03874293
LSEJ_008160,images/n03874293_3653.png,train,n03874293_3653,n03874293
LSEJ_008161,images/n03874293_3843.png,train,n03874293_3843,n03874293
LSEJ_008162,images/n03874293_399.png,train,n03874293_399,n03874293
LSEJ_008163,images/n03874293_4411.png,train,n03874293_4411,n03874293
LSEJ_008164,images/n03874293_4623.png,train,n03874293_4623,n03874293
LSEJ_008167,images/n03874293_5515.png,train,n03874293_5515,n03874293
LSEJ_008168,images/n03874293_5566.png,train,n03874293_5566,n03874293
LSEJ_008169,images/n03874293_565.png,train,n03874293_565,n03874293
LSEJ_008170,images/n03874293_5694.png,train,n03874293_5694,n03874293
LSEJ_008172,images/n03874293_5808.png,train,n03874293_5808,n03874293
LSEJ_008173,images/n03874293_5830.png,train,n03874293_5830,n03874293
LSEJ_008174,images/n03874293_6190.png,train,n03874293_6190,n03874293
LSEJ_008175,images/n03874293_6590.png,train,n03874293_6590,n03874293
LSEJ_008177,images/n03874293_6635.png,train,n03874293_6635,n03874293
LSEJ_008179,images/n03874293_6818.png,train,n03874293_6818,n03874293
LSEJ_008180,images/n03874293_7007.png,train,n03874293_7007,n03874293
LSEJ_008181,images/n03874293_7017.png,train,n03874293_7017,n03874293
LSEJ_008183,images/n03874293_7231.png,train,n03874293_7231,n03874293
LSEJ_008184,images/n03874293_7246.png,train,n03874293_7246,n03874293
LSEJ_008185,images/n03874293_740.png,train,n03874293_740,n03874293
LSEJ_008187,images/n03874293_7534.png,train,n03874293_7534,n03874293
LSEJ_008188,images/n03874293_7679.png,train,n03874293_7679,n03874293
LSEJ_008189,images/n03874293_7695.png,train,n03874293_7695,n03874293
LSEJ_008191,images/n03874293_7844.png,train,n03874293_7844,n03874293
LSEJ_008192,images/n03874293_7929.png,train,n03874293_7929,n03874293
LSEJ_008193,images/n03874293_8525.png,train,n03874293_8525,n03874293
LSEJ_008197,images/n03874293_9052.png,train,n03874293_9052,n03874293
LSEJ_008198,images/n03874293_9095.png,train,n03874293_9095,n03874293
LSEJ_008199,images/n03874293_962.png,train,n03874293_962,n03874293
LSEJ_008200,images/n03874293_966.png,train,n03874293_966,n03874293
LSEJ_008201,images/n03874599_11718.png,train,n03874599_11718,n03874599
LSEJ_008202,images/n03876231_1156.png,train,n03876231_1156,n03876231
LSEJ_008203,images/n03877472_10554.png,train,n03877472_10554,n03877472
LSEJ_008204,images/n03877472_10794.png,train,n03877472_10794,n03877472
LSEJ_008207,images/n03877472_16893.png,train,n03877472_16893,n03877472
LSEJ_008209,images/n03877472_18897.png,train,n03877472_18897,n03877472
LSEJ_008210,images/n03877472_18987.png,train,n03877472_18987,n03877472
LSEJ_008212,images/n03877472_3407.png,train,n03877472_3407,n03877472
LSEJ_008213,images/n03877472_4070.png,train,n03877472_4070,n03877472
LSEJ_008214,images/n03877472_4401.png,train,n03877472_4401,n03877472
LSEJ_008215,images/n03877472_4844.png,train,n03877472_4844,n03877472
LSEJ_008216,images/n03877472_6313.png,train,n03877472_6313,n03877472
LSEJ_008217,images/n03877472_9633.png,train,n03877472_9633,n03877472
LSEJ_008219,images/n03877845_10747.png,train,n03877845_10747,n03877845
LSEJ_008220,images/n03877845_11195.png,train,n03877845_11195,n03877845
LSEJ_008223,images/n03877845_12055.png,train,n03877845_12055,n03877845
LSEJ_008224,images/n03877845_13294.png,train,n03877845_13294,n03877845
LSEJ_008225,images/n03877845_14850.png,train,n03877845_14850,n03877845
LSEJ_008226,images/n03877845_16145.png,train,n03877845_16145,n03877845
LSEJ_008227,images/n03877845_16294.png,train,n03877845_16294,n03877845
LSEJ_008228,images/n03877845_18268.png,train,n03877845_18268,n03877845
LSEJ_008229,images/n03877845_1843.png,train,n03877845_1843,n03877845
LSEJ_008231,images/n03877845_19344.png,train,n03877845_19344,n03877845
LSEJ_008234,images/n03877845_4140.png,train,n03877845_4140,n03877845
LSEJ_008235,images/n03877845_4783.png,train,n03877845_4783,n03877845
LSEJ_008236,images/n03877845_4881.png,train,n03877845_4881,n03877845
LSEJ_008237,images/n03877845_4896.png,train,n03877845_4896,n03877845
LSEJ_008238,images/n03877845_4935.png,train,n03877845_4935,n03877845
LSEJ_008239,images/n03877845_7173.png,train,n03877845_7173,n03877845
LSEJ_008240,images/n03877845_7192.png,train,n03877845_7192,n03877845
LSEJ_008241,images/n03877845_7548.png,train,n03877845_7548,n03877845
LSEJ_008242,images/n03877845_8914.png,train,n03877845_8914,n03877845
LSEJ_008244,images/n03884397_13984.png,train,n03884397_13984,n03884397
LSEJ_008245,images/n03884397_1539.png,train,n03884397_1539,n03884397
LSEJ_008247,images/n03884397_17594.png,train,n03884397_17594,n03884397
LSEJ_008248,images/n03884397_2054.png,train,n03884397_2054,n03884397
LSEJ_008250,images/n03884397_2206.png,train,n03884397_2206,n03884397
LSEJ_008251,images/n03884397_23141.png,train,n03884397_23141,n03884397
LSEJ_008253,images/n03884397_4405.png,train,n03884397_4405,n03884397
LSEJ_008254,images/n03884397_5313.png,train,n03884397_5313,n03884397
LSEJ_008255,images/n03884397_6582.png,train,n03884397_6582,n03884397
LSEJ_008256,images/n03884397_7633.png,train,n03884397_7633,n03884397
LSEJ_008257,images/n03884397_8082.png,train,n03884397_8082,n03884397
LSEJ_008258,images/n03884397_8939.png,train,n03884397_8939,n03884397
LSEJ_008259,images/n03884397_9039.png,train,n03884397_9039,n03884397
LSEJ_008261,images/n03887697_536.png,train,n03887697_536,n03887697
LSEJ_008262,images/n03887697_620.png,train,n03887697_620,n03887697
LSEJ_008263,images/n03888257_11593.png,train,n03888257_11593,n03888257
LSEJ_008264,images/n03888257_1251.png,train,n03888257_1251,n03888257
LSEJ_008265,images/n03888257_12593.png,train,n03888257_12593,n03888257
LSEJ_008266,images/n03888257_1421.png,train,n03888257_1421,n03888257
LSEJ_008267,images/n03888257_14368.png,train,n03888257_14368,n03888257
LSEJ_008268,images/n03888257_2103.png,train,n03888257_2103,n03888257
LSEJ_008269,images/n03888257_21150.png,train,n03888257_21150,n03888257
LSEJ_008272,images/n03888257_4444.png,train,n03888257_4444,n03888257
LSEJ_008274,images/n03888257_6417.png,train,n03888257_6417,n03888257
LSEJ_008275,images/n03888257_6749.png,train,n03888257_6749,n03888257
LSEJ_008276,images/n03888605_10116.png,train,n03888605_10116,n03888605
LSEJ_008277,images/n03888605_10398.png,train,n03888605_10398,n03888605
LSEJ_008279,images/n03888605_11986.png,train,n03888605_11986,n03888605
LSEJ_008280,images/n03888605_14173.png,train,n03888605_14173,n03888605
LSEJ_008281,images/n03888605_14429.png,train,n03888605_14429,n03888605
LSEJ_008283,images/n03888605_28297.png,train,n03888605_28297,n03888605
LSEJ_008284,images/n03888605_32925.png,train,n03888605_32925,n03888605
LSEJ_008285,images/n03888605_4106.png,train,n03888605_4106,n03888605
LSEJ_008286,images/n03888605_675.png,train,n03888605_675,n03888605
LSEJ_008288,images/n03888605_8264.png,train,n03888605_8264,n03888605
LSEJ_008289,images/n03888605_8651.png,train,n03888605_8651,n03888605
LSEJ_008291,images/n03891251_1054.png,train,n03891251_1054,n03891251
LSEJ_008292,images/n03891251_1090.png,train,n03891251_1090,n03891251
LSEJ_008293,images/n03891251_1142.png,train,n03891251_1142,n03891251
LSEJ_008294,images/n03891251_1171.png,train,n03891251_1171,n03891251
LSEJ_008295,images/n03891251_1238.png,train,n03891251_1238,n03891251
LSEJ_008296,images/n03891251_1253.png,train,n03891251_1253,n03891251
LSEJ_008297,images/n03891251_1327.png,train,n03891251_1327,n03891251
LSEJ_008298,images/n03891251_1408.png,train,n03891251_1408,n03891251
LSEJ_008300,images/n03891251_1445.png,train,n03891251_1445,n03891251
LSEJ_008302,images/n03891251_1689.png,train,n03891251_1689,n03891251
LSEJ_008303,images/n03891251_1716.png,train,n03891251_1716,n03891251
LSEJ_008305,images/n03891251_1800.png,train,n03891251_1800,n03891251
LSEJ_008306,images/n03891251_19.png,train,n03891251_19,n03891251
LSEJ_008307,images/n03891251_1905.png,train,n03891251_1905,n03891251
LSEJ_008308,images/n03891251_2686.png,train,n03891251_2686,n03891251
LSEJ_008310,images/n03891251_294.png,train,n03891251_294,n03891251
LSEJ_008311,images/n03891251_3726.png,train,n03891251_3726,n03891251
LSEJ_008312,images/n03891251_384.png,train,n03891251_384,n03891251
LSEJ_008313,images/n03891251_3963.png,train,n03891251_3963,n03891251
LSEJ_008314,images/n03891251_4025.png,train,n03891251_4025,n03891251
LSEJ_008315,images/n03891251_4370.png,train,n03891251_4370,n03891251
LSEJ_008316,images/n03891251_488.png,train,n03891251_488,n03891251
LSEJ_008320,images/n03891251_5595.png,train,n03891251_5595,n03891251
LSEJ_008321,images/n03891251_580.png,train,n03891251_580,n03891251
LSEJ_008322,images/n03891251_5967.png,train,n03891251_5967,n03891251
LSEJ_008324,images/n03891251_6615.png,train,n03891251_6615,n03891251
LSEJ_008325,images/n03891251_6958.png,train,n03891251_6958,n03891251
LSEJ_008326,images/n03891251_7194.png,train,n03891251_7194,n03891251
LSEJ_008327,images/n03891251_7306.png,train,n03891251_7306,n03891251
LSEJ_008330,images/n03891251_7811.png,train,n03891251_7811,n03891251
LSEJ_008331,images/n03891332_6872.png,train,n03891332_6872,n03891332
LSEJ_008332,images/n03895866_1104.png,train,n03895866_1104,n03895866
LSEJ_008333,images/n03895866_13586.png,train,n03895866_13586,n03895866
LSEJ_008334,images/n03895866_15147.png,train,n03895866_15147,n03895866
LSEJ_008335,images/n03895866_21790.png,train,n03895866_21790,n03895866
LSEJ_008337,images/n03895866_26511.png,train,n03895866_26511,n03895866
LSEJ_008338,images/n03895866_26957.png,train,n03895866_26957,n03895866
LSEJ_008339,images/n03895866_27504.png,train,n03895866_27504,n03895866
LSEJ_008340,images/n03895866_33283.png,train,n03895866_33283,n03895866
LSEJ_008342,images/n03895866_37398.png,train,n03895866_37398,n03895866
LSEJ_008343,images/n03895866_38827.png,train,n03895866_38827,n03895866
LSEJ_008344,images/n03895866_44763.png,train,n03895866_44763,n03895866
LSEJ_008346,images/n03899768_2978.png,train,n03899768_2978,n03899768
LSEJ_008347,images/n03902125_1691.png,train,n03902125_1691,n03902125
LSEJ_008349,images/n03902125_2427.png,train,n03902125_2427,n03902125
LSEJ_008350,images/n03902125_3181.png,train,n03902125_3181,n03902125
LSEJ_008352,images/n03902125_5631.png,train,n03902125_5631,n03902125
LSEJ_008354,images/n03902125_7302.png,train,n03902125_7302,n03902125
LSEJ_008355,images/n03902125_7625.png,train,n03902125_7625,n03902125
LSEJ_008356,images/n03902125_7990.png,train,n03902125_7990,n03902125
LSEJ_008358,images/n03903868_16746.png,train,n03903868_16746,n03903868
LSEJ_008359,images/n03903868_27916.png,train,n03903868_27916,n03903868
LSEJ_008361,images/n03903868_7487.png,train,n03903868_7487,n03903868
LSEJ_008362,images/n03903868_8708.png,train,n03903868_8708,n03903868
LSEJ_008363,images/n03908618_3088.png,train,n03908618_3088,n03908618
LSEJ_008364,images/n03908714_10068.png,train,n03908714_10068,n03908714
LSEJ_008365,images/n03908714_10621.png,train,n03908714_10621,n03908714
LSEJ_008366,images/n03908714_2180.png,train,n03908714_2180,n03908714
LSEJ_008369,images/n03908714_8011.png,train,n03908714_8011,n03908714
LSEJ_008370,images/n03908714_9645.png,train,n03908714_9645,n03908714
LSEJ_008372,images/n03916031_16540.png,train,n03916031_16540,n03916031
LSEJ_008373,images/n03916031_20975.png,train,n03916031_20975,n03916031
LSEJ_008374,images/n03916031_225.png,train,n03916031_225,n03916031
LSEJ_008375,images/n03916031_23741.png,train,n03916031_23741,n03916031
LSEJ_008377,images/n03916031_3933.png,train,n03916031_3933,n03916031
LSEJ_008378,images/n03916031_4024.png,train,n03916031_4024,n03916031
LSEJ_008380,images/n03916031_7219.png,train,n03916031_7219,n03916031
LSEJ_008381,images/n03920288_1130.png,train,n03920288_1130,n03920288
LSEJ_008382,images/n03920288_1490.png,train,n03920288_1490,n03920288
LSEJ_008383,images/n03920288_1835.png,train,n03920288_1835,n03920288
LSEJ_008385,images/n03920288_839.png,train,n03920288_839,n03920288
LSEJ_008387,images/n03924679_1431.png,train,n03924679_1431,n03924679
LSEJ_008389,images/n03924679_2721.png,train,n03924679_2721,n03924679
LSEJ_008390,images/n03924679_5234.png,train,n03924679_5234,n03924679
LSEJ_008391,images/n03924679_5850.png,train,n03924679_5850,n03924679
LSEJ_008392,images/n03924679_813.png,train,n03924679_813,n03924679
LSEJ_008393,images/n03929660_11629.png,train,n03929660_11629,n03929660
LSEJ_008394,images/n03929660_3940.png,train,n03929660_3940,n03929660
LSEJ_008395,images/n03929855_1153.png,train,n03929855_1153,n03929855
LSEJ_008396,images/n03929855_1535.png,train,n03929855_1535,n03929855
LSEJ_008397,images/n03929855_1712.png,train,n03929855_1712,n03929855
LSEJ_008398,images/n03929855_1945.png,train,n03929855_1945,n03929855
LSEJ_008400,images/n03929855_3691.png,train,n03929855_3691,n03929855
LSEJ_008401,images/n03929855_4881.png,train,n03929855_4881,n03929855
LSEJ_008402,images/n03929855_4907.png,train,n03929855_4907,n03929855
LSEJ_008404,images/n03929855_5710.png,train,n03929855_5710,n03929855
LSEJ_008406,images/n03929855_6946.png,train,n03929855_6946,n03929855
LSEJ_008407,images/n03929855_7186.png,train,n03929855_7186,n03929855
LSEJ_008408,images/n03929855_9359.png,train,n03929855_9359,n03929855
LSEJ_008410,images/n03930313_11022.png,train,n03930313_11022,n03930313
LSEJ_008411,images/n03930313_17620.png,train,n03930313_17620,n03930313
LSEJ_008412,images/n03930630_10343.png,train,n03930630_10343,n03930630
LSEJ_008413,images/n03930630_10380.png,train,n03930630_10380,n03930630
LSEJ_008414,images/n03930630_13882.png,train,n03930630_13882,n03930630
LSEJ_008416,images/n03930630_19004.png,train,n03930630_19004,n03930630
LSEJ_008417,images/n03930630_19425.png,train,n03930630_19425,n03930630
LSEJ_008418,images/n03930630_20157.png,train,n03930630_20157,n03930630
LSEJ_008419,images/n03930630_21762.png,train,n03930630_21762,n03930630
LSEJ_008422,images/n03930630_25606.png,train,n03930630_25606,n03930630
LSEJ_008424,images/n03930630_3321.png,train,n03930630_3321,n03930630
LSEJ_008425,images/n03930630_4335.png,train,n03930630_4335,n03930630
LSEJ_008426,images/n03930630_695.png,train,n03930630_695,n03930630
LSEJ_008427,images/n03930630_7387.png,train,n03930630_7387,n03930630
LSEJ_008428,images/n03930630_8283.png,train,n03930630_8283,n03930630
LSEJ_008429,images/n03930630_8661.png,train,n03930630_8661,n03930630
LSEJ_008431,images/n03930630_9334.png,train,n03930630_9334,n03930630
LSEJ_008432,images/n03930630_9812.png,train,n03930630_9812,n03930630
LSEJ_008433,images/n03933933_10972.png,train,n03933933_10972,n03933933
LSEJ_008434,images/n03933933_11420.png,train,n03933933_11420,n03933933
LSEJ_008435,images/n03933933_13123.png,train,n03933933_13123,n03933933
LSEJ_008437,images/n03933933_17482.png,train,n03933933_17482,n03933933
LSEJ_008438,images/n03933933_19656.png,train,n03933933_19656,n03933933
LSEJ_008439,images/n03933933_22421.png,train,n03933933_22421,n03933933
LSEJ_008440,images/n03933933_25989.png,train,n03933933_25989,n03933933
LSEJ_008442,images/n03933933_26548.png,train,n03933933_26548,n03933933
LSEJ_008443,images/n03933933_8398.png,train,n03933933_8398,n03933933
LSEJ_008444,images/n03933933_8728.png,train,n03933933_8728,n03933933
LSEJ_008445,images/n03933933_9073.png,train,n03933933_9073,n03933933
LSEJ_008447,images/n03935335_7170.png,train,n03935335_7170,n03935335
LSEJ_008448,images/n03935335_7653.png,train,n03935335_7653,n03935335
LSEJ_008449,images/n03935335_8100.png,train,n03935335_8100,n03935335
LSEJ_008451,images/n03937543_1197.png,train,n03937543_1197,n03937543
LSEJ_008452,images/n03937543_1929.png,train,n03937543_1929,n03937543
LSEJ_008454,images/n03937543_4525.png,train,n03937543_4525,n03937543
LSEJ_008455,images/n03937543_4726.png,train,n03937543_4726,n03937543
LSEJ_008457,images/n03937543_5745.png,train,n03937543_5745,n03937543
LSEJ_008459,images/n03942813_3619.png,train,n03942813_3619,n03942813
LSEJ_008460,images/n03942813_7737.png,train,n03942813_7737,n03942813
LSEJ_008461,images/n03944341_602.png,train,n03944341_602,n03944341
LSEJ_008464,images/n03947888_1406.png,train,n03947888_1406,n03947888
LSEJ_008465,images/n03947888_2202.png,train,n03947888_2202,n03947888
LSEJ_008466,images/n03947888_2843.png,train,n03947888_2843,n03947888
LSEJ_008467,images/n03947888_3463.png,train,n03947888_3463,n03947888
LSEJ_008468,images/n03947888_6402.png,train,n03947888_6402,n03947888
LSEJ_008469,images/n03947888_6723.png,train,n03947888_6723,n03947888
LSEJ_008470,images/n03947888_7766.png,train,n03947888_7766,n03947888
LSEJ_008471,images/n03950228_139.png,train,n03950228_139,n03950228
LSEJ_008475,images/n03950228_3046.png,train,n03950228_3046,n03950228
LSEJ_008476,images/n03950228_5246.png,train,n03950228_5246,n03950228
LSEJ_008477,images/n03950228_6393.png,train,n03950228_6393,n03950228
LSEJ_008478,images/n03950228_7278.png,train,n03950228_7278,n03950228
LSEJ_008479,images/n03950228_7401.png,train,n03950228_7401,n03950228
LSEJ_008480,images/n03950228_78.png,train,n03950228_78,n03950228
LSEJ_008481,images/n03950228_807.png,train,n03950228_807,n03950228
LSEJ_008482,images/n03950228_9101.png,train,n03950228_9101,n03950228
LSEJ_008483,images/n03950228_9657.png,train,n03950228_9657,n03950228
LSEJ_008485,images/n03954731_10261.png,train,n03954731_10261,n03954731
LSEJ_008486,images/n03954731_11546.png,train,n03954731_11546,n03954731
LSEJ_008487,images/n03954731_12476.png,train,n03954731_12476,n03954731
LSEJ_008488,images/n03954731_22151.png,train,n03954731_22151,n03954731
LSEJ_008489,images/n03954731_3132.png,train,n03954731_3132,n03954731
LSEJ_008490,images/n03954731_39478.png,train,n03954731_39478,n03954731
LSEJ_008491,images/n03954731_41136.png,train,n03954731_41136,n03954731
LSEJ_008493,images/n03954731_4613.png,train,n03954731_4613,n03954731
LSEJ_008495,images/n03954731_46975.png,train,n03954731_46975,n03954731
LSEJ_008497,images/n03954731_52702.png,train,n03954731_52702,n03954731
LSEJ_008498,images/n03954731_54888.png,train,n03954731_54888,n03954731
LSEJ_008499,images/n03956157_10265.png,train,n03956157_10265,n03956157
LSEJ_008501,images/n03956157_11554.png,train,n03956157_11554,n03956157
LSEJ_008502,images/n03956157_1322.png,train,n03956157_1322,n03956157
LSEJ_008503,images/n03956157_18292.png,train,n03956157_18292,n03956157
LSEJ_008504,images/n03956157_2124.png,train,n03956157_2124,n03956157
LSEJ_008505,images/n03956157_28.png,train,n03956157_28,n03956157
LSEJ_008506,images/n03956157_2951.png,train,n03956157_2951,n03956157
LSEJ_008507,images/n03956157_32506.png,train,n03956157_32506,n03956157
LSEJ_008508,images/n03956157_32723.png,train,n03956157_32723,n03956157
LSEJ_008509,images/n03956157_34144.png,train,n03956157_34144,n03956157
LSEJ_008510,images/n03956157_35255.png,train,n03956157_35255,n03956157
LSEJ_008514,images/n03958227_6797.png,train,n03958227_6797,n03958227
LSEJ_008515,images/n03958227_719.png,train,n03958227_719,n03958227
LSEJ_008516,images/n03961711_11570.png,train,n03961711_11570,n03961711
LSEJ_008517,images/n03961711_13265.png,train,n03961711_13265,n03961711
LSEJ_008518,images/n03961711_13324.png,train,n03961711_13324,n03961711
LSEJ_008519,images/n03961711_14188.png,train,n03961711_14188,n03961711
LSEJ_008520,images/n03961711_14736.png,train,n03961711_14736,n03961711
LSEJ_008522,images/n03961711_15273.png,train,n03961711_15273,n03961711
LSEJ_008524,images/n03961711_15720.png,train,n03961711_15720,n03961711
LSEJ_008525,images/n03961711_15908.png,train,n03961711_15908,n03961711
LSEJ_008526,images/n03961711_17069.png,train,n03961711_17069,n03961711
LSEJ_008528,images/n03961711_17614.png,train,n03961711_17614,n03961711
LSEJ_008529,images/n03961711_19095.png,train,n03961711_19095,n03961711
LSEJ_008530,images/n03961711_19274.png,train,n03961711_19274,n03961711
LSEJ_008531,images/n03961711_19414.png,train,n03961711_19414,n03961711
LSEJ_008533,images/n03961711_3442.png,train,n03961711_3442,n03961711
LSEJ_008534,images/n03961711_4310.png,train,n03961711_4310,n03961711
LSEJ_008536,images/n03961711_4367.png,train,n03961711_4367,n03961711
LSEJ_008538,images/n03961711_5286.png,train,n03961711_5286,n03961711
LSEJ_008539,images/n03961711_6650.png,train,n03961711_6650,n03961711
LSEJ_008540,images/n03967562_10878.png,train,n03967562_10878,n03967562
LSEJ_008541,images/n03967562_1345.png,train,n03967562_1345,n03967562
LSEJ_008542,images/n03967562_36010.png,train,n03967562_36010,n03967562
LSEJ_008543,images/n03967562_36855.png,train,n03967562_36855,n03967562
LSEJ_008544,images/n03967562_39253.png,train,n03967562_39253,n03967562
LSEJ_008546,images/n03967562_4179.png,train,n03967562_4179,n03967562
LSEJ_008548,images/n03970156_39323.png,train,n03970156_39323,n03970156
LSEJ_008549,images/n03970156_39877.png,train,n03970156_39877,n03970156
LSEJ_008550,images/n03976467_13534.png,train,n03976467_13534,n03976467
LSEJ_008552,images/n03976467_5195.png,train,n03976467_5195,n03976467
LSEJ_008553,images/n03976467_7170.png,train,n03976467_7170,n03976467
LSEJ_008555,images/n03976467_9719.png,train,n03976467_9719,n03976467
LSEJ_008556,images/n03976657_13998.png,train,n03976657_13998,n03976657
LSEJ_008558,images/n03976657_19939.png,train,n03976657_19939,n03976657
LSEJ_008559,images/n03976657_22671.png,train,n03976657_22671,n03976657
LSEJ_008560,images/n03976657_23047.png,train,n03976657_23047,n03976657
LSEJ_008561,images/n03976657_24306.png,train,n03976657_24306,n03976657
LSEJ_008562,images/n03976657_25686.png,train,n03976657_25686,n03976657
LSEJ_008564,images/n03976657_5159.png,train,n03976657_5159,n03976657
LSEJ_008566,images/n03977966_21404.png,train,n03977966_21404,n03977966
LSEJ_008569,images/n03977966_30782.png,train,n03977966_30782,n03977966
LSEJ_008570,images/n03977966_32658.png,train,n03977966_32658,n03977966
LSEJ_008571,images/n03977966_34349.png,train,n03977966_34349,n03977966
LSEJ_008572,images/n03977966_36473.png,train,n03977966_36473,n03977966
LSEJ_008573,images/n03977966_36709.png,train,n03977966_36709,n03977966
LSEJ_008574,images/n03977966_36766.png,train,n03977966_36766,n03977966
LSEJ_008575,images/n03977966_43623.png,train,n03977966_43623,n03977966
LSEJ_008577,images/n03977966_46903.png,train,n03977966_46903,n03977966
LSEJ_008578,images/n03977966_47297.png,train,n03977966_47297,n03977966
LSEJ_008579,images/n03977966_48503.png,train,n03977966_48503,n03977966
LSEJ_008580,images/n03977966_58734.png,train,n03977966_58734,n03977966
LSEJ_008582,images/n03977966_63312.png,train,n03977966_63312,n03977966
LSEJ_008584,images/n03977966_801.png,train,n03977966_801,n03977966
LSEJ_008585,images/n03977966_84647.png,train,n03977966_84647,n03977966
LSEJ_008586,images/n03977966_99415.png,train,n03977966_99415,n03977966
LSEJ_008588,images/n03980874_13528.png,train,n03980874_13528,n03980874
LSEJ_008590,images/n03980874_19615.png,train,n03980874_19615,n03980874
LSEJ_008591,images/n03980874_2257.png,train,n03980874_2257,n03980874
LSEJ_008592,images/n03980874_2324.png,train,n03980874_2324,n03980874
LSEJ_008593,images/n03980874_4343.png,train,n03980874_4343,n03980874
LSEJ_008594,images/n03980874_4789.png,train,n03980874_4789,n03980874
LSEJ_008595,images/n03980874_4791.png,train,n03980874_4791,n03980874
LSEJ_008596,images/n03980874_4990.png,train,n03980874_4990,n03980874
LSEJ_008598,images/n03980874_7349.png,train,n03980874_7349,n03980874
LSEJ_008599,images/n03980874_745.png,train,n03980874_745,n03980874
LSEJ_008600,images/n03982430_10339.png,train,n03982430_10339,n03982430
LSEJ_008601,images/n03982430_11328.png,train,n03982430_11328,n03982430
LSEJ_008604,images/n03982430_11979.png,train,n03982430_11979,n03982430
LSEJ_008606,images/n03982430_12164.png,train,n03982430_12164,n03982430
LSEJ_008607,images/n03982430_12457.png,train,n03982430_12457,n03982430
LSEJ_008608,images/n03982430_12756.png,train,n03982430_12756,n03982430
LSEJ_008609,images/n03982430_13676.png,train,n03982430_13676,n03982430
LSEJ_008610,images/n03982430_18428.png,train,n03982430_18428,n03982430
LSEJ_008611,images/n03982430_207.png,train,n03982430_207,n03982430
LSEJ_008613,images/n03982430_26452.png,train,n03982430_26452,n03982430
LSEJ_008614,images/n03982430_2671.png,train,n03982430_2671,n03982430
LSEJ_008615,images/n03982430_2799.png,train,n03982430_2799,n03982430
LSEJ_008616,images/n03982430_4329.png,train,n03982430_4329,n03982430
LSEJ_008617,images/n03982430_463.png,train,n03982430_463,n03982430
LSEJ_008619,images/n03982430_5751.png,train,n03982430_5751,n03982430
LSEJ_008620,images/n03982430_6002.png,train,n03982430_6002,n03982430
LSEJ_008621,images/n03982430_6205.png,train,n03982430_6205,n03982430
LSEJ_008623,images/n03982430_8736.png,train,n03982430_8736,n03982430
LSEJ_008624,images/n03982430_9173.png,train,n03982430_9173,n03982430
LSEJ_008625,images/n03991062_10203.png,train,n03991062_10203,n03991062
LSEJ_008626,images/n03991062_12178.png,train,n03991062_12178,n03991062
LSEJ_008627,images/n03991062_12393.png,train,n03991062_12393,n03991062
LSEJ_008628,images/n03991062_16771.png,train,n03991062_16771,n03991062
LSEJ_008629,images/n03991062_17206.png,train,n03991062_17206,n03991062
LSEJ_008633,images/n03991062_25805.png,train,n03991062_25805,n03991062
LSEJ_008634,images/n03991062_27687.png,train,n03991062_27687,n03991062
LSEJ_008635,images/n03991062_9849.png,train,n03991062_9849,n03991062
LSEJ_008637,images/n03992509_10508.png,train,n03992509_10508,n03992509
LSEJ_008638,images/n03992509_10579.png,train,n03992509_10579,n03992509
LSEJ_008641,images/n03992509_12951.png,train,n03992509_12951,n03992509
LSEJ_008642,images/n03992509_13176.png,train,n03992509_13176,n03992509
LSEJ_008644,images/n03992509_1478.png,train,n03992509_1478,n03992509
LSEJ_008645,images/n03992509_2132.png,train,n03992509_2132,n03992509
LSEJ_008646,images/n03992509_2178.png,train,n03992509_2178,n03992509
LSEJ_008647,images/n03992509_2240.png,train,n03992509_2240,n03992509
LSEJ_008648,images/n03992509_2314.png,train,n03992509_2314,n03992509
LSEJ_008649,images/n03992509_2476.png,train,n03992509_2476,n03992509
LSEJ_008650,images/n03992509_3028.png,train,n03992509_3028,n03992509
LSEJ_008653,images/n03992509_3506.png,train,n03992509_3506,n03992509
LSEJ_008654,images/n03992509_3513.png,train,n03992509_3513,n03992509
LSEJ_008655,images/n03992509_4253.png,train,n03992509_4253,n03992509
LSEJ_008657,images/n03992509_5028.png,train,n03992509_5028,n03992509
LSEJ_008658,images/n03992509_5315.png,train,n03992509_5315,n03992509
LSEJ_008659,images/n03992509_5416.png,train,n03992509_5416,n03992509
LSEJ_008660,images/n03992509_5745.png,train,n03992509_5745,n03992509
LSEJ_008661,images/n03992509_831.png,train,n03992509_831,n03992509
LSEJ_008662,images/n03992509_8448.png,train,n03992509_8448,n03992509
LSEJ_008663,images/n03992509_8527.png,train,n03992509_8527,n03992509
LSEJ_008664,images/n03992509_8961.png,train,n03992509_8961,n03992509
LSEJ_008665,images/n03992509_8988.png,train,n03992509_8988,n03992509
LSEJ_008667,images/n03992509_9954.png,train,n03992509_9954,n03992509
LSEJ_008668,images/n03995372_2801.png,train,n03995372_2801,n03995372
LSEJ_008669,images/n03995372_6159.png,train,n03995372_6159,n03995372
LSEJ_008672,images/n03998194_2021.png,train,n03998194_2021,n03998194
LSEJ_008673,images/n03998194_2327.png,train,n03998194_2327,n03998194
LSEJ_008674,images/n03998194_2711.png,train,n03998194_2711,n03998194
LSEJ_008675,images/n03998194_3072.png,train,n03998194_3072,n03998194
LSEJ_008676,images/n03998194_4156.png,train,n03998194_4156,n03998194
LSEJ_008678,images/n03998194_6984.png,train,n03998194_6984,n03998194
LSEJ_008679,images/n03998194_7038.png,train,n03998194_7038,n03998194
LSEJ_008680,images/n03998194_7054.png,train,n03998194_7054,n03998194
LSEJ_008681,images/n03998194_7186.png,train,n03998194_7186,n03998194
LSEJ_008682,images/n03998194_7197.png,train,n03998194_7197,n03998194
LSEJ_008684,images/n03998194_8098.png,train,n03998194_8098,n03998194
LSEJ_008685,images/n03998194_8882.png,train,n03998194_8882,n03998194
LSEJ_008687,images/n04004767_1424.png,train,n04004767_1424,n04004767
LSEJ_008688,images/n04004767_16614.png,train,n04004767_16614,n04004767
LSEJ_008690,images/n04004767_207.png,train,n04004767_207,n04004767
LSEJ_008691,images/n04004767_2195.png,train,n04004767_2195,n04004767
LSEJ_008692,images/n04004767_263.png,train,n04004767_263,n04004767
LSEJ_008693,images/n04004767_2699.png,train,n04004767_2699,n04004767
LSEJ_008695,images/n04004767_5103.png,train,n04004767_5103,n04004767
LSEJ_008696,images/n04004767_6731.png,train,n04004767_6731,n04004767
LSEJ_008697,images/n04004767_6915.png,train,n04004767_6915,n04004767
LSEJ_008699,images/n04005630_100101.png,train,n04005630_100101,n04005630
LSEJ_008700,images/n04005630_103020.png,train,n04005630_103020,n04005630
LSEJ_008701,images/n04005630_111958.png,train,n04005630_111958,n04005630
LSEJ_008702,images/n04005630_115345.png,train,n04005630_115345,n04005630
LSEJ_008703,images/n04005630_17908.png,train,n04005630_17908,n04005630
LSEJ_008704,images/n04005630_19562.png,train,n04005630_19562,n04005630
LSEJ_008705,images/n04005630_24549.png,train,n04005630_24549,n04005630
LSEJ_008706,images/n04005630_2466.png,train,n04005630_2466,n04005630
LSEJ_008708,images/n04005630_28528.png,train,n04005630_28528,n04005630
LSEJ_008711,images/n04008634_10194.png,train,n04008634_10194,n04008634
LSEJ_008712,images/n04008634_10960.png,train,n04008634_10960,n04008634
LSEJ_008713,images/n04008634_13173.png,train,n04008634_13173,n04008634
LSEJ_008714,images/n04008634_15007.png,train,n04008634_15007,n04008634
LSEJ_008715,images/n04008634_15090.png,train,n04008634_15090,n04008634
LSEJ_008719,images/n04008634_81.png,train,n04008634_81,n04008634
LSEJ_008720,images/n04008634_8407.png,train,n04008634_8407,n04008634
LSEJ_008721,images/n04009552_149.png,train,n04009552_149,n04009552
LSEJ_008722,images/n04009552_8623.png,train,n04009552_8623,n04009552
LSEJ_008723,images/n04019541_13419.png,train,n04019541_13419,n04019541
LSEJ_008724,images/n04019541_1878.png,train,n04019541_1878,n04019541
LSEJ_008726,images/n04019541_3534.png,train,n04019541_3534,n04019541
LSEJ_008727,images/n04019541_6876.png,train,n04019541_6876,n04019541
LSEJ_008728,images/n04023962_10728.png,train,n04023962_10728,n04023962
LSEJ_008729,images/n04023962_11901.png,train,n04023962_11901,n04023962
LSEJ_008731,images/n04026417_10071.png,train,n04026417_10071,n04026417
LSEJ_008733,images/n04026417_14441.png,train,n04026417_14441,n04026417
LSEJ_008734,images/n04026417_23619.png,train,n04026417_23619,n04026417
LSEJ_008735,images/n04026417_24197.png,train,n04026417_24197,n04026417
LSEJ_008736,images/n04026417_2612.png,train,n04026417_2612,n04026417
LSEJ_008738,images/n04026417_5056.png,train,n04026417_5056,n04026417
LSEJ_008739,images/n04026417_7004.png,train,n04026417_7004,n04026417
LSEJ_008740,images/n04026417_8975.png,train,n04026417_8975,n04026417
LSEJ_008742,images/n04033901_1108.png,train,n04033901_1108,n04033901
LSEJ_008743,images/n04033901_1254.png,train,n04033901_1254,n04033901
LSEJ_008744,images/n04033901_14061.png,train,n04033901_14061,n04033901
LSEJ_008747,images/n04033901_33439.png,train,n04033901_33439,n04033901
LSEJ_008748,images/n04033901_34871.png,train,n04033901_34871,n04033901
LSEJ_008750,images/n04033901_36646.png,train,n04033901_36646,n04033901
LSEJ_008751,images/n04033901_41325.png,train,n04033901_41325,n04033901
LSEJ_008753,images/n04033901_6959.png,train,n04033901_6959,n04033901
LSEJ_008754,images/n04033901_7891.png,train,n04033901_7891,n04033901
LSEJ_008755,images/n04033901_8952.png,train,n04033901_8952,n04033901
LSEJ_008756,images/n04033901_9545.png,train,n04033901_9545,n04033901
LSEJ_008757,images/n04033901_9792.png,train,n04033901_9792,n04033901
LSEJ_008758,images/n04033995_14947.png,train,n04033995_14947,n04033995
LSEJ_008759,images/n04033995_1955.png,train,n04033995_1955,n04033995
LSEJ_008760,images/n04033995_19892.png,train,n04033995_19892,n04033995
LSEJ_008762,images/n04033995_6408.png,train,n04033995_6408,n04033995
LSEJ_008764,images/n04037443_10203.png,train,n04037443_10203,n04037443
LSEJ_008766,images/n04037443_1440.png,train,n04037443_1440,n04037443
LSEJ_008767,images/n04037443_14442.png,train,n04037443_14442,n04037443
LSEJ_008768,images/n04037443_15832.png,train,n04037443_15832,n04037443
LSEJ_008769,images/n04037443_16700.png,train,n04037443_16700,n04037443
LSEJ_008770,images/n04037443_16803.png,train,n04037443_16803,n04037443
LSEJ_008771,images/n04037443_17025.png,train,n04037443_17025,n04037443
LSEJ_008772,images/n04037443_17888.png,train,n04037443_17888,n04037443
LSEJ_008773,images/n04037443_18221.png,train,n04037443_18221,n04037443
LSEJ_008775,images/n04037443_24330.png,train,n04037443_24330,n04037443
LSEJ_008777,images/n04037443_3088.png,train,n04037443_3088,n04037443
LSEJ_008778,images/n04037443_32129.png,train,n04037443_32129,n04037443
LSEJ_008779,images/n04037443_35798.png,train,n04037443_35798,n04037443
LSEJ_008780,images/n04037443_3654.png,train,n04037443_3654,n04037443
LSEJ_008781,images/n04037443_37685.png,train,n04037443_37685,n04037443
LSEJ_008783,images/n04037443_40640.png,train,n04037443_40640,n04037443
LSEJ_008784,images/n04037443_42171.png,train,n04037443_42171,n04037443
LSEJ_008785,images/n04037443_4397.png,train,n04037443_4397,n04037443
LSEJ_008786,images/n04037443_44625.png,train,n04037443_44625,n04037443
LSEJ_008787,images/n04037443_45317.png,train,n04037443_45317,n04037443
LSEJ_008788,images/n04037443_4818.png,train,n04037443_4818,n04037443
LSEJ_008789,images/n04037443_51514.png,train,n04037443_51514,n04037443
LSEJ_008790,images/n04037443_5182.png,train,n04037443_5182,n04037443
LSEJ_008791,images/n04037443_52244.png,train,n04037443_52244,n04037443
LSEJ_008795,images/n04037443_7563.png,train,n04037443_7563,n04037443
LSEJ_008797,images/n04039381_11035.png,train,n04039381_11035,n04039381
LSEJ_008799,images/n04039381_14989.png,train,n04039381_14989,n04039381
LSEJ_008801,images/n04039381_19956.png,train,n04039381_19956,n04039381
LSEJ_008802,images/n04039381_20851.png,train,n04039381_20851,n04039381
LSEJ_008803,images/n04039381_4881.png,train,n04039381_4881,n04039381
LSEJ_008804,images/n04039381_813.png,train,n04039381_813,n04039381
LSEJ_008805,images/n04039381_8402.png,train,n04039381_8402,n04039381
LSEJ_008806,images/n04040759_10361.png,train,n04040759_10361,n04040759
LSEJ_008807,images/n04040759_15097.png,train,n04040759_15097,n04040759
LSEJ_008809,images/n04041544_12814.png,train,n04041544_12814,n04041544
LSEJ_008810,images/n04041544_12856.png,train,n04041544_12856,n04041544
LSEJ_008811,images/n04041544_15070.png,train,n04041544_15070,n04041544
LSEJ_008813,images/n04041544_21538.png,train,n04041544_21538,n04041544
LSEJ_008816,images/n04041544_27981.png,train,n04041544_27981,n04041544
LSEJ_008817,images/n04041544_29456.png,train,n04041544_29456,n04041544
LSEJ_008818,images/n04041544_3596.png,train,n04041544_3596,n04041544
LSEJ_008819,images/n04041544_4475.png,train,n04041544_4475,n04041544
LSEJ_008820,images/n04041544_59160.png,train,n04041544_59160,n04041544
LSEJ_008821,images/n04044716_11477.png,train,n04044716_11477,n04044716
LSEJ_008822,images/n04044716_12225.png,train,n04044716_12225,n04044716
LSEJ_008823,images/n04044716_1298.png,train,n04044716_1298,n04044716
LSEJ_008824,images/n04044716_15990.png,train,n04044716_15990,n04044716
LSEJ_008826,images/n04044716_1745.png,train,n04044716_1745,n04044716
LSEJ_008827,images/n04044716_1933.png,train,n04044716_1933,n04044716
LSEJ_008828,images/n04044716_19490.png,train,n04044716_19490,n04044716
LSEJ_008831,images/n04044716_6005.png,train,n04044716_6005,n04044716
LSEJ_008832,images/n04044716_680.png,train,n04044716_680,n04044716
LSEJ_008834,images/n04044716_8329.png,train,n04044716_8329,n04044716
LSEJ_008835,images/n04044716_8349.png,train,n04044716_8349,n04044716
LSEJ_008836,images/n04044716_909.png,train,n04044716_909,n04044716
LSEJ_008837,images/n04049303_12281.png,train,n04049303_12281,n04049303
LSEJ_008838,images/n04049303_1493.png,train,n04049303_1493,n04049303
LSEJ_008839,images/n04049303_1991.png,train,n04049303_1991,n04049303
LSEJ_008840,images/n04049303_2116.png,train,n04049303_2116,n04049303
LSEJ_008841,images/n04049303_2142.png,train,n04049303_2142,n04049303
LSEJ_008842,images/n04049303_2304.png,train,n04049303_2304,n04049303
LSEJ_008844,images/n04049303_3532.png,train,n04049303_3532,n04049303
LSEJ_008846,images/n04049303_4181.png,train,n04049303_4181,n04049303
LSEJ_008847,images/n04049303_426.png,train,n04049303_426,n04049303
LSEJ_008848,images/n04049303_4722.png,train,n04049303_4722,n04049303
LSEJ_008849,images/n04049303_4899.png,train,n04049303_4899,n04049303
LSEJ_008850,images/n04049303_5049.png,train,n04049303_5049,n04049303
LSEJ_008852,images/n04049303_5282.png,train,n04049303_5282,n04049303
LSEJ_008853,images/n04049303_5433.png,train,n04049303_5433,n04049303
LSEJ_008855,images/n04049303_5579.png,train,n04049303_5579,n04049303
LSEJ_008856,images/n04049303_563.png,train,n04049303_563,n04049303
LSEJ_008859,images/n04049303_7009.png,train,n04049303_7009,n04049303
LSEJ_008860,images/n04049303_823.png,train,n04049303_823,n04049303
LSEJ_008861,images/n04049303_996.png,train,n04049303_996,n04049303
LSEJ_008863,images/n04065272_12600.png,train,n04065272_12600,n04065272
LSEJ_008864,images/n04065272_12677.png,train,n04065272_12677,n04065272
LSEJ_008867,images/n04065272_14821.png,train,n04065272_14821,n04065272
LSEJ_008870,images/n04065272_18156.png,train,n04065272_18156,n04065272
LSEJ_008871,images/n04065272_19644.png,train,n04065272_19644,n04065272
LSEJ_008873,images/n04065272_20029.png,train,n04065272_20029,n04065272
LSEJ_008875,images/n04065272_23165.png,train,n04065272_23165,n04065272
LSEJ_008876,images/n04065272_23631.png,train,n04065272_23631,n04065272
LSEJ_008879,images/n04065272_26049.png,train,n04065272_26049,n04065272
LSEJ_008880,images/n04065272_29031.png,train,n04065272_29031,n04065272
LSEJ_008881,images/n04065272_3100.png,train,n04065272_3100,n04065272
LSEJ_008882,images/n04065272_3306.png,train,n04065272_3306,n04065272
LSEJ_008883,images/n04065272_36482.png,train,n04065272_36482,n04065272
LSEJ_008884,images/n04065272_38857.png,train,n04065272_38857,n04065272
LSEJ_008885,images/n04065272_40818.png,train,n04065272_40818,n04065272
LSEJ_008886,images/n04065272_41164.png,train,n04065272_41164,n04065272
LSEJ_008887,images/n04065272_44005.png,train,n04065272_44005,n04065272
LSEJ_008888,images/n04065272_5381.png,train,n04065272_5381,n04065272
LSEJ_008889,images/n04065272_5430.png,train,n04065272_5430,n04065272
LSEJ_008890,images/n04065272_5487.png,train,n04065272_5487,n04065272
LSEJ_008891,images/n04065272_5972.png,train,n04065272_5972,n04065272
LSEJ_008892,images/n04065272_6205.png,train,n04065272_6205,n04065272
LSEJ_008893,images/n04065272_6241.png,train,n04065272_6241,n04065272
LSEJ_008894,images/n04065272_6774.png,train,n04065272_6774,n04065272
LSEJ_008895,images/n04065272_7631.png,train,n04065272_7631,n04065272
LSEJ_008896,images/n04067472_10408.png,train,n04067472_10408,n04067472
LSEJ_008897,images/n04067472_19477.png,train,n04067472_19477,n04067472
LSEJ_008898,images/n04067472_2618.png,train,n04067472_2618,n04067472
LSEJ_008899,images/n04067472_516.png,train,n04067472_516,n04067472
LSEJ_008902,images/n04069434_1593.png,train,n04069434_1593,n04069434
LSEJ_008904,images/n04069434_6891.png,train,n04069434_6891,n04069434
LSEJ_008905,images/n04069434_8034.png,train,n04069434_8034,n04069434
LSEJ_008906,images/n04069434_8394.png,train,n04069434_8394,n04069434
LSEJ_008907,images/n04070727_13161.png,train,n04070727_13161,n04070727
LSEJ_008908,images/n04074963_10557.png,train,n04074963_10557,n04074963
LSEJ_008910,images/n04074963_13890.png,train,n04074963_13890,n04074963
LSEJ_008912,images/n04074963_38021.png,train,n04074963_38021,n04074963
LSEJ_008913,images/n04074963_39972.png,train,n04074963_39972,n04074963
LSEJ_008914,images/n04074963_40160.png,train,n04074963_40160,n04074963
LSEJ_008915,images/n04074963_7563.png,train,n04074963_7563,n04074963
LSEJ_008916,images/n04074963_7606.png,train,n04074963_7606,n04074963
LSEJ_008917,images/n04081281_1024.png,train,n04081281_1024,n04081281
LSEJ_008919,images/n04081281_20202.png,train,n04081281_20202,n04081281
LSEJ_008921,images/n04081281_26989.png,train,n04081281_26989,n04081281
LSEJ_008922,images/n04081281_4375.png,train,n04081281_4375,n04081281
LSEJ_008923,images/n04081281_48689.png,train,n04081281_48689,n04081281
LSEJ_008925,images/n04081281_57247.png,train,n04081281_57247,n04081281
LSEJ_008926,images/n04081281_764.png,train,n04081281_764,n04081281
LSEJ_008927,images/n04086273_1432.png,train,n04086273_1432,n04086273
LSEJ_008928,images/n04086273_17915.png,train,n04086273_17915,n04086273
LSEJ_008930,images/n04090263_13568.png,train,n04090263_13568,n04090263
LSEJ_008931,images/n04090263_20468.png,train,n04090263_20468,n04090263
LSEJ_008934,images/n04090263_4091.png,train,n04090263_4091,n04090263
LSEJ_008935,images/n04090263_415.png,train,n04090263_415,n04090263
LSEJ_008937,images/n04090263_5363.png,train,n04090263_5363,n04090263
LSEJ_008938,images/n04090263_6476.png,train,n04090263_6476,n04090263
LSEJ_008939,images/n04090263_8051.png,train,n04090263_8051,n04090263
LSEJ_008940,images/n04090263_9188.png,train,n04090263_9188,n04090263
LSEJ_008942,images/n04099969_13996.png,train,n04099969_13996,n04099969
LSEJ_008943,images/n04099969_14958.png,train,n04099969_14958,n04099969
LSEJ_008944,images/n04099969_1625.png,train,n04099969_1625,n04099969
LSEJ_008945,images/n04099969_17360.png,train,n04099969_17360,n04099969
LSEJ_008946,images/n04099969_18220.png,train,n04099969_18220,n04099969
LSEJ_008947,images/n04099969_19035.png,train,n04099969_19035,n04099969
LSEJ_008949,images/n04099969_24856.png,train,n04099969_24856,n04099969
LSEJ_008951,images/n04099969_5674.png,train,n04099969_5674,n04099969
LSEJ_008952,images/n04099969_8918.png,train,n04099969_8918,n04099969
LSEJ_008953,images/n04111531_2086.png,train,n04111531_2086,n04111531
LSEJ_008955,images/n04111531_8009.png,train,n04111531_8009,n04111531
LSEJ_008956,images/n04116512_1542.png,train,n04116512_1542,n04116512
LSEJ_008957,images/n04116512_18545.png,train,n04116512_18545,n04116512
LSEJ_008960,images/n04116512_8643.png,train,n04116512_8643,n04116512
LSEJ_008961,images/n04116512_886.png,train,n04116512_886,n04116512
LSEJ_008963,images/n04118538_1698.png,train,n04118538_1698,n04118538
LSEJ_008964,images/n04118538_5291.png,train,n04118538_5291,n04118538
LSEJ_008965,images/n04118538_705.png,train,n04118538_705,n04118538
LSEJ_008966,images/n04118776_16674.png,train,n04118776_16674,n04118776
LSEJ_008967,images/n04118776_4866.png,train,n04118776_4866,n04118776
LSEJ_008968,images/n04118776_58097.png,train,n04118776_58097,n04118776
LSEJ_008971,images/n04118776_7320.png,train,n04118776_7320,n04118776
LSEJ_008973,images/n04118776_8799.png,train,n04118776_8799,n04118776
LSEJ_008974,images/n04118776_9153.png,train,n04118776_9153,n04118776
LSEJ_008975,images/n04118776_9240.png,train,n04118776_9240,n04118776
LSEJ_008976,images/n04120489_1188.png,train,n04120489_1188,n04120489
LSEJ_008977,images/n04120489_15272.png,train,n04120489_15272,n04120489
LSEJ_008978,images/n04120489_4433.png,train,n04120489_4433,n04120489
LSEJ_008980,images/n04125021_1122.png,train,n04125021_1122,n04125021
LSEJ_008981,images/n04125021_11400.png,train,n04125021_11400,n04125021
LSEJ_008982,images/n04125021_1259.png,train,n04125021_1259,n04125021
LSEJ_008984,images/n04125021_605.png,train,n04125021_605,n04125021
LSEJ_008986,images/n04127249_6651.png,train,n04127249_6651,n04127249
LSEJ_008987,images/n04127249_6673.png,train,n04127249_6673,n04127249
LSEJ_008989,images/n04131690_4558.png,train,n04131690_4558,n04131690
LSEJ_008990,images/n04131690_5377.png,train,n04131690_5377,n04131690
LSEJ_008991,images/n04133789_1104.png,train,n04133789_1104,n04133789
LSEJ_008992,images/n04133789_1417.png,train,n04133789_1417,n04133789
LSEJ_008993,images/n04133789_5406.png,train,n04133789_5406,n04133789
LSEJ_008995,images/n04136333_10989.png,train,n04136333_10989,n04136333
LSEJ_008996,images/n04136333_1344.png,train,n04136333_1344,n04136333
LSEJ_008997,images/n04136333_16742.png,train,n04136333_16742,n04136333
LSEJ_008998,images/n04136333_1784.png,train,n04136333_1784,n04136333
LSEJ_008999,images/n04136333_18988.png,train,n04136333_18988,n04136333
LSEJ_009000,images/n04136333_22557.png,train,n04136333_22557,n04136333
LSEJ_009001,images/n04136333_23765.png,train,n04136333_23765,n04136333
LSEJ_009002,images/n04136333_24018.png,train,n04136333_24018,n04136333
LSEJ_009003,images/n04136333_25102.png,train,n04136333_25102,n04136333
LSEJ_009004,images/n04136333_3250.png,train,n04136333_3250,n04136333
LSEJ_009006,images/n04136333_4075.png,train,n04136333_4075,n04136333
LSEJ_009010,images/n04141076_10181.png,train,n04141076_10181,n04141076
LSEJ_009011,images/n04141076_10791.png,train,n04141076_10791,n04141076
LSEJ_009012,images/n04141076_11624.png,train,n04141076_11624,n04141076
LSEJ_009014,images/n04141076_11762.png,train,n04141076_11762,n04141076
LSEJ_009016,images/n04141076_11899.png,train,n04141076_11899,n04141076
LSEJ_009017,images/n04141076_13778.png,train,n04141076_13778,n04141076
LSEJ_009019,images/n04141076_14408.png,train,n04141076_14408,n04141076
LSEJ_009020,images/n04141076_1502.png,train,n04141076_1502,n04141076
LSEJ_009021,images/n04141076_15451.png,train,n04141076_15451,n04141076
LSEJ_009022,images/n04141076_15892.png,train,n04141076_15892,n04141076
LSEJ_009023,images/n04141076_17901.png,train,n04141076_17901,n04141076
LSEJ_009024,images/n04141076_19917.png,train,n04141076_19917,n04141076
LSEJ_009025,images/n04141076_20437.png,train,n04141076_20437,n04141076
LSEJ_009027,images/n04141076_25829.png,train,n04141076_25829,n04141076
LSEJ_009028,images/n04141076_26323.png,train,n04141076_26323,n04141076
LSEJ_009029,images/n04141076_4265.png,train,n04141076_4265,n04141076
LSEJ_009030,images/n04141076_52457.png,train,n04141076_52457,n04141076
LSEJ_009031,images/n04141076_55262.png,train,n04141076_55262,n04141076
LSEJ_009033,images/n04141076_62957.png,train,n04141076_62957,n04141076
LSEJ_009034,images/n04141076_63065.png,train,n04141076_63065,n04141076
LSEJ_009035,images/n04141076_63180.png,train,n04141076_63180,n04141076
LSEJ_009037,images/n04141076_66804.png,train,n04141076_66804,n04141076
LSEJ_009039,images/n04141327_16255.png,train,n04141327_16255,n04141327
LSEJ_009040,images/n04141327_1836.png,train,n04141327_1836,n04141327
LSEJ_009041,images/n04141327_2079.png,train,n04141327_2079,n04141327
LSEJ_009043,images/n04141327_3065.png,train,n04141327_3065,n04141327
LSEJ_009045,images/n04141327_3680.png,train,n04141327_3680,n04141327
LSEJ_009048,images/n04141327_4312.png,train,n04141327_4312,n04141327
LSEJ_009049,images/n04141327_5374.png,train,n04141327_5374,n04141327
LSEJ_009051,images/n04141327_6197.png,train,n04141327_6197,n04141327
LSEJ_009052,images/n04141327_6865.png,train,n04141327_6865,n04141327
LSEJ_009053,images/n04141327_6921.png,train,n04141327_6921,n04141327
LSEJ_009054,images/n04141327_6986.png,train,n04141327_6986,n04141327
LSEJ_009055,images/n04141327_8885.png,train,n04141327_8885,n04141327
LSEJ_009056,images/n04141327_9411.png,train,n04141327_9411,n04141327
LSEJ_009057,images/n04141975_1031.png,train,n04141975_1031,n04141975
LSEJ_009060,images/n04141975_14119.png,train,n04141975_14119,n04141975
LSEJ_009061,images/n04141975_163.png,train,n04141975_163,n04141975
LSEJ_009062,images/n04141975_24993.png,train,n04141975_24993,n04141975
LSEJ_009063,images/n04146614_1253.png,train,n04146614_1253,n04146614
LSEJ_009064,images/n04146614_12767.png,train,n04146614_12767,n04146614
LSEJ_009066,images/n04146614_4729.png,train,n04146614_4729,n04146614
LSEJ_009067,images/n04146614_5867.png,train,n04146614_5867,n04146614
LSEJ_009068,images/n04146614_6375.png,train,n04146614_6375,n04146614
LSEJ_009070,images/n04146614_7292.png,train,n04146614_7292,n04146614
LSEJ_009072,images/n04146614_9587.png,train,n04146614_9587,n04146614
LSEJ_009073,images/n04147183_17716.png,train,n04147183_17716,n04147183
LSEJ_009074,images/n04147183_19647.png,train,n04147183_19647,n04147183
LSEJ_009076,images/n04147183_20278.png,train,n04147183_20278,n04147183
LSEJ_009077,images/n04147183_21934.png,train,n04147183_21934,n04147183
LSEJ_009078,images/n04147183_22673.png,train,n04147183_22673,n04147183
LSEJ_009080,images/n04147183_26355.png,train,n04147183_26355,n04147183
LSEJ_009082,images/n04147183_30173.png,train,n04147183_30173,n04147183
LSEJ_009083,images/n04147183_33720.png,train,n04147183_33720,n04147183
LSEJ_009085,images/n04147183_375.png,train,n04147183_375,n04147183
LSEJ_009086,images/n04147183_38485.png,train,n04147183_38485,n04147183
LSEJ_009088,images/n04147183_4423.png,train,n04147183_4423,n04147183
LSEJ_009089,images/n04147183_5561.png,train,n04147183_5561,n04147183
LSEJ_009090,images/n04147183_7084.png,train,n04147183_7084,n04147183
LSEJ_009091,images/n04147183_8359.png,train,n04147183_8359,n04147183
LSEJ_009093,images/n04149813_1981.png,train,n04149813_1981,n04149813
LSEJ_009094,images/n04149813_2903.png,train,n04149813_2903,n04149813
LSEJ_009095,images/n04149813_3008.png,train,n04149813_3008,n04149813
LSEJ_009096,images/n04149813_3440.png,train,n04149813_3440,n04149813
LSEJ_009097,images/n04149813_3576.png,train,n04149813_3576,n04149813
LSEJ_009098,images/n04149813_3997.png,train,n04149813_3997,n04149813
LSEJ_009099,images/n04149813_4427.png,train,n04149813_4427,n04149813
LSEJ_009100,images/n04149813_5139.png,train,n04149813_5139,n04149813
LSEJ_009101,images/n04149813_5346.png,train,n04149813_5346,n04149813
LSEJ_009102,images/n04149813_5461.png,train,n04149813_5461,n04149813
LSEJ_009103,images/n04149813_5565.png,train,n04149813_5565,n04149813
LSEJ_009104,images/n04149813_5848.png,train,n04149813_5848,n04149813
LSEJ_009109,images/n04149813_668.png,train,n04149813_668,n04149813
LSEJ_009110,images/n04149813_7893.png,train,n04149813_7893,n04149813
LSEJ_009111,images/n04149813_8197.png,train,n04149813_8197,n04149813
LSEJ_009112,images/n04149813_8382.png,train,n04149813_8382,n04149813
LSEJ_009113,images/n04149813_84.png,train,n04149813_84,n04149813
LSEJ_009115,images/n04149813_9217.png,train,n04149813_9217,n04149813
LSEJ_009116,images/n04149813_9537.png,train,n04149813_9537,n04149813
LSEJ_009117,images/n04152593_13170.png,train,n04152593_13170,n04152593
LSEJ_009118,images/n04152593_1324.png,train,n04152593_1324,n04152593
LSEJ_009120,images/n04152593_5047.png,train,n04152593_5047,n04152593
LSEJ_009121,images/n04152593_5763.png,train,n04152593_5763,n04152593
LSEJ_009122,images/n04152593_6136.png,train,n04152593_6136,n04152593
LSEJ_009124,images/n04152593_8111.png,train,n04152593_8111,n04152593
LSEJ_009125,images/n04152593_8678.png,train,n04152593_8678,n04152593
LSEJ_009127,images/n04153751_10133.png,train,n04153751_10133,n04153751
LSEJ_009128,images/n04153751_10737.png,train,n04153751_10737,n04153751
LSEJ_009129,images/n04153751_11282.png,train,n04153751_11282,n04153751
LSEJ_009131,images/n04153751_15559.png,train,n04153751_15559,n04153751
LSEJ_009132,images/n04153751_5030.png,train,n04153751_5030,n04153751
LSEJ_009133,images/n04153751_6195.png,train,n04153751_6195,n04153751
LSEJ_009135,images/n04153751_9630.png,train,n04153751_9630,n04153751
LSEJ_009137,images/n04154565_10498.png,train,n04154565_10498,n04154565
LSEJ_009139,images/n04154565_13663.png,train,n04154565_13663,n04154565
LSEJ_009140,images/n04154565_17410.png,train,n04154565_17410,n04154565
LSEJ_009141,images/n04154565_4496.png,train,n04154565_4496,n04154565
LSEJ_009142,images/n04162706_13792.png,train,n04162706_13792,n04162706
LSEJ_009143,images/n04162706_15528.png,train,n04162706_15528,n04162706
LSEJ_009144,images/n04162706_20723.png,train,n04162706_20723,n04162706
LSEJ_009146,images/n04162706_36809.png,train,n04162706_36809,n04162706
LSEJ_009147,images/n04162706_4305.png,train,n04162706_4305,n04162706
LSEJ_009149,images/n04162706_45387.png,train,n04162706_45387,n04162706
LSEJ_009151,images/n04162706_47898.png,train,n04162706_47898,n04162706
LSEJ_009153,images/n04179913_10347.png,train,n04179913_10347,n04179913
LSEJ_009154,images/n04179913_10572.png,train,n04179913_10572,n04179913
LSEJ_009155,images/n04179913_1278.png,train,n04179913_1278,n04179913
LSEJ_009156,images/n04179913_2240.png,train,n04179913_2240,n04179913
LSEJ_009158,images/n04179913_5101.png,train,n04179913_5101,n04179913
LSEJ_009159,images/n04179913_8297.png,train,n04179913_8297,n04179913
LSEJ_009160,images/n04179913_9697.png,train,n04179913_9697,n04179913
LSEJ_009161,images/n04192698_11951.png,train,n04192698_11951,n04192698
LSEJ_009162,images/n04192698_26355.png,train,n04192698_26355,n04192698
LSEJ_009164,images/n04192698_29861.png,train,n04192698_29861,n04192698
LSEJ_009165,images/n04192698_52980.png,train,n04192698_52980,n04192698
LSEJ_009166,images/n04192698_5565.png,train,n04192698_5565,n04192698
LSEJ_009168,images/n04192698_6738.png,train,n04192698_6738,n04192698
LSEJ_009169,images/n04200800_13519.png,train,n04200800_13519,n04200800
LSEJ_009170,images/n04200800_13824.png,train,n04200800_13824,n04200800
LSEJ_009171,images/n04200800_16352.png,train,n04200800_16352,n04200800
LSEJ_009172,images/n04200800_16978.png,train,n04200800_16978,n04200800
LSEJ_009173,images/n04200800_17398.png,train,n04200800_17398,n04200800
LSEJ_009175,images/n04200800_1930.png,train,n04200800_1930,n04200800
LSEJ_009176,images/n04200800_19622.png,train,n04200800_19622,n04200800
LSEJ_009178,images/n04200800_2887.png,train,n04200800_2887,n04200800
LSEJ_009179,images/n04200800_30529.png,train,n04200800_30529,n04200800
LSEJ_009180,images/n04200800_3377.png,train,n04200800_3377,n04200800
LSEJ_009181,images/n04200800_3652.png,train,n04200800_3652,n04200800
LSEJ_009182,images/n04200800_3691.png,train,n04200800_3691,n04200800
LSEJ_009183,images/n04200800_592.png,train,n04200800_592,n04200800
LSEJ_009185,images/n04200800_7637.png,train,n04200800_7637,n04200800
LSEJ_009186,images/n04200800_771.png,train,n04200800_771,n04200800
LSEJ_009189,images/n04201297_1420.png,train,n04201297_1420,n04201297
LSEJ_009190,images/n04201297_3621.png,train,n04201297_3621,n04201297
LSEJ_009191,images/n04201297_4042.png,train,n04201297_4042,n04201297
LSEJ_009192,images/n04201297_4059.png,train,n04201297_4059,n04201297
LSEJ_009194,images/n04201297_4380.png,train,n04201297_4380,n04201297
LSEJ_009195,images/n04201297_6129.png,train,n04201297_6129,n04201297
LSEJ_009197,images/n04201297_6844.png,train,n04201297_6844,n04201297
LSEJ_009198,images/n04201297_7036.png,train,n04201297_7036,n04201297
LSEJ_009199,images/n04201297_770.png,train,n04201297_770,n04201297
LSEJ_009201,images/n04201297_925.png,train,n04201297_925,n04201297
LSEJ_009202,images/n04201297_930.png,train,n04201297_930,n04201297
LSEJ_009203,images/n04204238_1093.png,train,n04204238_1093,n04204238
LSEJ_009205,images/n04204238_1673.png,train,n04204238_1673,n04204238
LSEJ_009206,images/n04204238_1807.png,train,n04204238_1807,n04204238
LSEJ_009208,images/n04204238_1929.png,train,n04204238_1929,n04204238
LSEJ_009209,images/n04204238_2547.png,train,n04204238_2547,n04204238
LSEJ_009210,images/n04204238_2633.png,train,n04204238_2633,n04204238
LSEJ_009211,images/n04204238_3873.png,train,n04204238_3873,n04204238
LSEJ_009212,images/n04204238_476.png,train,n04204238_476,n04204238
LSEJ_009214,images/n04204238_5551.png,train,n04204238_5551,n04204238
LSEJ_009215,images/n04204238_5949.png,train,n04204238_5949,n04204238
LSEJ_009216,images/n04204238_6502.png,train,n04204238_6502,n04204238
LSEJ_009219,images/n04204238_7223.png,train,n04204238_7223,n04204238
LSEJ_009220,images/n04204238_7418.png,train,n04204238_7418,n04204238
LSEJ_009221,images/n04204238_7648.png,train,n04204238_7648,n04204238
LSEJ_009222,images/n04204238_8366.png,train,n04204238_8366,n04204238
LSEJ_009224,images/n04204347_112.png,train,n04204347_112,n04204347
LSEJ_009225,images/n04204347_12853.png,train,n04204347_12853,n04204347
LSEJ_009226,images/n04204347_3887.png,train,n04204347_3887,n04204347
LSEJ_009227,images/n04208210_28784.png,train,n04208210_28784,n04208210
LSEJ_009228,images/n04209133_10187.png,train,n04209133_10187,n04209133
LSEJ_009229,images/n04209133_10321.png,train,n04209133_10321,n04209133
LSEJ_009230,images/n04209133_10332.png,train,n04209133_10332,n04209133
LSEJ_009231,images/n04209133_10606.png,train,n04209133_10606,n04209133
LSEJ_009232,images/n04209133_10672.png,train,n04209133_10672,n04209133
LSEJ_009234,images/n04209133_10825.png,train,n04209133_10825,n04209133
LSEJ_009236,images/n04209133_11255.png,train,n04209133_11255,n04209133
LSEJ_009238,images/n04209133_12338.png,train,n04209133_12338,n04209133
LSEJ_009240,images/n04209133_12714.png,train,n04209133_12714,n04209133
LSEJ_009242,images/n04209133_13214.png,train,n04209133_13214,n04209133
LSEJ_009243,images/n04209133_1371.png,train,n04209133_1371,n04209133
LSEJ_009244,images/n04209133_1939.png,train,n04209133_1939,n04209133
LSEJ_009245,images/n04209133_1942.png,train,n04209133_1942,n04209133
LSEJ_009247,images/n04209133_2013.png,train,n04209133_2013,n04209133
LSEJ_009248,images/n04209133_2570.png,train,n04209133_2570,n04209133
LSEJ_009249,images/n04209133_2670.png,train,n04209133_2670,n04209133
LSEJ_009251,images/n04209133_2878.png,train,n04209133_2878,n04209133
LSEJ_009252,images/n04209133_323.png,train,n04209133_323,n04209133
LSEJ_009253,images/n04209133_3236.png,train,n04209133_3236,n04209133
LSEJ_009254,images/n04209133_3267.png,train,n04209133_3267,n04209133
LSEJ_009255,images/n04209133_3393.png,train,n04209133_3393,n04209133
LSEJ_009256,images/n04209133_3499.png,train,n04209133_3499,n04209133
LSEJ_009258,images/n04209133_4590.png,train,n04209133_4590,n04209133
LSEJ_009260,images/n04209133_5013.png,train,n04209133_5013,n04209133
LSEJ_009261,images/n04209133_5206.png,train,n04209133_5206,n04209133
LSEJ_009262,images/n04209133_5468.png,train,n04209133_5468,n04209133
LSEJ_009264,images/n04209133_6217.png,train,n04209133_6217,n04209133
LSEJ_009265,images/n04209133_6322.png,train,n04209133_6322,n04209133
LSEJ_009266,images/n04209133_633.png,train,n04209133_633,n04209133
LSEJ_009267,images/n04209133_6932.png,train,n04209133_6932,n04209133
LSEJ_009268,images/n04209133_7186.png,train,n04209133_7186,n04209133
LSEJ_009269,images/n04209133_7425.png,train,n04209133_7425,n04209133
LSEJ_009270,images/n04209133_7510.png,train,n04209133_7510,n04209133
LSEJ_009271,images/n04209133_755.png,train,n04209133_755,n04209133
LSEJ_009272,images/n04209133_7618.png,train,n04209133_7618,n04209133
LSEJ_009275,images/n04209133_8694.png,train,n04209133_8694,n04209133
LSEJ_009277,images/n04209133_8877.png,train,n04209133_8877,n04209133
LSEJ_009278,images/n04209133_9239.png,train,n04209133_9239,n04209133
LSEJ_009280,images/n04209133_9568.png,train,n04209133_9568,n04209133
LSEJ_009281,images/n04209133_9598.png,train,n04209133_9598,n04209133
LSEJ_009282,images/n04209239_14.png,train,n04209239_14,n04209239
LSEJ_009283,images/n04209239_1530.png,train,n04209239_1530,n04209239
LSEJ_009284,images/n04209239_1921.png,train,n04209239_1921,n04209239
LSEJ_009285,images/n04209239_3449.png,train,n04209239_3449,n04209239
LSEJ_009286,images/n04209239_3585.png,train,n04209239_3585,n04209239
LSEJ_009288,images/n04209239_94.png,train,n04209239_94,n04209239
LSEJ_009290,images/n04228054_1033.png,train,n04228054_1033,n04228054
LSEJ_009291,images/n04228054_10839.png,train,n04228054_10839,n04228054
LSEJ_009292,images/n04228054_11595.png,train,n04228054_11595,n04228054
LSEJ_009293,images/n04228054_11703.png,train,n04228054_11703,n04228054
LSEJ_009295,images/n04228054_257.png,train,n04228054_257,n04228054
LSEJ_009296,images/n04228054_3307.png,train,n04228054_3307,n04228054
LSEJ_009297,images/n04228054_5200.png,train,n04228054_5200,n04228054
LSEJ_009298,images/n04228054_6139.png,train,n04228054_6139,n04228054
LSEJ_009299,images/n04228054_6271.png,train,n04228054_6271,n04228054
LSEJ_009301,images/n04228054_7134.png,train,n04228054_7134,n04228054
LSEJ_009303,images/n04228054_9739.png,train,n04228054_9739,n04228054
LSEJ_009305,images/n04229816_13097.png,train,n04229816_13097,n04229816
LSEJ_009306,images/n04229816_5395.png,train,n04229816_5395,n04229816
LSEJ_009307,images/n04229816_7103.png,train,n04229816_7103,n04229816
LSEJ_009308,images/n04235860_2474.png,train,n04235860_2474,n04235860
LSEJ_009309,images/n04235860_3103.png,train,n04235860_3103,n04235860
LSEJ_009312,images/n04235860_3467.png,train,n04235860_3467,n04235860
LSEJ_009313,images/n04235860_566.png,train,n04235860_566,n04235860
LSEJ_009314,images/n04235860_819.png,train,n04235860_819,n04235860
LSEJ_009315,images/n04235860_9599.png,train,n04235860_9599,n04235860
LSEJ_009316,images/n04238763_1250.png,train,n04238763_1250,n04238763
LSEJ_009317,images/n04238763_1313.png,train,n04238763_1313,n04238763
LSEJ_009318,images/n04238763_1349.png,train,n04238763_1349,n04238763
LSEJ_009319,images/n04238763_14742.png,train,n04238763_14742,n04238763
LSEJ_009321,images/n04238763_21679.png,train,n04238763_21679,n04238763
LSEJ_009322,images/n04238763_22502.png,train,n04238763_22502,n04238763
LSEJ_009323,images/n04238763_229.png,train,n04238763_229,n04238763
LSEJ_009324,images/n04238763_2309.png,train,n04238763_2309,n04238763
LSEJ_009326,images/n04238763_23586.png,train,n04238763_23586,n04238763
LSEJ_009327,images/n04238763_2541.png,train,n04238763_2541,n04238763
LSEJ_009328,images/n04238763_26545.png,train,n04238763_26545,n04238763
LSEJ_009329,images/n04238763_2716.png,train,n04238763_2716,n04238763
LSEJ_009330,images/n04238763_2925.png,train,n04238763_2925,n04238763
LSEJ_009331,images/n04238763_3478.png,train,n04238763_3478,n04238763
LSEJ_009332,images/n04238763_397.png,train,n04238763_397,n04238763
LSEJ_009333,images/n04238763_4315.png,train,n04238763_4315,n04238763
LSEJ_009334,images/n04238763_4658.png,train,n04238763_4658,n04238763
LSEJ_009336,images/n04238763_5168.png,train,n04238763_5168,n04238763
LSEJ_009338,images/n04238763_5385.png,train,n04238763_5385,n04238763
LSEJ_009340,images/n04238763_5753.png,train,n04238763_5753,n04238763
LSEJ_009342,images/n04238763_6434.png,train,n04238763_6434,n04238763
LSEJ_009344,images/n04238763_7509.png,train,n04238763_7509,n04238763
LSEJ_009345,images/n04238763_8141.png,train,n04238763_8141,n04238763
LSEJ_009346,images/n04238763_8826.png,train,n04238763_8826,n04238763
LSEJ_009348,images/n04238763_9860.png,train,n04238763_9860,n04238763
LSEJ_009349,images/n04239074_11234.png,train,n04239074_11234,n04239074
LSEJ_009350,images/n04239074_12360.png,train,n04239074_12360,n04239074
LSEJ_009351,images/n04239074_2571.png,train,n04239074_2571,n04239074
LSEJ_009353,images/n04239074_4933.png,train,n04239074_4933,n04239074
LSEJ_009354,images/n04243546_11269.png,train,n04243546_11269,n04243546
LSEJ_009355,images/n04243546_152.png,train,n04243546_152,n04243546
LSEJ_009357,images/n04243546_2369.png,train,n04243546_2369,n04243546
LSEJ_009358,images/n04243546_23911.png,train,n04243546_23911,n04243546
LSEJ_009359,images/n04243546_27828.png,train,n04243546_27828,n04243546
LSEJ_009360,images/n04243546_28798.png,train,n04243546_28798,n04243546
LSEJ_009361,images/n04243546_3309.png,train,n04243546_3309,n04243546
LSEJ_009362,images/n04243546_3722.png,train,n04243546_3722,n04243546
LSEJ_009364,images/n04243546_4053.png,train,n04243546_4053,n04243546
LSEJ_009365,images/n04243546_4216.png,train,n04243546_4216,n04243546
LSEJ_009366,images/n04243546_4721.png,train,n04243546_4721,n04243546
LSEJ_009367,images/n04243546_4921.png,train,n04243546_4921,n04243546
LSEJ_009371,images/n04243546_7243.png,train,n04243546_7243,n04243546
LSEJ_009372,images/n04243546_7394.png,train,n04243546_7394,n04243546
LSEJ_009373,images/n04243546_7928.png,train,n04243546_7928,n04243546
LSEJ_009375,images/n04243546_9303.png,train,n04243546_9303,n04243546
LSEJ_009378,images/n04251144_16049.png,train,n04251144_16049,n04251144
LSEJ_009379,images/n04251144_19893.png,train,n04251144_19893,n04251144
LSEJ_009380,images/n04251144_21774.png,train,n04251144_21774,n04251144
LSEJ_009381,images/n04251144_25861.png,train,n04251144_25861,n04251144
LSEJ_009382,images/n04251144_5980.png,train,n04251144_5980,n04251144
LSEJ_009383,images/n04251144_6156.png,train,n04251144_6156,n04251144
LSEJ_009385,images/n04251144_9833.png,train,n04251144_9833,n04251144
LSEJ_009386,images/n04252077_11710.png,train,n04252077_11710,n04252077
LSEJ_009388,images/n04252077_15427.png,train,n04252077_15427,n04252077
LSEJ_009389,images/n04252077_15739.png,train,n04252077_15739,n04252077
LSEJ_009391,images/n04252077_2192.png,train,n04252077_2192,n04252077
LSEJ_009392,images/n04252077_2291.png,train,n04252077_2291,n04252077
LSEJ_009393,images/n04252077_4068.png,train,n04252077_4068,n04252077
LSEJ_009394,images/n04252077_4581.png,train,n04252077_4581,n04252077
LSEJ_009396,images/n04252077_551.png,train,n04252077_551,n04252077
LSEJ_009398,images/n04252077_6718.png,train,n04252077_6718,n04252077
LSEJ_009399,images/n04252077_7477.png,train,n04252077_7477,n04252077
LSEJ_009400,images/n04252077_7572.png,train,n04252077_7572,n04252077
LSEJ_009401,images/n04252077_8101.png,train,n04252077_8101,n04252077
LSEJ_009402,images/n04252225_11781.png,train,n04252225_11781,n04252225
LSEJ_009403,images/n04252225_1501.png,train,n04252225_1501,n04252225
LSEJ_009404,images/n04252225_15470.png,train,n04252225_15470,n04252225
LSEJ_009405,images/n04252225_18837.png,train,n04252225_18837,n04252225
LSEJ_009408,images/n04252225_5024.png,train,n04252225_5024,n04252225
LSEJ_009410,images/n04252225_6024.png,train,n04252225_6024,n04252225
LSEJ_009411,images/n04252225_7941.png,train,n04252225_7941,n04252225
LSEJ_009412,images/n04252225_8583.png,train,n04252225_8583,n04252225
LSEJ_009413,images/n04254120_641.png,train,n04254120_641,n04254120
LSEJ_009414,images/n04254120_839.png,train,n04254120_839,n04254120
LSEJ_009415,images/n04254680_11365.png,train,n04254680_11365,n04254680
LSEJ_009416,images/n04254680_2376.png,train,n04254680_2376,n04254680
LSEJ_009418,images/n04254777_2195.png,train,n04254777_2195,n04254777
LSEJ_009419,images/n04254777_6051.png,train,n04254777_6051,n04254777
LSEJ_009422,images/n04258138_11823.png,train,n04258138_11823,n04258138
LSEJ_009423,images/n04258138_1258.png,train,n04258138_1258,n04258138
LSEJ_009424,images/n04258138_12889.png,train,n04258138_12889,n04258138
LSEJ_009425,images/n04258138_13759.png,train,n04258138_13759,n04258138
LSEJ_009426,images/n04258138_1578.png,train,n04258138_1578,n04258138
LSEJ_009428,images/n04258138_16232.png,train,n04258138_16232,n04258138
LSEJ_009429,images/n04258138_1668.png,train,n04258138_1668,n04258138
LSEJ_009431,images/n04258138_17088.png,train,n04258138_17088,n04258138
LSEJ_009432,images/n04258138_1763.png,train,n04258138_1763,n04258138
LSEJ_009433,images/n04258138_1804.png,train,n04258138_1804,n04258138
LSEJ_009434,images/n04258138_18258.png,train,n04258138_18258,n04258138
LSEJ_009435,images/n04258138_18450.png,train,n04258138_18450,n04258138
LSEJ_009436,images/n04258138_19462.png,train,n04258138_19462,n04258138
LSEJ_009437,images/n04258138_19687.png,train,n04258138_19687,n04258138
LSEJ_009438,images/n04258138_19814.png,train,n04258138_19814,n04258138
LSEJ_009439,images/n04258138_2843.png,train,n04258138_2843,n04258138
LSEJ_009440,images/n04258138_3349.png,train,n04258138_3349,n04258138
LSEJ_009441,images/n04258138_3858.png,train,n04258138_3858,n04258138
LSEJ_009442,images/n04258138_4294.png,train,n04258138_4294,n04258138
LSEJ_009443,images/n04258138_4416.png,train,n04258138_4416,n04258138
LSEJ_009444,images/n04258138_4659.png,train,n04258138_4659,n04258138
LSEJ_009446,images/n04258138_4947.png,train,n04258138_4947,n04258138
LSEJ_009448,images/n04258138_5296.png,train,n04258138_5296,n04258138
LSEJ_009451,images/n04258138_6092.png,train,n04258138_6092,n04258138
LSEJ_009452,images/n04258138_6205.png,train,n04258138_6205,n04258138
LSEJ_009453,images/n04258138_6213.png,train,n04258138_6213,n04258138
LSEJ_009455,images/n04258138_6618.png,train,n04258138_6618,n04258138
LSEJ_009456,images/n04258138_6637.png,train,n04258138_6637,n04258138
LSEJ_009457,images/n04258138_6673.png,train,n04258138_6673,n04258138
LSEJ_009458,images/n04258138_6798.png,train,n04258138_6798,n04258138
LSEJ_009461,images/n04258138_893.png,train,n04258138_893,n04258138
LSEJ_009462,images/n04258138_9239.png,train,n04258138_9239,n04258138
LSEJ_009463,images/n04258138_958.png,train,n04258138_958,n04258138
LSEJ_009465,images/n04259630_12475.png,train,n04259630_12475,n04259630
LSEJ_009466,images/n04259630_13773.png,train,n04259630_13773,n04259630
LSEJ_009467,images/n04259630_1471.png,train,n04259630_1471,n04259630
LSEJ_009469,images/n04259630_15142.png,train,n04259630_15142,n04259630
LSEJ_009470,images/n04259630_15622.png,train,n04259630_15622,n04259630
LSEJ_009471,images/n04259630_16454.png,train,n04259630_16454,n04259630
LSEJ_009472,images/n04259630_21836.png,train,n04259630_21836,n04259630
LSEJ_009473,images/n04259630_21843.png,train,n04259630_21843,n04259630
LSEJ_009474,images/n04259630_3389.png,train,n04259630_3389,n04259630
LSEJ_009475,images/n04259630_4019.png,train,n04259630_4019,n04259630
LSEJ_009476,images/n04259630_4573.png,train,n04259630_4573,n04259630
LSEJ_009480,images/n04259630_6722.png,train,n04259630_6722,n04259630
LSEJ_009481,images/n04259630_7564.png,train,n04259630_7564,n04259630
LSEJ_009482,images/n04259630_8731.png,train,n04259630_8731,n04259630
LSEJ_009483,images/n04259630_9161.png,train,n04259630_9161,n04259630
LSEJ_009484,images/n04259630_9669.png,train,n04259630_9669,n04259630
LSEJ_009485,images/n04264628_1854.png,train,n04264628_1854,n04264628
LSEJ_009486,images/n04264628_1991.png,train,n04264628_1991,n04264628
LSEJ_009487,images/n04264628_2495.png,train,n04264628_2495,n04264628
LSEJ_009490,images/n04264628_999.png,train,n04264628_999,n04264628
LSEJ_009491,images/n04265275_1096.png,train,n04265275_1096,n04265275
LSEJ_009492,images/n04265275_1641.png,train,n04265275_1641,n04265275
LSEJ_009493,images/n04265275_1786.png,train,n04265275_1786,n04265275
LSEJ_009495,images/n04265275_2296.png,train,n04265275_2296,n04265275
LSEJ_009496,images/n04265275_2776.png,train,n04265275_2776,n04265275
LSEJ_009498,images/n04265275_2955.png,train,n04265275_2955,n04265275
LSEJ_009499,images/n04265275_2964.png,train,n04265275_2964,n04265275
LSEJ_009500,images/n04265275_3385.png,train,n04265275_3385,n04265275
LSEJ_009501,images/n04265275_3441.png,train,n04265275_3441,n04265275
LSEJ_009502,images/n04265275_506.png,train,n04265275_506,n04265275
LSEJ_009503,images/n04265275_64.png,train,n04265275_64,n04265275
LSEJ_009505,images/n04265275_730.png,train,n04265275_730,n04265275
LSEJ_009507,images/n04265275_948.png,train,n04265275_948,n04265275
LSEJ_009509,images/n04266014_1289.png,train,n04266014_1289,n04266014
LSEJ_009510,images/n04266014_1638.png,train,n04266014_1638,n04266014
LSEJ_009512,images/n04266014_2902.png,train,n04266014_2902,n04266014
LSEJ_009513,images/n04266014_3335.png,train,n04266014_3335,n04266014
LSEJ_009514,images/n04266014_4083.png,train,n04266014_4083,n04266014
LSEJ_009515,images/n04266014_5663.png,train,n04266014_5663,n04266014
LSEJ_009517,images/n04266014_6097.png,train,n04266014_6097,n04266014
LSEJ_009518,images/n04266014_6134.png,train,n04266014_6134,n04266014
LSEJ_009520,images/n04266014_6986.png,train,n04266014_6986,n04266014
LSEJ_009521,images/n04266014_7133.png,train,n04266014_7133,n04266014
LSEJ_009522,images/n04266014_7935.png,train,n04266014_7935,n04266014
LSEJ_009523,images/n04273569_13211.png,train,n04273569_13211,n04273569
LSEJ_009524,images/n04273569_1722.png,train,n04273569_1722,n04273569
LSEJ_009525,images/n04273569_2667.png,train,n04273569_2667,n04273569
LSEJ_009527,images/n04273569_531.png,train,n04273569_531,n04273569
LSEJ_009529,images/n04273569_8007.png,train,n04273569_8007,n04273569
LSEJ_009530,images/n04273569_9708.png,train,n04273569_9708,n04273569
LSEJ_009531,images/n04275548_14754.png,train,n04275548_14754,n04275548
LSEJ_009533,images/n04275548_3678.png,train,n04275548_3678,n04275548
LSEJ_009534,images/n04275548_5157.png,train,n04275548_5157,n04275548
LSEJ_009535,images/n04275548_6503.png,train,n04275548_6503,n04275548
LSEJ_009537,images/n04285008_1097.png,train,n04285008_1097,n04285008
LSEJ_009538,images/n04285008_11247.png,train,n04285008_11247,n04285008
LSEJ_009539,images/n04285008_12101.png,train,n04285008_12101,n04285008
LSEJ_009541,images/n04285008_13131.png,train,n04285008_13131,n04285008
LSEJ_009542,images/n04285008_13197.png,train,n04285008_13197,n04285008
LSEJ_009543,images/n04285008_1841.png,train,n04285008_1841,n04285008
LSEJ_009544,images/n04285008_2272.png,train,n04285008_2272,n04285008
LSEJ_009547,images/n04285008_613.png,train,n04285008_613,n04285008
LSEJ_009548,images/n04285008_8519.png,train,n04285008_8519,n04285008
LSEJ_009549,images/n04285008_8866.png,train,n04285008_8866,n04285008
LSEJ_009550,images/n04285008_8918.png,train,n04285008_8918,n04285008
LSEJ_009552,images/n04286575_10958.png,train,n04286575_10958,n04286575
LSEJ_009553,images/n04286575_11323.png,train,n04286575_11323,n04286575
LSEJ_009554,images/n04286575_14356.png,train,n04286575_14356,n04286575
LSEJ_009556,images/n04286575_3322.png,train,n04286575_3322,n04286575
LSEJ_009557,images/n04286575_9412.png,train,n04286575_9412,n04286575
LSEJ_009559,images/n04296562_2356.png,train,n04296562_2356,n04296562
LSEJ_009560,images/n04296562_45893.png,train,n04296562_45893,n04296562
LSEJ_009562,images/n04310018_10153.png,train,n04310018_10153,n04310018
LSEJ_009563,images/n04310018_1024.png,train,n04310018_1024,n04310018
LSEJ_009564,images/n04310018_1034.png,train,n04310018_1034,n04310018
LSEJ_009569,images/n04310018_12316.png,train,n04310018_12316,n04310018
LSEJ_009570,images/n04310018_12435.png,train,n04310018_12435,n04310018
LSEJ_009571,images/n04310018_1301.png,train,n04310018_1301,n04310018
LSEJ_009572,images/n04310018_1375.png,train,n04310018_1375,n04310018
LSEJ_009573,images/n04310018_1493.png,train,n04310018_1493,n04310018
LSEJ_009574,images/n04310018_1521.png,train,n04310018_1521,n04310018
LSEJ_009575,images/n04310018_16934.png,train,n04310018_16934,n04310018
LSEJ_009576,images/n04310018_1726.png,train,n04310018_1726,n04310018
LSEJ_009578,images/n04310018_19995.png,train,n04310018_19995,n04310018
LSEJ_009579,images/n04310018_20900.png,train,n04310018_20900,n04310018
LSEJ_009580,images/n04310018_2140.png,train,n04310018_2140,n04310018
LSEJ_009582,images/n04310018_3303.png,train,n04310018_3303,n04310018
LSEJ_009583,images/n04310018_5982.png,train,n04310018_5982,n04310018
LSEJ_009584,images/n04310018_789.png,train,n04310018_789,n04310018
LSEJ_009585,images/n04310018_8564.png,train,n04310018_8564,n04310018
LSEJ_009586,images/n04310018_8818.png,train,n04310018_8818,n04310018
LSEJ_009587,images/n04310018_8937.png,train,n04310018_8937,n04310018
LSEJ_009588,images/n04310018_9164.png,train,n04310018_9164,n04310018
LSEJ_009590,images/n04310018_9937.png,train,n04310018_9937,n04310018
LSEJ_009591,images/n04311004_1568.png,train,n04311004_1568,n04311004
LSEJ_009592,images/n04311004_1606.png,train,n04311004_1606,n04311004
LSEJ_009593,images/n04311004_1721.png,train,n04311004_1721,n04311004
LSEJ_009596,images/n04311004_2478.png,train,n04311004_2478,n04311004
LSEJ_009597,images/n04311004_2935.png,train,n04311004_2935,n04311004
LSEJ_009599,images/n04311004_3632.png,train,n04311004_3632,n04311004
LSEJ_009600,images/n04311004_4178.png,train,n04311004_4178,n04311004
LSEJ_009601,images/n04311004_4278.png,train,n04311004_4278,n04311004
LSEJ_009602,images/n04311004_4319.png,train,n04311004_4319,n04311004
LSEJ_009603,images/n04311004_4338.png,train,n04311004_4338,n04311004
LSEJ_009604,images/n04311004_4542.png,train,n04311004_4542,n04311004
LSEJ_009605,images/n04311004_4726.png,train,n04311004_4726,n04311004
LSEJ_009607,images/n04311004_59.png,train,n04311004_59,n04311004
LSEJ_009609,images/n04311004_715.png,train,n04311004_715,n04311004
LSEJ_009610,images/n04311174_1356.png,train,n04311174_1356,n04311174
LSEJ_009612,images/n04311174_1690.png,train,n04311174_1690,n04311174
LSEJ_009614,images/n04311174_342.png,train,n04311174_342,n04311174
LSEJ_009615,images/n04311174_3495.png,train,n04311174_3495,n04311174
LSEJ_009616,images/n04311174_3930.png,train,n04311174_3930,n04311174
LSEJ_009617,images/n04311174_3961.png,train,n04311174_3961,n04311174
LSEJ_009618,images/n04311174_4510.png,train,n04311174_4510,n04311174
LSEJ_009619,images/n04311174_6531.png,train,n04311174_6531,n04311174
LSEJ_009620,images/n04311174_7223.png,train,n04311174_7223,n04311174
LSEJ_009621,images/n04311174_7249.png,train,n04311174_7249,n04311174
LSEJ_009623,images/n04311174_7512.png,train,n04311174_7512,n04311174
LSEJ_009625,images/n04311174_8810.png,train,n04311174_8810,n04311174
LSEJ_009626,images/n04311174_8979.png,train,n04311174_8979,n04311174
LSEJ_009628,images/n04317175_12641.png,train,n04317175_12641,n04317175
LSEJ_009629,images/n04317175_2224.png,train,n04317175_2224,n04317175
LSEJ_009630,images/n04325704_10015.png,train,n04325704_10015,n04325704
LSEJ_009631,images/n04325704_11551.png,train,n04325704_11551,n04325704
LSEJ_009632,images/n04325704_19020.png,train,n04325704_19020,n04325704
LSEJ_009633,images/n04325704_19508.png,train,n04325704_19508,n04325704
LSEJ_009634,images/n04325704_3747.png,train,n04325704_3747,n04325704
LSEJ_009635,images/n04325704_5079.png,train,n04325704_5079,n04325704
LSEJ_009636,images/n04325704_5459.png,train,n04325704_5459,n04325704
LSEJ_009640,images/n04326547_1178.png,train,n04326547_1178,n04326547
LSEJ_009641,images/n04326547_12101.png,train,n04326547_12101,n04326547
LSEJ_009643,images/n04326547_13836.png,train,n04326547_13836,n04326547
LSEJ_009644,images/n04326547_15388.png,train,n04326547_15388,n04326547
LSEJ_009647,images/n04326547_284.png,train,n04326547_284,n04326547
LSEJ_009648,images/n04326547_3199.png,train,n04326547_3199,n04326547
LSEJ_009649,images/n04326547_3665.png,train,n04326547_3665,n04326547
LSEJ_009650,images/n04326547_4103.png,train,n04326547_4103,n04326547
LSEJ_009651,images/n04326547_4734.png,train,n04326547_4734,n04326547
LSEJ_009654,images/n04326547_5913.png,train,n04326547_5913,n04326547
LSEJ_009655,images/n04326547_6110.png,train,n04326547_6110,n04326547
LSEJ_009656,images/n04326547_6382.png,train,n04326547_6382,n04326547
LSEJ_009657,images/n04326547_6547.png,train,n04326547_6547,n04326547
LSEJ_009658,images/n04326547_6617.png,train,n04326547_6617,n04326547
LSEJ_009659,images/n04326547_7191.png,train,n04326547_7191,n04326547
LSEJ_009660,images/n04326547_8130.png,train,n04326547_8130,n04326547
LSEJ_009661,images/n04326547_8552.png,train,n04326547_8552,n04326547
LSEJ_009662,images/n04328186_12425.png,train,n04328186_12425,n04328186
LSEJ_009664,images/n04328186_3297.png,train,n04328186_3297,n04328186
LSEJ_009665,images/n04328186_4836.png,train,n04328186_4836,n04328186
LSEJ_009666,images/n04328186_7161.png,train,n04328186_7161,n04328186
LSEJ_009667,images/n04330267_11408.png,train,n04330267_11408,n04330267
LSEJ_009668,images/n04330267_1328.png,train,n04330267_1328,n04330267
LSEJ_009669,images/n04330267_319.png,train,n04330267_319,n04330267
LSEJ_009670,images/n04330267_3971.png,train,n04330267_3971,n04330267
LSEJ_009671,images/n04330267_5907.png,train,n04330267_5907,n04330267
LSEJ_009672,images/n04330267_7226.png,train,n04330267_7226,n04330267
LSEJ_009676,images/n04330267_9380.png,train,n04330267_9380,n04330267
LSEJ_009677,images/n04330267_955.png,train,n04330267_955,n04330267
LSEJ_009679,images/n04332243_15784.png,train,n04332243_15784,n04332243
LSEJ_009681,images/n04332243_3493.png,train,n04332243_3493,n04332243
LSEJ_009682,images/n04332243_8527.png,train,n04332243_8527,n04332243
LSEJ_009683,images/n04332243_9642.png,train,n04332243_9642,n04332243
LSEJ_009684,images/n04335435_10631.png,train,n04335435_10631,n04335435
LSEJ_009686,images/n04335435_11502.png,train,n04335435_11502,n04335435
LSEJ_009687,images/n04335435_12035.png,train,n04335435_12035,n04335435
LSEJ_009688,images/n04335435_13691.png,train,n04335435_13691,n04335435
LSEJ_009689,images/n04335435_14056.png,train,n04335435_14056,n04335435
LSEJ_009690,images/n04335435_14594.png,train,n04335435_14594,n04335435
LSEJ_009691,images/n04335435_1562.png,train,n04335435_1562,n04335435
LSEJ_009692,images/n04335435_1648.png,train,n04335435_1648,n04335435
LSEJ_009693,images/n04335435_18187.png,train,n04335435_18187,n04335435
LSEJ_009694,images/n04335435_18507.png,train,n04335435_18507,n04335435
LSEJ_009695,images/n04335435_20789.png,train,n04335435_20789,n04335435
LSEJ_009698,images/n04335435_22162.png,train,n04335435_22162,n04335435
LSEJ_009699,images/n04335435_2235.png,train,n04335435_2235,n04335435
LSEJ_009700,images/n04335435_22694.png,train,n04335435_22694,n04335435
LSEJ_009701,images/n04335435_23087.png,train,n04335435_23087,n04335435
LSEJ_009702,images/n04335435_24066.png,train,n04335435_24066,n04335435
LSEJ_009703,images/n04335435_2774.png,train,n04335435_2774,n04335435
LSEJ_009706,images/n04335435_3965.png,train,n04335435_3965,n04335435
LSEJ_009707,images/n04335435_4734.png,train,n04335435_4734,n04335435
LSEJ_009709,images/n04335435_7886.png,train,n04335435_7886,n04335435
LSEJ_009711,images/n04335435_985.png,train,n04335435_985,n04335435
LSEJ_009712,images/n04336792_10285.png,train,n04336792_10285,n04336792
LSEJ_009713,images/n04336792_10933.png,train,n04336792_10933,n04336792
LSEJ_009714,images/n04336792_1117.png,train,n04336792_1117,n04336792
LSEJ_009716,images/n04336792_11653.png,train,n04336792_11653,n04336792
LSEJ_009717,images/n04336792_1287.png,train,n04336792_1287,n04336792
LSEJ_009718,images/n04336792_330.png,train,n04336792_330,n04336792
LSEJ_009721,images/n04336792_7611.png,train,n04336792_7611,n04336792
LSEJ_009723,images/n04336792_8415.png,train,n04336792_8415,n04336792
LSEJ_009724,images/n04336792_8430.png,train,n04336792_8430,n04336792
LSEJ_009725,images/n04336792_8715.png,train,n04336792_8715,n04336792
LSEJ_009726,images/n04336792_8855.png,train,n04336792_8855,n04336792
LSEJ_009727,images/n04344873_10707.png,train,n04344873_10707,n04344873
LSEJ_009729,images/n04344873_11090.png,train,n04344873_11090,n04344873
LSEJ_009730,images/n04344873_1128.png,train,n04344873_1128,n04344873
LSEJ_009732,images/n04344873_13166.png,train,n04344873_13166,n04344873
LSEJ_009733,images/n04344873_13496.png,train,n04344873_13496,n04344873
LSEJ_009734,images/n04344873_14255.png,train,n04344873_14255,n04344873
LSEJ_009735,images/n04344873_16824.png,train,n04344873_16824,n04344873
LSEJ_009736,images/n04344873_16986.png,train,n04344873_16986,n04344873
LSEJ_009738,images/n04344873_18517.png,train,n04344873_18517,n04344873
LSEJ_009740,images/n04344873_2694.png,train,n04344873_2694,n04344873
LSEJ_009741,images/n04344873_2787.png,train,n04344873_2787,n04344873
LSEJ_009742,images/n04344873_2992.png,train,n04344873_2992,n04344873
LSEJ_009745,images/n04344873_3695.png,train,n04344873_3695,n04344873
LSEJ_009746,images/n04344873_4749.png,train,n04344873_4749,n04344873
LSEJ_009747,images/n04344873_4956.png,train,n04344873_4956,n04344873
LSEJ_009748,images/n04344873_5850.png,train,n04344873_5850,n04344873
LSEJ_009749,images/n04344873_6223.png,train,n04344873_6223,n04344873
LSEJ_009751,images/n04344873_6506.png,train,n04344873_6506,n04344873
LSEJ_009752,images/n04344873_7251.png,train,n04344873_7251,n04344873
LSEJ_009753,images/n04344873_8108.png,train,n04344873_8108,n04344873
LSEJ_009754,images/n04344873_8919.png,train,n04344873_8919,n04344873
LSEJ_009755,images/n04346328_1106.png,train,n04346328_1106,n04346328
LSEJ_009756,images/n04346328_374.png,train,n04346328_374,n04346328
LSEJ_009758,images/n04346328_4330.png,train,n04346328_4330,n04346328
LSEJ_009759,images/n04346328_6207.png,train,n04346328_6207,n04346328
LSEJ_009761,images/n04347754_11516.png,train,n04347754_11516,n04347754
LSEJ_009762,images/n04347754_11981.png,train,n04347754_11981,n04347754
LSEJ_009763,images/n04347754_14708.png,train,n04347754_14708,n04347754
LSEJ_009765,images/n04347754_17336.png,train,n04347754_17336,n04347754
LSEJ_009766,images/n04347754_17443.png,train,n04347754_17443,n04347754
LSEJ_009767,images/n04347754_19512.png,train,n04347754_19512,n04347754
LSEJ_009768,images/n04347754_22099.png,train,n04347754_22099,n04347754
LSEJ_009769,images/n04347754_23091.png,train,n04347754_23091,n04347754
LSEJ_009771,images/n04347754_25240.png,train,n04347754_25240,n04347754
LSEJ_009772,images/n04347754_26120.png,train,n04347754_26120,n04347754
LSEJ_009773,images/n04347754_265.png,train,n04347754_265,n04347754
LSEJ_009774,images/n04347754_30496.png,train,n04347754_30496,n04347754
LSEJ_009776,images/n04347754_33706.png,train,n04347754_33706,n04347754
LSEJ_009777,images/n04347754_35095.png,train,n04347754_35095,n04347754
LSEJ_009778,images/n04347754_37007.png,train,n04347754_37007,n04347754
LSEJ_009780,images/n04347754_42709.png,train,n04347754_42709,n04347754
LSEJ_009782,images/n04347754_45332.png,train,n04347754_45332,n04347754
LSEJ_009783,images/n04347754_4572.png,train,n04347754_4572,n04347754
LSEJ_009784,images/n04347754_48172.png,train,n04347754_48172,n04347754
LSEJ_009786,images/n04347754_7880.png,train,n04347754_7880,n04347754
LSEJ_009787,images/n04350905_101905.png,train,n04350905_101905,n04350905
LSEJ_009790,images/n04350905_12289.png,train,n04350905_12289,n04350905
LSEJ_009791,images/n04350905_14961.png,train,n04350905_14961,n04350905
LSEJ_009792,images/n04350905_16660.png,train,n04350905_16660,n04350905
LSEJ_009793,images/n04350905_16788.png,train,n04350905_16788,n04350905
LSEJ_009794,images/n04350905_21081.png,train,n04350905_21081,n04350905
LSEJ_009795,images/n04350905_21931.png,train,n04350905_21931,n04350905
LSEJ_009796,images/n04350905_2706.png,train,n04350905_2706,n04350905
LSEJ_009797,images/n04350905_29706.png,train,n04350905_29706,n04350905
LSEJ_009799,images/n04350905_40370.png,train,n04350905_40370,n04350905
LSEJ_009800,images/n04350905_68586.png,train,n04350905_68586,n04350905
LSEJ_009801,images/n04355338_10082.png,train,n04355338_10082,n04355338
LSEJ_009802,images/n04355338_12514.png,train,n04355338_12514,n04355338
LSEJ_009804,images/n04355338_13620.png,train,n04355338_13620,n04355338
LSEJ_009805,images/n04355338_1614.png,train,n04355338_1614,n04355338
LSEJ_009806,images/n04355338_1697.png,train,n04355338_1697,n04355338
LSEJ_009807,images/n04355338_1808.png,train,n04355338_1808,n04355338
LSEJ_009808,images/n04355338_183.png,train,n04355338_183,n04355338
LSEJ_009809,images/n04355338_2738.png,train,n04355338_2738,n04355338
LSEJ_009810,images/n04355338_27548.png,train,n04355338_27548,n04355338
LSEJ_009811,images/n04355338_29327.png,train,n04355338_29327,n04355338
LSEJ_009814,images/n04355338_4789.png,train,n04355338_4789,n04355338
LSEJ_009815,images/n04355338_4997.png,train,n04355338_4997,n04355338
LSEJ_009816,images/n04355338_5203.png,train,n04355338_5203,n04355338
LSEJ_009818,images/n04355338_5969.png,train,n04355338_5969,n04355338
LSEJ_009820,images/n04355338_6393.png,train,n04355338_6393,n04355338
LSEJ_009821,images/n04355338_6842.png,train,n04355338_6842,n04355338
LSEJ_009822,images/n04355933_2479.png,train,n04355933_2479,n04355933
LSEJ_009824,images/n04355933_6264.png,train,n04355933_6264,n04355933
LSEJ_009825,images/n04356056_25007.png,train,n04356056_25007,n04356056
LSEJ_009826,images/n04356056_25718.png,train,n04356056_25718,n04356056
LSEJ_009827,images/n04357314_13421.png,train,n04357314_13421,n04357314
LSEJ_009828,images/n04357314_3413.png,train,n04357314_3413,n04357314
LSEJ_009830,images/n04366367_3471.png,train,n04366367_3471,n04366367
LSEJ_009831,images/n04366367_5388.png,train,n04366367_5388,n04366367
LSEJ_009832,images/n04367480_11520.png,train,n04367480_11520,n04367480
LSEJ_009833,images/n04367480_26214.png,train,n04367480_26214,n04367480
LSEJ_009834,images/n04367480_3225.png,train,n04367480_3225,n04367480
LSEJ_009836,images/n04367480_8300.png,train,n04367480_8300,n04367480
LSEJ_009837,images/n04370456_2467.png,train,n04370456_2467,n04370456
LSEJ_009838,images/n04371430_19733.png,train,n04371430_19733,n04371430
LSEJ_009839,images/n04371774_10510.png,train,n04371774_10510,n04371774
LSEJ_009840,images/n04371774_11008.png,train,n04371774_11008,n04371774
LSEJ_009842,images/n04371774_11275.png,train,n04371774_11275,n04371774
LSEJ_009843,images/n04371774_11435.png,train,n04371774_11435,n04371774
LSEJ_009844,images/n04371774_1172.png,train,n04371774_1172,n04371774
LSEJ_009845,images/n04371774_1212.png,train,n04371774_1212,n04371774
LSEJ_009847,images/n04371774_1489.png,train,n04371774_1489,n04371774
LSEJ_009849,images/n04371774_1713.png,train,n04371774_1713,n04371774
LSEJ_009850,images/n04371774_1748.png,train,n04371774_1748,n04371774
LSEJ_009851,images/n04371774_1775.png,train,n04371774_1775,n04371774
LSEJ_009852,images/n04371774_1927.png,train,n04371774_1927,n04371774
LSEJ_009853,images/n04371774_2026.png,train,n04371774_2026,n04371774
LSEJ_009854,images/n04371774_2097.png,train,n04371774_2097,n04371774
LSEJ_009855,images/n04371774_225.png,train,n04371774_225,n04371774
LSEJ_009856,images/n04371774_2391.png,train,n04371774_2391,n04371774
LSEJ_009858,images/n04371774_2463.png,train,n04371774_2463,n04371774
LSEJ_009859,images/n04371774_2470.png,train,n04371774_2470,n04371774
LSEJ_009860,images/n04371774_2748.png,train,n04371774_2748,n04371774
LSEJ_009861,images/n04371774_2754.png,train,n04371774_2754,n04371774
LSEJ_009863,images/n04371774_3182.png,train,n04371774_3182,n04371774
LSEJ_009864,images/n04371774_323.png,train,n04371774_323,n04371774
LSEJ_009866,images/n04371774_3449.png,train,n04371774_3449,n04371774
LSEJ_009867,images/n04371774_3676.png,train,n04371774_3676,n04371774
LSEJ_009868,images/n04371774_3763.png,train,n04371774_3763,n04371774
LSEJ_009869,images/n04371774_423.png,train,n04371774_423,n04371774
LSEJ_009870,images/n04371774_4241.png,train,n04371774_4241,n04371774
LSEJ_009871,images/n04371774_4427.png,train,n04371774_4427,n04371774
LSEJ_009873,images/n04371774_4577.png,train,n04371774_4577,n04371774
LSEJ_009876,images/n04371774_4859.png,train,n04371774_4859,n04371774
LSEJ_009878,images/n04371774_578.png,train,n04371774_578,n04371774
LSEJ_009879,images/n04371774_5827.png,train,n04371774_5827,n04371774
LSEJ_009880,images/n04371774_5993.png,train,n04371774_5993,n04371774
LSEJ_009881,images/n04371774_6006.png,train,n04371774_6006,n04371774
LSEJ_009882,images/n04371774_6182.png,train,n04371774_6182,n04371774
LSEJ_009883,images/n04371774_6205.png,train,n04371774_6205,n04371774
LSEJ_009884,images/n04371774_624.png,train,n04371774_624,n04371774
LSEJ_009885,images/n04371774_6456.png,train,n04371774_6456,n04371774
LSEJ_009886,images/n04371774_761.png,train,n04371774_761,n04371774
LSEJ_009887,images/n04371774_7907.png,train,n04371774_7907,n04371774
LSEJ_009888,images/n04371774_7937.png,train,n04371774_7937,n04371774
LSEJ_009892,images/n04371774_8981.png,train,n04371774_8981,n04371774
LSEJ_009893,images/n04371774_899.png,train,n04371774_899,n04371774
LSEJ_009896,images/n04371774_9915.png,train,n04371774_9915,n04371774
LSEJ_009897,images/n04372370_10449.png,train,n04372370_10449,n04372370
LSEJ_009899,images/n04372370_14076.png,train,n04372370_14076,n04372370
LSEJ_009900,images/n04372370_15118.png,train,n04372370_15118,n04372370
LSEJ_009901,images/n04372370_15190.png,train,n04372370_15190,n04372370
LSEJ_009902,images/n04372370_15459.png,train,n04372370_15459,n04372370
LSEJ_009904,images/n04372370_17736.png,train,n04372370_17736,n04372370
LSEJ_009906,images/n04372370_3173.png,train,n04372370_3173,n04372370
LSEJ_009907,images/n04376876_14448.png,train,n04376876_14448,n04376876
LSEJ_009908,images/n04376876_7753.png,train,n04376876_7753,n04376876
LSEJ_009910,images/n04380533_2991.png,train,n04380533_2991,n04380533
LSEJ_009911,images/n04380533_3278.png,train,n04380533_3278,n04380533
LSEJ_009912,images/n04380533_3343.png,train,n04380533_3343,n04380533
LSEJ_009913,images/n04380533_3945.png,train,n04380533_3945,n04380533
LSEJ_009915,images/n04380533_579.png,train,n04380533_579,n04380533
LSEJ_009916,images/n04389033_11222.png,train,n04389033_11222,n04389033
LSEJ_009917,images/n04389033_11691.png,train,n04389033_11691,n04389033
LSEJ_009918,images/n04389033_1269.png,train,n04389033_1269,n04389033
LSEJ_009920,images/n04389033_13680.png,train,n04389033_13680,n04389033
LSEJ_009924,images/n04389033_17685.png,train,n04389033_17685,n04389033
LSEJ_009925,images/n04389033_17850.png,train,n04389033_17850,n04389033
LSEJ_009926,images/n04389033_19081.png,train,n04389033_19081,n04389033
LSEJ_009927,images/n04389033_19175.png,train,n04389033_19175,n04389033
LSEJ_009929,images/n04389033_19686.png,train,n04389033_19686,n04389033
LSEJ_009930,images/n04389033_2155.png,train,n04389033_2155,n04389033
LSEJ_009931,images/n04389033_2478.png,train,n04389033_2478,n04389033
LSEJ_009933,images/n04389033_26268.png,train,n04389033_26268,n04389033
LSEJ_009935,images/n04389033_27810.png,train,n04389033_27810,n04389033
LSEJ_009936,images/n04389033_30502.png,train,n04389033_30502,n04389033
LSEJ_009937,images/n04389033_30558.png,train,n04389033_30558,n04389033
LSEJ_009938,images/n04389033_30708.png,train,n04389033_30708,n04389033
LSEJ_009939,images/n04389033_31163.png,train,n04389033_31163,n04389033
LSEJ_009940,images/n04389033_31423.png,train,n04389033_31423,n04389033
LSEJ_009941,images/n04389033_3143.png,train,n04389033_3143,n04389033
LSEJ_009942,images/n04389033_32592.png,train,n04389033_32592,n04389033
LSEJ_009943,images/n04389033_33688.png,train,n04389033_33688,n04389033
LSEJ_009944,images/n04389033_3977.png,train,n04389033_3977,n04389033
LSEJ_009945,images/n04389033_416.png,train,n04389033_416,n04389033
LSEJ_009947,images/n04389033_48546.png,train,n04389033_48546,n04389033
LSEJ_009948,images/n04389033_58437.png,train,n04389033_58437,n04389033
LSEJ_009949,images/n04389033_700.png,train,n04389033_700,n04389033
LSEJ_009950,images/n04389033_77.png,train,n04389033_77,n04389033
LSEJ_009953,images/n04392985_10727.png,train,n04392985_10727,n04392985
LSEJ_009954,images/n04392985_1136.png,train,n04392985_1136,n04392985
LSEJ_009955,images/n04392985_12013.png,train,n04392985_12013,n04392985
LSEJ_009956,images/n04392985_12474.png,train,n04392985_12474,n04392985
LSEJ_009958,images/n04392985_15534.png,train,n04392985_15534,n04392985
LSEJ_009959,images/n04392985_16607.png,train,n04392985_16607,n04392985
LSEJ_009960,images/n04392985_3330.png,train,n04392985_3330,n04392985
LSEJ_009961,images/n04392985_3434.png,train,n04392985_3434,n04392985
LSEJ_009962,images/n04392985_6584.png,train,n04392985_6584,n04392985
LSEJ_009963,images/n04392985_6741.png,train,n04392985_6741,n04392985
LSEJ_009964,images/n04392985_8050.png,train,n04392985_8050,n04392985
LSEJ_009966,images/n04392985_8130.png,train,n04392985_8130,n04392985
LSEJ_009968,images/n04392985_8625.png,train,n04392985_8625,n04392985
LSEJ_009969,images/n04398044_9153.png,train,n04398044_9153,n04398044
LSEJ_009970,images/n04399382_29996.png,train,n04399382_29996,n04399382
LSEJ_009972,images/n04404412_20004.png,train,n04404412_20004,n04404412
LSEJ_009974,images/n04404412_31257.png,train,n04404412_31257,n04404412
LSEJ_009975,images/n04404412_3987.png,train,n04404412_3987,n04404412
LSEJ_009976,images/n04404412_8578.png,train,n04404412_8578,n04404412
LSEJ_009977,images/n04404412_9637.png,train,n04404412_9637,n04404412
LSEJ_009979,images/n04409515_11735.png,train,n04409515_11735,n04409515
LSEJ_009980,images/n04409515_247.png,train,n04409515_247,n04409515
LSEJ_009981,images/n04409515_2951.png,train,n04409515_2951,n04409515
LSEJ_009983,images/n04409515_6380.png,train,n04409515_6380,n04409515
LSEJ_009984,images/n04409515_8131.png,train,n04409515_8131,n04409515
LSEJ_009985,images/n04417672_16480.png,train,n04417672_16480,n04417672
LSEJ_009987,images/n04417672_987.png,train,n04417672_987,n04417672
LSEJ_009988,images/n04418357_1000.png,train,n04418357_1000,n04418357
LSEJ_009991,images/n04418357_1904.png,train,n04418357_1904,n04418357
LSEJ_009992,images/n04418357_241.png,train,n04418357_241,n04418357
LSEJ_009994,images/n04418357_25661.png,train,n04418357_25661,n04418357
LSEJ_009995,images/n04418357_26036.png,train,n04418357_26036,n04418357
LSEJ_009996,images/n04418357_27940.png,train,n04418357_27940,n04418357
LSEJ_009997,images/n04418357_3156.png,train,n04418357_3156,n04418357
LSEJ_009998,images/n04418357_4391.png,train,n04418357_4391,n04418357
LSEJ_009999,images/n04418357_6552.png,train,n04418357_6552,n04418357
LSEJ_010000,images/n04418357_7025.png,train,n04418357_7025,n04418357
LSEJ_010001,images/n04418357_7932.png,train,n04418357_7932,n04418357
LSEJ_010002,images/n04423845_23810.png,train,n04423845_23810,n04423845
LSEJ_010003,images/n04423845_23917.png,train,n04423845_23917,n04423845
LSEJ_010004,images/n04423845_5637.png,train,n04423845_5637,n04423845
LSEJ_010006,images/n04428191_10621.png,train,n04428191_10621,n04428191
LSEJ_010007,images/n04428191_10789.png,train,n04428191_10789,n04428191
LSEJ_010010,images/n04428191_13129.png,train,n04428191_13129,n04428191
LSEJ_010011,images/n04428191_13749.png,train,n04428191_13749,n04428191
LSEJ_010012,images/n04428191_1389.png,train,n04428191_1389,n04428191
LSEJ_010014,images/n04428191_1572.png,train,n04428191_1572,n04428191
LSEJ_010015,images/n04428191_16948.png,train,n04428191_16948,n04428191
LSEJ_010017,images/n04428191_19703.png,train,n04428191_19703,n04428191
LSEJ_010018,images/n04428191_19812.png,train,n04428191_19812,n04428191
LSEJ_010022,images/n04428191_24111.png,train,n04428191_24111,n04428191
LSEJ_010024,images/n04428191_25848.png,train,n04428191_25848,n04428191
LSEJ_010025,images/n04428191_26294.png,train,n04428191_26294,n04428191
LSEJ_010026,images/n04428191_27097.png,train,n04428191_27097,n04428191
LSEJ_010027,images/n04428191_27671.png,train,n04428191_27671,n04428191
LSEJ_010028,images/n04428191_279.png,train,n04428191_279,n04428191
LSEJ_010029,images/n04428191_30274.png,train,n04428191_30274,n04428191
LSEJ_010030,images/n04428191_33765.png,train,n04428191_33765,n04428191
LSEJ_010031,images/n04428191_35131.png,train,n04428191_35131,n04428191
LSEJ_010032,images/n04428191_3531.png,train,n04428191_3531,n04428191
LSEJ_010033,images/n04428191_371.png,train,n04428191_371,n04428191
LSEJ_010034,images/n04428191_37298.png,train,n04428191_37298,n04428191
LSEJ_010035,images/n04428191_612.png,train,n04428191_612,n04428191
LSEJ_010036,images/n04428191_6514.png,train,n04428191_6514,n04428191
LSEJ_010037,images/n04428191_7588.png,train,n04428191_7588,n04428191
LSEJ_010039,images/n04428191_9949.png,train,n04428191_9949,n04428191
LSEJ_010041,images/n04429376_10421.png,train,n04429376_10421,n04429376
LSEJ_010042,images/n04429376_10438.png,train,n04429376_10438,n04429376
LSEJ_010043,images/n04429376_14171.png,train,n04429376_14171,n04429376
LSEJ_010044,images/n04429376_16237.png,train,n04429376_16237,n04429376
LSEJ_010045,images/n04429376_1791.png,train,n04429376_1791,n04429376
LSEJ_010046,images/n04429376_23293.png,train,n04429376_23293,n04429376
LSEJ_010049,images/n04429376_3241.png,train,n04429376_3241,n04429376
LSEJ_010050,images/n04429376_3248.png,train,n04429376_3248,n04429376
LSEJ_010051,images/n04429376_3955.png,train,n04429376_3955,n04429376
LSEJ_010052,images/n04429376_4167.png,train,n04429376_4167,n04429376
LSEJ_010053,images/n04429376_7621.png,train,n04429376_7621,n04429376
LSEJ_010054,images/n04435653_10826.png,train,n04435653_10826,n04435653
LSEJ_010055,images/n04435653_2214.png,train,n04435653_2214,n04435653
LSEJ_010056,images/n04442312_10308.png,train,n04442312_10308,n04442312
LSEJ_010057,images/n04442312_17880.png,train,n04442312_17880,n04442312
LSEJ_010059,images/n04442312_5147.png,train,n04442312_5147,n04442312
LSEJ_010060,images/n04442312_6271.png,train,n04442312_6271,n04442312
LSEJ_010061,images/n04443257_1059.png,train,n04443257_1059,n04443257
LSEJ_010064,images/n04443257_13273.png,train,n04443257_13273,n04443257
LSEJ_010065,images/n04443257_1472.png,train,n04443257_1472,n04443257
LSEJ_010067,images/n04443257_16265.png,train,n04443257_16265,n04443257
LSEJ_010068,images/n04443257_16554.png,train,n04443257_16554,n04443257
LSEJ_010069,images/n04443257_2035.png,train,n04443257_2035,n04443257
LSEJ_010070,images/n04443257_2155.png,train,n04443257_2155,n04443257
LSEJ_010071,images/n04443257_22213.png,train,n04443257_22213,n04443257
LSEJ_010072,images/n04443257_22236.png,train,n04443257_22236,n04443257
LSEJ_010073,images/n04443257_24324.png,train,n04443257_24324,n04443257
LSEJ_010074,images/n04443257_3243.png,train,n04443257_3243,n04443257
LSEJ_010075,images/n04443257_32540.png,train,n04443257_32540,n04443257
LSEJ_010076,images/n04443257_34048.png,train,n04443257_34048,n04443257
LSEJ_010077,images/n04443257_3972.png,train,n04443257_3972,n04443257
LSEJ_010080,images/n04443257_5252.png,train,n04443257_5252,n04443257
LSEJ_010081,images/n04443257_5559.png,train,n04443257_5559,n04443257
LSEJ_010082,images/n04443257_5986.png,train,n04443257_5986,n04443257
LSEJ_010083,images/n04443257_6418.png,train,n04443257_6418,n04443257
LSEJ_010085,images/n04443257_7246.png,train,n04443257_7246,n04443257
LSEJ_010086,images/n04443257_7463.png,train,n04443257_7463,n04443257
LSEJ_010087,images/n04447861_1708.png,train,n04447861_1708,n04447861
LSEJ_010088,images/n04447861_1970.png,train,n04447861_1970,n04447861
LSEJ_010090,images/n04447861_2656.png,train,n04447861_2656,n04447861
LSEJ_010091,images/n04447861_3031.png,train,n04447861_3031,n04447861
LSEJ_010093,images/n04447861_7891.png,train,n04447861_7891,n04447861
LSEJ_010094,images/n04447861_833.png,train,n04447861_833,n04447861
LSEJ_010096,images/n04456115_11188.png,train,n04456115_11188,n04456115
LSEJ_010097,images/n04456115_11703.png,train,n04456115_11703,n04456115
LSEJ_010098,images/n04456115_13082.png,train,n04456115_13082,n04456115
LSEJ_010099,images/n04456115_1936.png,train,n04456115_1936,n04456115
LSEJ_010100,images/n04456115_5283.png,train,n04456115_5283,n04456115
LSEJ_010101,images/n04456115_5771.png,train,n04456115_5771,n04456115
LSEJ_010103,images/n04456115_9328.png,train,n04456115_9328,n04456115
LSEJ_010104,images/n04458633_11652.png,train,n04458633_11652,n04458633
LSEJ_010105,images/n04458633_3998.png,train,n04458633_3998,n04458633
LSEJ_010106,images/n04458633_4902.png,train,n04458633_4902,n04458633
LSEJ_010108,images/n04458633_7767.png,train,n04458633_7767,n04458633
LSEJ_010110,images/n04461696_14585.png,train,n04461696_14585,n04461696
LSEJ_010111,images/n04461696_14908.png,train,n04461696_14908,n04461696
LSEJ_010112,images/n04461696_15046.png,train,n04461696_15046,n04461696
LSEJ_010113,images/n04461696_1735.png,train,n04461696_1735,n04461696
LSEJ_010114,images/n04461696_21682.png,train,n04461696_21682,n04461696
LSEJ_010115,images/n04461696_23667.png,train,n04461696_23667,n04461696
LSEJ_010116,images/n04461696_24006.png,train,n04461696_24006,n04461696
LSEJ_010118,images/n04461696_2637.png,train,n04461696_2637,n04461696
LSEJ_010120,images/n04461696_3807.png,train,n04461696_3807,n04461696
LSEJ_010121,images/n04461696_5940.png,train,n04461696_5940,n04461696
LSEJ_010122,images/n04461696_7377.png,train,n04461696_7377,n04461696
LSEJ_010123,images/n04462240_12034.png,train,n04462240_12034,n04462240
LSEJ_010124,images/n04462240_1297.png,train,n04462240_1297,n04462240
LSEJ_010125,images/n04462240_12988.png,train,n04462240_12988,n04462240
LSEJ_010127,images/n04462240_13730.png,train,n04462240_13730,n04462240
LSEJ_010128,images/n04462240_17744.png,train,n04462240_17744,n04462240
LSEJ_010130,images/n04462240_2643.png,train,n04462240_2643,n04462240
LSEJ_010131,images/n04462240_4294.png,train,n04462240_4294,n04462240
LSEJ_010132,images/n04462240_4366.png,train,n04462240_4366,n04462240
LSEJ_010133,images/n04462240_446.png,train,n04462240_446,n04462240
LSEJ_010135,images/n04462240_5735.png,train,n04462240_5735,n04462240
LSEJ_010136,images/n04462240_5970.png,train,n04462240_5970,n04462240
LSEJ_010138,images/n04462240_608.png,train,n04462240_608,n04462240
LSEJ_010139,images/n04462240_6296.png,train,n04462240_6296,n04462240
LSEJ_010140,images/n04462240_7163.png,train,n04462240_7163,n04462240
LSEJ_010141,images/n04462240_7534.png,train,n04462240_7534,n04462240
LSEJ_010143,images/n04462240_9121.png,train,n04462240_9121,n04462240
LSEJ_010145,images/n04465501_10286.png,train,n04465501_10286,n04465501
LSEJ_010147,images/n04465501_1052.png,train,n04465501_1052,n04465501
LSEJ_010148,images/n04465501_10734.png,train,n04465501_10734,n04465501
LSEJ_010149,images/n04465501_11897.png,train,n04465501_11897,n04465501
LSEJ_010150,images/n04465501_12038.png,train,n04465501_12038,n04465501
LSEJ_010152,images/n04465501_1270.png,train,n04465501_1270,n04465501
LSEJ_010153,images/n04465501_13795.png,train,n04465501_13795,n04465501
LSEJ_010154,images/n04465501_1424.png,train,n04465501_1424,n04465501
LSEJ_010155,images/n04465501_1595.png,train,n04465501_1595,n04465501
LSEJ_010158,images/n04465501_1914.png,train,n04465501_1914,n04465501
LSEJ_010159,images/n04465501_1925.png,train,n04465501_1925,n04465501
LSEJ_010160,images/n04465501_2626.png,train,n04465501_2626,n04465501
LSEJ_010162,images/n04465501_2917.png,train,n04465501_2917,n04465501
LSEJ_010163,images/n04465501_3342.png,train,n04465501_3342,n04465501
LSEJ_010164,images/n04465501_4097.png,train,n04465501_4097,n04465501
LSEJ_010165,images/n04465501_4125.png,train,n04465501_4125,n04465501
LSEJ_010166,images/n04465501_4153.png,train,n04465501_4153,n04465501
LSEJ_010168,images/n04465501_4644.png,train,n04465501_4644,n04465501
LSEJ_010170,images/n04465501_4768.png,train,n04465501_4768,n04465501
LSEJ_010171,images/n04465501_5097.png,train,n04465501_5097,n04465501
LSEJ_010172,images/n04465501_5285.png,train,n04465501_5285,n04465501
LSEJ_010173,images/n04465501_5287.png,train,n04465501_5287,n04465501
LSEJ_010174,images/n04465501_5484.png,train,n04465501_5484,n04465501
LSEJ_010176,images/n04465501_5713.png,train,n04465501_5713,n04465501
LSEJ_010177,images/n04465501_5983.png,train,n04465501_5983,n04465501
LSEJ_010178,images/n04465501_6154.png,train,n04465501_6154,n04465501
LSEJ_010179,images/n04465501_6736.png,train,n04465501_6736,n04465501
LSEJ_010180,images/n04465501_6861.png,train,n04465501_6861,n04465501
LSEJ_010181,images/n04465501_7059.png,train,n04465501_7059,n04465501
LSEJ_010183,images/n04465501_7305.png,train,n04465501_7305,n04465501
LSEJ_010185,images/n04465501_7487.png,train,n04465501_7487,n04465501
LSEJ_010186,images/n04465501_7555.png,train,n04465501_7555,n04465501
LSEJ_010187,images/n04465501_783.png,train,n04465501_783,n04465501
LSEJ_010188,images/n04465501_7887.png,train,n04465501_7887,n04465501
LSEJ_010190,images/n04465501_8411.png,train,n04465501_8411,n04465501
LSEJ_010191,images/n04465501_8440.png,train,n04465501_8440,n04465501
LSEJ_010192,images/n04465501_8546.png,train,n04465501_8546,n04465501
LSEJ_010193,images/n04465501_8877.png,train,n04465501_8877,n04465501
LSEJ_010195,images/n04465501_9322.png,train,n04465501_9322,n04465501
LSEJ_010197,images/n04465501_9340.png,train,n04465501_9340,n04465501
LSEJ_010198,images/n04465501_9444.png,train,n04465501_9444,n04465501
LSEJ_010199,images/n04467665_10307.png,train,n04467665_10307,n04467665
LSEJ_010201,images/n04467665_21603.png,train,n04467665_21603,n04467665
LSEJ_010202,images/n04467665_27873.png,train,n04467665_27873,n04467665
LSEJ_010203,images/n04467665_29426.png,train,n04467665_29426,n04467665
LSEJ_010204,images/n04467665_30504.png,train,n04467665_30504,n04467665
LSEJ_010205,images/n04467665_31452.png,train,n04467665_31452,n04467665
LSEJ_010208,images/n04467665_39411.png,train,n04467665_39411,n04467665
LSEJ_010209,images/n04467665_40307.png,train,n04467665_40307,n04467665
LSEJ_010210,images/n04467665_45016.png,train,n04467665_45016,n04467665
LSEJ_010211,images/n04467665_45963.png,train,n04467665_45963,n04467665
LSEJ_010213,images/n04467665_60448.png,train,n04467665_60448,n04467665
LSEJ_010214,images/n04467665_63626.png,train,n04467665_63626,n04467665
LSEJ_010216,images/n04467665_70188.png,train,n04467665_70188,n04467665
LSEJ_010217,images/n04467665_74008.png,train,n04467665_74008,n04467665
LSEJ_010218,images/n04467665_7876.png,train,n04467665_7876,n04467665
LSEJ_010219,images/n04467665_83590.png,train,n04467665_83590,n04467665
LSEJ_010221,images/n04467665_9941.png,train,n04467665_9941,n04467665
LSEJ_010222,images/n04476259_12679.png,train,n04476259_12679,n04476259
LSEJ_010223,images/n04476259_13202.png,train,n04476259_13202,n04476259
LSEJ_010225,images/n04476259_15247.png,train,n04476259_15247,n04476259
LSEJ_010226,images/n04476259_17251.png,train,n04476259_17251,n04476259
LSEJ_010227,images/n04476259_18412.png,train,n04476259_18412,n04476259
LSEJ_010228,images/n04476259_20264.png,train,n04476259_20264,n04476259
LSEJ_010229,images/n04476259_20798.png,train,n04476259_20798,n04476259
LSEJ_010230,images/n04476259_21063.png,train,n04476259_21063,n04476259
LSEJ_010233,images/n04476259_2527.png,train,n04476259_2527,n04476259
LSEJ_010234,images/n04476259_3012.png,train,n04476259_3012,n04476259
LSEJ_010235,images/n04476259_3040.png,train,n04476259_3040,n04476259
LSEJ_010237,images/n04476259_472.png,train,n04476259_472,n04476259
LSEJ_010238,images/n04476259_659.png,train,n04476259_659,n04476259
LSEJ_010240,images/n04479046_46.png,train,n04479046_46,n04479046
LSEJ_010242,images/n04479046_7349.png,train,n04479046_7349,n04479046
LSEJ_010243,images/n04482393_11316.png,train,n04482393_11316,n04482393
LSEJ_010244,images/n04482393_11353.png,train,n04482393_11353,n04482393
LSEJ_010245,images/n04482393_12714.png,train,n04482393_12714,n04482393
LSEJ_010246,images/n04482393_14135.png,train,n04482393_14135,n04482393
LSEJ_010249,images/n04482393_16883.png,train,n04482393_16883,n04482393
LSEJ_010250,images/n04482393_25396.png,train,n04482393_25396,n04482393
LSEJ_010253,images/n04483307_12291.png,train,n04483307_12291,n04483307
LSEJ_010255,images/n04483307_16620.png,train,n04483307_16620,n04483307
LSEJ_010256,images/n04483307_18291.png,train,n04483307_18291,n04483307
LSEJ_010257,images/n04483307_18330.png,train,n04483307_18330,n04483307
LSEJ_010258,images/n04483307_3569.png,train,n04483307_3569,n04483307
LSEJ_010259,images/n04483307_5316.png,train,n04483307_5316,n04483307
LSEJ_010260,images/n04483307_7455.png,train,n04483307_7455,n04483307
LSEJ_010261,images/n04483307_771.png,train,n04483307_771,n04483307
LSEJ_010262,images/n04483307_826.png,train,n04483307_826,n04483307
LSEJ_010263,images/n04483307_8840.png,train,n04483307_8840,n04483307
LSEJ_010265,images/n04483307_9389.png,train,n04483307_9389,n04483307
LSEJ_010266,images/n04483307_9685.png,train,n04483307_9685,n04483307
LSEJ_010268,images/n04485082_2422.png,train,n04485082_2422,n04485082
LSEJ_010269,images/n04485082_8136.png,train,n04485082_8136,n04485082
LSEJ_010270,images/n04486054_10764.png,train,n04486054_10764,n04486054
LSEJ_010272,images/n04486054_11439.png,train,n04486054_11439,n04486054
LSEJ_010274,images/n04486054_12411.png,train,n04486054_12411,n04486054
LSEJ_010275,images/n04486054_132.png,train,n04486054_132,n04486054
LSEJ_010276,images/n04486054_1941.png,train,n04486054_1941,n04486054
LSEJ_010277,images/n04486054_2091.png,train,n04486054_2091,n04486054
LSEJ_010278,images/n04486054_2187.png,train,n04486054_2187,n04486054
LSEJ_010280,images/n04486054_2726.png,train,n04486054_2726,n04486054
LSEJ_010281,images/n04486054_2765.png,train,n04486054_2765,n04486054
LSEJ_010283,images/n04486054_3276.png,train,n04486054_3276,n04486054
LSEJ_010284,images/n04486054_3374.png,train,n04486054_3374,n04486054
LSEJ_010285,images/n04486054_3851.png,train,n04486054_3851,n04486054
LSEJ_010286,images/n04486054_3976.png,train,n04486054_3976,n04486054
LSEJ_010288,images/n04486054_4455.png,train,n04486054_4455,n04486054
LSEJ_010289,images/n04486054_538.png,train,n04486054_538,n04486054
LSEJ_010290,images/n04486054_546.png,train,n04486054_546,n04486054
LSEJ_010292,images/n04486054_7009.png,train,n04486054_7009,n04486054
LSEJ_010293,images/n04486054_709.png,train,n04486054_709,n04486054
LSEJ_010294,images/n04486054_710.png,train,n04486054_710,n04486054
LSEJ_010296,images/n04486054_751.png,train,n04486054_751,n04486054
LSEJ_010297,images/n04486054_793.png,train,n04486054_793,n04486054
LSEJ_010298,images/n04486054_8609.png,train,n04486054_8609,n04486054
LSEJ_010300,images/n04486054_9585.png,train,n04486054_9585,n04486054
LSEJ_010302,images/n04487081_11185.png,train,n04487081_11185,n04487081
LSEJ_010304,images/n04487081_161.png,train,n04487081_161,n04487081
LSEJ_010306,images/n04487081_20231.png,train,n04487081_20231,n04487081
LSEJ_010308,images/n04487081_26123.png,train,n04487081_26123,n04487081
LSEJ_010309,images/n04487081_30955.png,train,n04487081_30955,n04487081
LSEJ_010310,images/n04487081_3392.png,train,n04487081_3392,n04487081
LSEJ_010312,images/n04487081_38249.png,train,n04487081_38249,n04487081
LSEJ_010313,images/n04487081_39784.png,train,n04487081_39784,n04487081
LSEJ_010314,images/n04487081_41221.png,train,n04487081_41221,n04487081
LSEJ_010315,images/n04487081_4838.png,train,n04487081_4838,n04487081
LSEJ_010316,images/n04487081_5046.png,train,n04487081_5046,n04487081
LSEJ_010317,images/n04487081_6846.png,train,n04487081_6846,n04487081
LSEJ_010318,images/n04487081_8669.png,train,n04487081_8669,n04487081
LSEJ_010319,images/n04487081_9024.png,train,n04487081_9024,n04487081
LSEJ_010320,images/n04487394_12755.png,train,n04487394_12755,n04487394
LSEJ_010321,images/n04487394_1460.png,train,n04487394_1460,n04487394
LSEJ_010322,images/n04487394_1714.png,train,n04487394_1714,n04487394
LSEJ_010323,images/n04487394_2209.png,train,n04487394_2209,n04487394
LSEJ_010325,images/n04487394_24224.png,train,n04487394_24224,n04487394
LSEJ_010326,images/n04487394_25737.png,train,n04487394_25737,n04487394
LSEJ_010327,images/n04487394_25799.png,train,n04487394_25799,n04487394
LSEJ_010328,images/n04487394_2699.png,train,n04487394_2699,n04487394
LSEJ_010329,images/n04487394_29527.png,train,n04487394_29527,n04487394
LSEJ_010330,images/n04487394_30069.png,train,n04487394_30069,n04487394
LSEJ_010332,images/n04487394_4037.png,train,n04487394_4037,n04487394
LSEJ_010334,images/n04487394_560.png,train,n04487394_560,n04487394
LSEJ_010335,images/n04487394_657.png,train,n04487394_657,n04487394
LSEJ_010337,images/n04487394_905.png,train,n04487394_905,n04487394
LSEJ_010340,images/n04493381_15585.png,train,n04493381_15585,n04493381
LSEJ_010341,images/n04493381_15685.png,train,n04493381_15685,n04493381
LSEJ_010342,images/n04493381_18601.png,train,n04493381_18601,n04493381
LSEJ_010343,images/n04493381_19048.png,train,n04493381_19048,n04493381
LSEJ_010344,images/n04493381_21894.png,train,n04493381_21894,n04493381
LSEJ_010345,images/n04493381_25437.png,train,n04493381_25437,n04493381
LSEJ_010346,images/n04493381_343.png,train,n04493381_343,n04493381
LSEJ_010348,images/n04493381_840.png,train,n04493381_840,n04493381
LSEJ_010350,images/n04501370_16252.png,train,n04501370_16252,n04501370
LSEJ_010351,images/n04501370_16653.png,train,n04501370_16653,n04501370
LSEJ_010352,images/n04501370_19359.png,train,n04501370_19359,n04501370
LSEJ_010354,images/n04501370_23100.png,train,n04501370_23100,n04501370
LSEJ_010355,images/n04501370_23272.png,train,n04501370_23272,n04501370
LSEJ_010356,images/n04501370_376.png,train,n04501370_376,n04501370
LSEJ_010358,images/n04501370_5293.png,train,n04501370_5293,n04501370
LSEJ_010359,images/n04501370_6767.png,train,n04501370_6767,n04501370
LSEJ_010361,images/n04501370_916.png,train,n04501370_916,n04501370
LSEJ_010362,images/n04501370_9729.png,train,n04501370_9729,n04501370
LSEJ_010363,images/n04501370_9798.png,train,n04501370_9798,n04501370
LSEJ_010365,images/n04505470_1052.png,train,n04505470_1052,n04505470
LSEJ_010366,images/n04505470_1076.png,train,n04505470_1076,n04505470
LSEJ_010367,images/n04505470_2038.png,train,n04505470_2038,n04505470
LSEJ_010368,images/n04505470_2207.png,train,n04505470_2207,n04505470
LSEJ_010369,images/n04505470_2306.png,train,n04505470_2306,n04505470
LSEJ_010370,images/n04505470_255.png,train,n04505470_255,n04505470
LSEJ_010372,images/n04505470_3255.png,train,n04505470_3255,n04505470
LSEJ_010373,images/n04505470_4168.png,train,n04505470_4168,n04505470
LSEJ_010374,images/n04505470_734.png,train,n04505470_734,n04505470
LSEJ_010375,images/n04505470_763.png,train,n04505470_763,n04505470
LSEJ_010377,images/n04507155_19415.png,train,n04507155_19415,n04507155
LSEJ_010378,images/n04507155_5122.png,train,n04507155_5122,n04507155
LSEJ_010379,images/n04509417_1812.png,train,n04509417_1812,n04509417
LSEJ_010380,images/n04509417_3498.png,train,n04509417_3498,n04509417
LSEJ_010381,images/n04509417_4869.png,train,n04509417_4869,n04509417
LSEJ_010385,images/n04515003_1827.png,train,n04515003_1827,n04515003
LSEJ_010386,images/n04515003_21323.png,train,n04515003_21323,n04515003
LSEJ_010387,images/n04515003_21447.png,train,n04515003_21447,n04515003
LSEJ_010389,images/n04515003_2581.png,train,n04515003_2581,n04515003
LSEJ_010390,images/n04515003_3531.png,train,n04515003_3531,n04515003
LSEJ_010391,images/n04515003_3939.png,train,n04515003_3939,n04515003
LSEJ_010392,images/n04515003_4224.png,train,n04515003_4224,n04515003
LSEJ_010393,images/n04515003_4549.png,train,n04515003_4549,n04515003
LSEJ_010395,images/n04515003_6561.png,train,n04515003_6561,n04515003
LSEJ_010396,images/n04515003_6827.png,train,n04515003_6827,n04515003
LSEJ_010397,images/n04515003_7705.png,train,n04515003_7705,n04515003
LSEJ_010398,images/n04515003_7762.png,train,n04515003_7762,n04515003
LSEJ_010399,images/n04515003_8158.png,train,n04515003_8158,n04515003
LSEJ_010401,images/n04515003_9363.png,train,n04515003_9363,n04515003
LSEJ_010402,images/n04517823_10130.png,train,n04517823_10130,n04517823
LSEJ_010403,images/n04517823_10695.png,train,n04517823_10695,n04517823
LSEJ_010404,images/n04517823_18082.png,train,n04517823_18082,n04517823
LSEJ_010406,images/n04517823_199.png,train,n04517823_199,n04517823
LSEJ_010407,images/n04517823_22031.png,train,n04517823_22031,n04517823
LSEJ_010408,images/n04517823_5283.png,train,n04517823_5283,n04517823
LSEJ_010409,images/n04517823_6269.png,train,n04517823_6269,n04517823
LSEJ_010411,images/n04522168_10278.png,train,n04522168_10278,n04522168
LSEJ_010412,images/n04522168_11391.png,train,n04522168_11391,n04522168
LSEJ_010413,images/n04522168_11914.png,train,n04522168_11914,n04522168
LSEJ_010415,images/n04522168_134.png,train,n04522168_134,n04522168
LSEJ_010417,images/n04522168_4218.png,train,n04522168_4218,n04522168
LSEJ_010419,images/n04522168_5220.png,train,n04522168_5220,n04522168
LSEJ_010420,images/n04522168_5398.png,train,n04522168_5398,n04522168
LSEJ_010422,images/n04522168_6383.png,train,n04522168_6383,n04522168
LSEJ_010423,images/n04522168_6591.png,train,n04522168_6591,n04522168
LSEJ_010424,images/n04522168_7351.png,train,n04522168_7351,n04522168
LSEJ_010425,images/n04522168_7717.png,train,n04522168_7717,n04522168
LSEJ_010426,images/n04522168_8833.png,train,n04522168_8833,n04522168
LSEJ_010427,images/n04522168_8987.png,train,n04522168_8987,n04522168
LSEJ_010429,images/n04522168_9517.png,train,n04522168_9517,n04522168
LSEJ_010430,images/n04523525_11979.png,train,n04523525_11979,n04523525
LSEJ_010431,images/n04523525_13361.png,train,n04523525_13361,n04523525
LSEJ_010432,images/n04523525_14005.png,train,n04523525_14005,n04523525
LSEJ_010433,images/n04523525_14218.png,train,n04523525_14218,n04523525
LSEJ_010435,images/n04523525_14494.png,train,n04523525_14494,n04523525
LSEJ_010436,images/n04523525_15581.png,train,n04523525_15581,n04523525
LSEJ_010441,images/n04523525_18246.png,train,n04523525_18246,n04523525
LSEJ_010443,images/n04523525_19674.png,train,n04523525_19674,n04523525
LSEJ_010444,images/n04523525_202.png,train,n04523525_202,n04523525
LSEJ_010446,images/n04523525_22142.png,train,n04523525_22142,n04523525
LSEJ_010447,images/n04523525_23416.png,train,n04523525_23416,n04523525
LSEJ_010448,images/n04523525_23494.png,train,n04523525_23494,n04523525
LSEJ_010449,images/n04523525_23501.png,train,n04523525_23501,n04523525
LSEJ_010450,images/n04523525_23659.png,train,n04523525_23659,n04523525
LSEJ_010451,images/n04523525_2384.png,train,n04523525_2384,n04523525
LSEJ_010452,images/n04523525_25455.png,train,n04523525_25455,n04523525
LSEJ_010454,images/n04523525_30632.png,train,n04523525_30632,n04523525
LSEJ_010455,images/n04523525_3143.png,train,n04523525_3143,n04523525
LSEJ_010456,images/n04523525_3437.png,train,n04523525_3437,n04523525
LSEJ_010458,images/n04523525_3607.png,train,n04523525_3607,n04523525
LSEJ_010459,images/n04523525_38108.png,train,n04523525_38108,n04523525
LSEJ_010460,images/n04523525_414.png,train,n04523525_414,n04523525
LSEJ_010461,images/n04523525_4349.png,train,n04523525_4349,n04523525
LSEJ_010462,images/n04523525_46408.png,train,n04523525_46408,n04523525
LSEJ_010464,images/n04523525_51842.png,train,n04523525_51842,n04523525
LSEJ_010465,images/n04523525_56671.png,train,n04523525_56671,n04523525
LSEJ_010466,images/n04523525_5961.png,train,n04523525_5961,n04523525
LSEJ_010467,images/n04523525_6737.png,train,n04523525_6737,n04523525
LSEJ_010468,images/n04523525_7935.png,train,n04523525_7935,n04523525
LSEJ_010469,images/n04523525_8753.png,train,n04523525_8753,n04523525
LSEJ_010471,images/n04523525_9986.png,train,n04523525_9986,n04523525
LSEJ_010472,images/n04525038_10243.png,train,n04525038_10243,n04525038
LSEJ_010473,images/n04525038_10471.png,train,n04525038_10471,n04525038
LSEJ_010474,images/n04525038_11757.png,train,n04525038_11757,n04525038
LSEJ_010475,images/n04525038_12365.png,train,n04525038_12365,n04525038
LSEJ_010476,images/n04525038_13499.png,train,n04525038_13499,n04525038
LSEJ_010478,images/n04525038_152.png,train,n04525038_152,n04525038
LSEJ_010480,images/n04525038_2778.png,train,n04525038_2778,n04525038
LSEJ_010481,images/n04525038_4565.png,train,n04525038_4565,n04525038
LSEJ_010482,images/n04525038_5586.png,train,n04525038_5586,n04525038
LSEJ_010485,images/n04525038_6415.png,train,n04525038_6415,n04525038
LSEJ_010486,images/n04525038_6485.png,train,n04525038_6485,n04525038
LSEJ_010487,images/n04525038_8150.png,train,n04525038_8150,n04525038
LSEJ_010489,images/n04525038_8589.png,train,n04525038_8589,n04525038
LSEJ_010490,images/n04525038_9324.png,train,n04525038_9324,n04525038
LSEJ_010491,images/n04525305_1150.png,train,n04525305_1150,n04525305
LSEJ_010493,images/n04525305_169.png,train,n04525305_169,n04525305
LSEJ_010494,images/n04525305_17694.png,train,n04525305_17694,n04525305
LSEJ_010495,images/n04525305_1839.png,train,n04525305_1839,n04525305
LSEJ_010496,images/n04525305_18429.png,train,n04525305_18429,n04525305
LSEJ_010499,images/n04525305_19617.png,train,n04525305_19617,n04525305
LSEJ_010500,images/n04525305_19865.png,train,n04525305_19865,n04525305
LSEJ_010501,images/n04525305_20160.png,train,n04525305_20160,n04525305
LSEJ_010502,images/n04525305_20397.png,train,n04525305_20397,n04525305
LSEJ_010503,images/n04525305_3137.png,train,n04525305_3137,n04525305
LSEJ_010504,images/n04525305_3361.png,train,n04525305_3361,n04525305
LSEJ_010505,images/n04525305_3539.png,train,n04525305_3539,n04525305
LSEJ_010506,images/n04525305_4060.png,train,n04525305_4060,n04525305
LSEJ_010507,images/n04525305_4729.png,train,n04525305_4729,n04525305
LSEJ_010508,images/n04525305_484.png,train,n04525305_484,n04525305
LSEJ_010510,images/n04525305_5734.png,train,n04525305_5734,n04525305
LSEJ_010512,images/n04525305_5868.png,train,n04525305_5868,n04525305
LSEJ_010513,images/n04525305_6856.png,train,n04525305_6856,n04525305
LSEJ_010514,images/n04525305_7228.png,train,n04525305_7228,n04525305
LSEJ_010515,images/n04525305_7521.png,train,n04525305_7521,n04525305
LSEJ_010519,images/n04532106_1424.png,train,n04532106_1424,n04532106
LSEJ_010520,images/n04532106_16345.png,train,n04532106_16345,n04532106
LSEJ_010522,images/n04532106_4081.png,train,n04532106_4081,n04532106
LSEJ_010523,images/n04532106_4948.png,train,n04532106_4948,n04532106
LSEJ_010524,images/n04532106_5778.png,train,n04532106_5778,n04532106
LSEJ_010525,images/n04532106_6678.png,train,n04532106_6678,n04532106
LSEJ_010526,images/n04532106_6756.png,train,n04532106_6756,n04532106
LSEJ_010528,images/n04532106_8158.png,train,n04532106_8158,n04532106
LSEJ_010529,images/n04532106_949.png,train,n04532106_949,n04532106
LSEJ_010530,images/n04532670_5390.png,train,n04532670_5390,n04532670
LSEJ_010531,images/n04536866_11468.png,train,n04536866_11468,n04536866
LSEJ_010532,images/n04536866_15441.png,train,n04536866_15441,n04536866
LSEJ_010534,images/n04536866_3479.png,train,n04536866_3479,n04536866
LSEJ_010535,images/n04536866_7388.png,train,n04536866_7388,n04536866
LSEJ_010536,images/n04536866_7859.png,train,n04536866_7859,n04536866
LSEJ_010537,images/n04536866_8764.png,train,n04536866_8764,n04536866
LSEJ_010539,images/n04540053_10280.png,train,n04540053_10280,n04540053
LSEJ_010541,images/n04540053_11217.png,train,n04540053_11217,n04540053
LSEJ_010544,images/n04540053_191.png,train,n04540053_191,n04540053
LSEJ_010545,images/n04540053_3462.png,train,n04540053_3462,n04540053
LSEJ_010546,images/n04540053_4940.png,train,n04540053_4940,n04540053
LSEJ_010547,images/n04540053_5579.png,train,n04540053_5579,n04540053
LSEJ_010548,images/n04540053_6848.png,train,n04540053_6848,n04540053
LSEJ_010549,images/n04542943_1258.png,train,n04542943_1258,n04542943
LSEJ_010551,images/n04542943_2382.png,train,n04542943_2382,n04542943
LSEJ_010552,images/n04542943_3492.png,train,n04542943_3492,n04542943
LSEJ_010553,images/n04542943_3800.png,train,n04542943_3800,n04542943
LSEJ_010554,images/n04542943_4098.png,train,n04542943_4098,n04542943
LSEJ_010555,images/n04542943_4247.png,train,n04542943_4247,n04542943
LSEJ_010556,images/n04542943_4643.png,train,n04542943_4643,n04542943
LSEJ_010558,images/n04548280_10390.png,train,n04548280_10390,n04548280
LSEJ_010559,images/n04548280_10686.png,train,n04548280_10686,n04548280
LSEJ_010561,images/n04548280_6000.png,train,n04548280_6000,n04548280
LSEJ_010562,images/n04548280_7210.png,train,n04548280_7210,n04548280
LSEJ_010564,images/n04548362_25798.png,train,n04548362_25798,n04548362
LSEJ_010566,images/n04548362_37370.png,train,n04548362_37370,n04548362
LSEJ_010567,images/n04548362_37697.png,train,n04548362_37697,n04548362
LSEJ_010568,images/n04548362_9521.png,train,n04548362_9521,n04548362
LSEJ_010570,images/n04550184_11524.png,train,n04550184_11524,n04550184
LSEJ_010571,images/n04550184_12478.png,train,n04550184_12478,n04550184
LSEJ_010572,images/n04550184_12928.png,train,n04550184_12928,n04550184
LSEJ_010573,images/n04550184_1342.png,train,n04550184_1342,n04550184
LSEJ_010574,images/n04550184_15898.png,train,n04550184_15898,n04550184
LSEJ_010575,images/n04550184_16518.png,train,n04550184_16518,n04550184
LSEJ_010576,images/n04550184_16746.png,train,n04550184_16746,n04550184
LSEJ_010577,images/n04550184_19406.png,train,n04550184_19406,n04550184
LSEJ_010579,images/n04550184_21673.png,train,n04550184_21673,n04550184
LSEJ_010582,images/n04550184_24571.png,train,n04550184_24571,n04550184
LSEJ_010583,images/n04550184_26124.png,train,n04550184_26124,n04550184
LSEJ_010584,images/n04550184_27.png,train,n04550184_27,n04550184
LSEJ_010585,images/n04550184_28882.png,train,n04550184_28882,n04550184
LSEJ_010586,images/n04550184_29653.png,train,n04550184_29653,n04550184
LSEJ_010588,images/n04550184_4430.png,train,n04550184_4430,n04550184
LSEJ_010589,images/n04550184_4763.png,train,n04550184_4763,n04550184
LSEJ_010590,images/n04550184_6781.png,train,n04550184_6781,n04550184
LSEJ_010591,images/n04550184_6941.png,train,n04550184_6941,n04550184
LSEJ_010592,images/n04550184_7082.png,train,n04550184_7082,n04550184
LSEJ_010594,images/n04550184_7863.png,train,n04550184_7863,n04550184
LSEJ_010595,images/n04550184_7969.png,train,n04550184_7969,n04550184
LSEJ_010598,images/n04550184_9707.png,train,n04550184_9707,n04550184
LSEJ_010599,images/n04552348_10479.png,train,n04552348_10479,n04552348
LSEJ_010600,images/n04552348_12277.png,train,n04552348_12277,n04552348
LSEJ_010601,images/n04552348_14665.png,train,n04552348_14665,n04552348
LSEJ_010602,images/n04552348_15837.png,train,n04552348_15837,n04552348
LSEJ_010603,images/n04552348_16743.png,train,n04552348_16743,n04552348
LSEJ_010604,images/n04552348_16954.png,train,n04552348_16954,n04552348
LSEJ_010606,images/n04552348_2027.png,train,n04552348_2027,n04552348
LSEJ_010607,images/n04552348_21159.png,train,n04552348_21159,n04552348
LSEJ_010608,images/n04552348_22639.png,train,n04552348_22639,n04552348
LSEJ_010609,images/n04552348_22898.png,train,n04552348_22898,n04552348
LSEJ_010612,images/n04552348_9124.png,train,n04552348_9124,n04552348
LSEJ_010613,images/n04553703_23883.png,train,n04553703_23883,n04553703
LSEJ_010614,images/n04553703_24013.png,train,n04553703_24013,n04553703
LSEJ_010616,images/n04553703_35975.png,train,n04553703_35975,n04553703
LSEJ_010617,images/n04553703_8272.png,train,n04553703_8272,n04553703
LSEJ_010618,images/n04554684_14981.png,train,n04554684_14981,n04554684
LSEJ_010619,images/n04554684_2753.png,train,n04554684_2753,n04554684
LSEJ_010620,images/n04557648_11619.png,train,n04557648_11619,n04557648
LSEJ_010622,images/n04557648_5702.png,train,n04557648_5702,n04557648
LSEJ_010623,images/n04557648_6282.png,train,n04557648_6282,n04557648
LSEJ_010624,images/n04557648_9649.png,train,n04557648_9649,n04557648
LSEJ_010625,images/n04560804_13799.png,train,n04560804_13799,n04560804
LSEJ_010626,images/n04560804_4904.png,train,n04560804_4904,n04560804
LSEJ_010627,images/n04560804_6652.png,train,n04560804_6652,n04560804
LSEJ_010628,images/n04560804_7406.png,train,n04560804_7406,n04560804
LSEJ_010630,images/n04562935_2808.png,train,n04562935_2808,n04562935
LSEJ_010633,images/n04579145_2004.png,train,n04579145_2004,n04579145
LSEJ_010634,images/n04579145_2910.png,train,n04579145_2910,n04579145
LSEJ_010635,images/n04579145_299.png,train,n04579145_299,n04579145
LSEJ_010636,images/n04579145_3033.png,train,n04579145_3033,n04579145
LSEJ_010637,images/n04579145_564.png,train,n04579145_564,n04579145
LSEJ_010638,images/n04579145_934.png,train,n04579145_934,n04579145
LSEJ_010640,images/n04579432_17243.png,train,n04579432_17243,n04579432
LSEJ_010641,images/n04579432_2922.png,train,n04579432_2922,n04579432
LSEJ_010642,images/n04579432_34248.png,train,n04579432_34248,n04579432
LSEJ_010643,images/n04579432_4738.png,train,n04579432_4738,n04579432
LSEJ_010644,images/n04579432_8387.png,train,n04579432_8387,n04579432
LSEJ_010646,images/n04579432_9933.png,train,n04579432_9933,n04579432
LSEJ_010647,images/n04584207_10929.png,train,n04584207_10929,n04584207
LSEJ_010648,images/n04584207_10972.png,train,n04584207_10972,n04584207
LSEJ_010650,images/n04584207_1924.png,train,n04584207_1924,n04584207
LSEJ_010652,images/n04584207_3647.png,train,n04584207_3647,n04584207
LSEJ_010653,images/n04584207_5668.png,train,n04584207_5668,n04584207
LSEJ_010655,images/n04589890_7773.png,train,n04589890_7773,n04589890
LSEJ_010656,images/n04589890_8002.png,train,n04589890_8002,n04589890
LSEJ_010657,images/n04589890_8057.png,train,n04589890_8057,n04589890
LSEJ_010659,images/n04589890_9709.png,train,n04589890_9709,n04589890
LSEJ_010660,images/n04590129_10746.png,train,n04590129_10746,n04590129
LSEJ_010661,images/n04590129_11108.png,train,n04590129_11108,n04590129
LSEJ_010662,images/n04591157_1454.png,train,n04591157_1454,n04591157
LSEJ_010664,images/n04591157_2154.png,train,n04591157_2154,n04591157
LSEJ_010665,images/n04591157_2318.png,train,n04591157_2318,n04591157
LSEJ_010666,images/n04591157_3912.png,train,n04591157_3912,n04591157
LSEJ_010668,images/n04591713_2971.png,train,n04591713_2971,n04591713
LSEJ_010670,images/n04591713_4060.png,train,n04591713_4060,n04591713
LSEJ_010671,images/n04591713_4232.png,train,n04591713_4232,n04591713
LSEJ_010672,images/n04592741_893.png,train,n04592741_893,n04592741
LSEJ_010673,images/n04596742_13059.png,train,n04596742_13059,n04596742
LSEJ_010674,images/n04596742_21467.png,train,n04596742_21467,n04596742
LSEJ_010675,images/n04596742_23019.png,train,n04596742_23019,n04596742
LSEJ_010676,images/n04596742_5204.png,train,n04596742_5204,n04596742
LSEJ_010678,images/n04597913_1360.png,train,n04597913_1360,n04597913
LSEJ_010679,images/n04597913_1531.png,train,n04597913_1531,n04597913
LSEJ_010681,images/n04597913_3445.png,train,n04597913_3445,n04597913
LSEJ_010683,images/n04597913_549.png,train,n04597913_549,n04597913
LSEJ_010684,images/n04597913_5618.png,train,n04597913_5618,n04597913
LSEJ_010685,images/n04599235_11464.png,train,n04599235_11464,n04599235
LSEJ_010688,images/n04599235_15891.png,train,n04599235_15891,n04599235
LSEJ_010689,images/n04599235_15894.png,train,n04599235_15894,n04599235
LSEJ_010690,images/n04599235_17949.png,train,n04599235_17949,n04599235
LSEJ_010692,images/n04599235_3449.png,train,n04599235_3449,n04599235
LSEJ_010693,images/n04599235_3752.png,train,n04599235_3752,n04599235
LSEJ_010694,images/n04599235_4538.png,train,n04599235_4538,n04599235
LSEJ_010695,images/n04599235_4804.png,train,n04599235_4804,n04599235
LSEJ_010696,images/n04599235_5092.png,train,n04599235_5092,n04599235
LSEJ_010697,images/n04599235_7471.png,train,n04599235_7471,n04599235
LSEJ_010698,images/n04599235_7923.png,train,n04599235_7923,n04599235
LSEJ_010699,images/n04604644_10834.png,train,n04604644_10834,n04604644
LSEJ_010700,images/n04604644_12510.png,train,n04604644_12510,n04604644
LSEJ_010701,images/n04604644_1351.png,train,n04604644_1351,n04604644
LSEJ_010702,images/n04604644_1810.png,train,n04604644_1810,n04604644
LSEJ_010704,images/n04604644_5009.png,train,n04604644_5009,n04604644
LSEJ_010706,images/n04604644_9625.png,train,n04604644_9625,n04604644
LSEJ_010707,images/n04604644_9899.png,train,n04604644_9899,n04604644
LSEJ_010708,images/n04606251_10067.png,train,n04606251_10067,n04606251
LSEJ_010709,images/n04606251_1012.png,train,n04606251_1012,n04606251
LSEJ_010710,images/n04606251_11163.png,train,n04606251_11163,n04606251
LSEJ_010711,images/n04606251_11741.png,train,n04606251_11741,n04606251
LSEJ_010712,images/n04606251_12310.png,train,n04606251_12310,n04606251
LSEJ_010713,images/n04606251_12640.png,train,n04606251_12640,n04606251
LSEJ_010715,images/n04606251_13787.png,train,n04606251_13787,n04606251
LSEJ_010717,images/n04606251_1411.png,train,n04606251_1411,n04606251
LSEJ_010718,images/n04606251_14134.png,train,n04606251_14134,n04606251
LSEJ_010719,images/n04606251_14354.png,train,n04606251_14354,n04606251
LSEJ_010720,images/n04606251_2017.png,train,n04606251_2017,n04606251
LSEJ_010721,images/n04606251_2998.png,train,n04606251_2998,n04606251
LSEJ_010723,images/n04606251_5123.png,train,n04606251_5123,n04606251
LSEJ_010725,images/n04606251_604.png,train,n04606251_604,n04606251
LSEJ_010727,images/n04606251_6852.png,train,n04606251_6852,n04606251
LSEJ_010729,images/n04606251_9938.png,train,n04606251_9938,n04606251
LSEJ_010730,images/n04612504_1337.png,train,n04612504_1337,n04612504
LSEJ_010732,images/n04612504_3543.png,train,n04612504_3543,n04612504
LSEJ_010733,images/n04612504_4457.png,train,n04612504_4457,n04612504
LSEJ_010735,images/n04612504_5347.png,train,n04612504_5347,n04612504
LSEJ_010736,images/n04612504_8077.png,train,n04612504_8077,n04612504
LSEJ_010737,images/n04612504_852.png,train,n04612504_852,n04612504
LSEJ_010738,images/n04612504_8829.png,train,n04612504_8829,n04612504
LSEJ_010739,images/n04613696_10248.png,train,n04613696_10248,n04613696
LSEJ_010740,images/n04613696_10403.png,train,n04613696_10403,n04613696
LSEJ_010743,images/n04613696_11624.png,train,n04613696_11624,n04613696
LSEJ_010744,images/n04613696_1190.png,train,n04613696_1190,n04613696
LSEJ_010746,images/n04613696_158.png,train,n04613696_158,n04613696
LSEJ_010747,images/n04613696_3144.png,train,n04613696_3144,n04613696
LSEJ_010748,images/n04613696_4732.png,train,n04613696_4732,n04613696
LSEJ_010749,images/n04613696_740.png,train,n04613696_740,n04613696
LSEJ_010750,images/n04613696_7610.png,train,n04613696_7610,n04613696
LSEJ_010751,images/n04613696_9546.png,train,n04613696_9546,n04613696
LSEJ_010752,images/n04613696_9693.png,train,n04613696_9693,n04613696
LSEJ_010753,images/n06359193_13696.png,train,n06359193_13696,n06359193
LSEJ_010755,images/n06359193_17147.png,train,n06359193_17147,n06359193
LSEJ_010756,images/n06359193_17485.png,train,n06359193_17485,n06359193
LSEJ_010757,images/n06359193_6660.png,train,n06359193_6660,n06359193
LSEJ_010758,images/n06359193_845.png,train,n06359193_845,n06359193
LSEJ_010760,images/n06596364_10621.png,train,n06596364_10621,n06596364
LSEJ_010762,images/n06596364_18353.png,train,n06596364_18353,n06596364
LSEJ_010763,images/n06596364_4897.png,train,n06596364_4897,n06596364
LSEJ_010764,images/n06596364_9124.png,train,n06596364_9124,n06596364
LSEJ_010767,images/n06785654_11653.png,train,n06785654_11653,n06785654
LSEJ_010769,images/n06785654_17137.png,train,n06785654_17137,n06785654
LSEJ_010770,images/n06785654_21164.png,train,n06785654_21164,n06785654
LSEJ_010771,images/n06785654_9284.png,train,n06785654_9284,n06785654
LSEJ_010774,images/n06794110_1877.png,train,n06794110_1877,n06794110
LSEJ_010775,images/n06794110_1978.png,train,n06794110_1978,n06794110
LSEJ_010776,images/n06794110_2069.png,train,n06794110_2069,n06794110
LSEJ_010777,images/n06794110_2080.png,train,n06794110_2080,n06794110
LSEJ_010779,images/n06794110_2105.png,train,n06794110_2105,n06794110
LSEJ_010781,images/n06794110_2272.png,train,n06794110_2272,n06794110
LSEJ_010783,images/n06794110_2356.png,train,n06794110_2356,n06794110
LSEJ_010784,images/n06794110_2416.png,train,n06794110_2416,n06794110
LSEJ_010785,images/n06794110_2421.png,train,n06794110_2421,n06794110
LSEJ_010787,images/n06794110_2649.png,train,n06794110_2649,n06794110
LSEJ_010789,images/n06794110_3283.png,train,n06794110_3283,n06794110
LSEJ_010790,images/n06794110_3578.png,train,n06794110_3578,n06794110
LSEJ_010791,images/n06794110_3704.png,train,n06794110_3704,n06794110
LSEJ_010792,images/n06794110_4004.png,train,n06794110_4004,n06794110
LSEJ_010793,images/n06794110_432.png,train,n06794110_432,n06794110
LSEJ_010794,images/n06794110_4678.png,train,n06794110_4678,n06794110
LSEJ_010795,images/n06794110_4877.png,train,n06794110_4877,n06794110
LSEJ_010796,images/n06794110_488.png,train,n06794110_488,n06794110
LSEJ_010797,images/n06794110_5294.png,train,n06794110_5294,n06794110
LSEJ_010799,images/n06794110_5801.png,train,n06794110_5801,n06794110
LSEJ_010801,images/n06794110_6232.png,train,n06794110_6232,n06794110
LSEJ_010802,images/n06794110_6689.png,train,n06794110_6689,n06794110
LSEJ_010803,images/n06794110_6844.png,train,n06794110_6844,n06794110
LSEJ_010804,images/n06794110_699.png,train,n06794110_699,n06794110
LSEJ_010805,images/n06794110_995.png,train,n06794110_995,n06794110
LSEJ_010807,images/n06874185_32467.png,train,n06874185_32467,n06874185
LSEJ_010808,images/n06874185_8308.png,train,n06874185_8308,n06874185
LSEJ_010809,images/n07248320_4734.png,train,n07248320_4734,n07248320
LSEJ_010810,images/n07248320_7073.png,train,n07248320_7073,n07248320
LSEJ_010812,images/n07579787_11018.png,train,n07579787_11018,n07579787
LSEJ_010813,images/n07579787_11484.png,train,n07579787_11484,n07579787
LSEJ_010814,images/n07579787_12317.png,train,n07579787_12317,n07579787
LSEJ_010815,images/n07579787_1268.png,train,n07579787_1268,n07579787
LSEJ_010817,images/n07579787_13990.png,train,n07579787_13990,n07579787
LSEJ_010818,images/n07579787_14803.png,train,n07579787_14803,n07579787
LSEJ_010819,images/n07579787_18649.png,train,n07579787_18649,n07579787
LSEJ_010820,images/n07579787_196.png,train,n07579787_196,n07579787
LSEJ_010821,images/n07579787_2061.png,train,n07579787_2061,n07579787
LSEJ_010822,images/n07579787_249.png,train,n07579787_249,n07579787
LSEJ_010823,images/n07579787_2866.png,train,n07579787_2866,n07579787
LSEJ_010825,images/n07579787_8253.png,train,n07579787_8253,n07579787
LSEJ_010826,images/n07579787_8605.png,train,n07579787_8605,n07579787
LSEJ_010828,images/n07583066_10183.png,train,n07583066_10183,n07583066
LSEJ_010829,images/n07583066_10369.png,train,n07583066_10369,n07583066
LSEJ_010832,images/n07583066_1713.png,train,n07583066_1713,n07583066
LSEJ_010834,images/n07583066_2152.png,train,n07583066_2152,n07583066
LSEJ_010835,images/n07583066_404.png,train,n07583066_404,n07583066
LSEJ_010836,images/n07583066_4882.png,train,n07583066_4882,n07583066
LSEJ_010837,images/n07583066_6289.png,train,n07583066_6289,n07583066
LSEJ_010838,images/n07583066_8383.png,train,n07583066_8383,n07583066
LSEJ_010839,images/n07583066_8606.png,train,n07583066_8606,n07583066
LSEJ_010840,images/n07583066_9520.png,train,n07583066_9520,n07583066
LSEJ_010843,images/n07584110_1965.png,train,n07584110_1965,n07584110
LSEJ_010844,images/n07584110_2141.png,train,n07584110_2141,n07584110
LSEJ_010845,images/n07584110_318.png,train,n07584110_318,n07584110
LSEJ_010846,images/n07584110_332.png,train,n07584110_332,n07584110
LSEJ_010847,images/n07584110_3531.png,train,n07584110_3531,n07584110
LSEJ_010848,images/n07584110_3618.png,train,n07584110_3618,n07584110
LSEJ_010849,images/n07584110_3783.png,train,n07584110_3783,n07584110
LSEJ_010850,images/n07584110_3857.png,train,n07584110_3857,n07584110
LSEJ_010851,images/n07584110_3992.png,train,n07584110_3992,n07584110
LSEJ_010852,images/n07584110_4388.png,train,n07584110_4388,n07584110
LSEJ_010854,images/n07584110_5823.png,train,n07584110_5823,n07584110
LSEJ_010856,images/n07584110_6434.png,train,n07584110_6434,n07584110
LSEJ_010857,images/n07584110_6928.png,train,n07584110_6928,n07584110
LSEJ_010858,images/n07584110_8214.png,train,n07584110_8214,n07584110
LSEJ_010859,images/n07584110_8764.png,train,n07584110_8764,n07584110
LSEJ_010861,images/n07584110_9182.png,train,n07584110_9182,n07584110
LSEJ_010862,images/n07590611_10775.png,train,n07590611_10775,n07590611
LSEJ_010863,images/n07590611_11808.png,train,n07590611_11808,n07590611
LSEJ_010866,images/n07590611_14369.png,train,n07590611_14369,n07590611
LSEJ_010868,images/n07590611_15804.png,train,n07590611_15804,n07590611
LSEJ_010870,images/n07590611_17807.png,train,n07590611_17807,n07590611
LSEJ_010871,images/n07590611_18076.png,train,n07590611_18076,n07590611
LSEJ_010872,images/n07590611_18149.png,train,n07590611_18149,n07590611
LSEJ_010874,images/n07590611_20876.png,train,n07590611_20876,n07590611
LSEJ_010875,images/n07590611_3385.png,train,n07590611_3385,n07590611
LSEJ_010876,images/n07590611_6930.png,train,n07590611_6930,n07590611
LSEJ_010877,images/n07590611_6991.png,train,n07590611_6991,n07590611
LSEJ_010878,images/n07590611_7511.png,train,n07590611_7511,n07590611
LSEJ_010879,images/n07590611_7963.png,train,n07590611_7963,n07590611
LSEJ_010880,images/n07613480_10675.png,train,n07613480_10675,n07613480
LSEJ_010882,images/n07613480_16377.png,train,n07613480_16377,n07613480
LSEJ_010884,images/n07613480_20849.png,train,n07613480_20849,n07613480
LSEJ_010885,images/n07613480_21506.png,train,n07613480_21506,n07613480
LSEJ_010887,images/n07613480_22030.png,train,n07613480_22030,n07613480
LSEJ_010888,images/n07613480_22176.png,train,n07613480_22176,n07613480
LSEJ_010889,images/n07613480_23076.png,train,n07613480_23076,n07613480
LSEJ_010890,images/n07613480_24968.png,train,n07613480_24968,n07613480
LSEJ_010891,images/n07613480_4137.png,train,n07613480_4137,n07613480
LSEJ_010892,images/n07613480_4309.png,train,n07613480_4309,n07613480
LSEJ_010893,images/n07613480_7102.png,train,n07613480_7102,n07613480
LSEJ_010894,images/n07684084_1022.png,train,n07684084_1022,n07684084
LSEJ_010895,images/n07684084_1404.png,train,n07684084_1404,n07684084
LSEJ_010897,images/n07684084_1464.png,train,n07684084_1464,n07684084
LSEJ_010899,images/n07684084_1662.png,train,n07684084_1662,n07684084
LSEJ_010900,images/n07684084_1930.png,train,n07684084_1930,n07684084
LSEJ_010901,images/n07684084_2172.png,train,n07684084_2172,n07684084
LSEJ_010902,images/n07684084_2226.png,train,n07684084_2226,n07684084
LSEJ_010903,images/n07684084_2364.png,train,n07684084_2364,n07684084
LSEJ_010904,images/n07684084_2598.png,train,n07684084_2598,n07684084
LSEJ_010905,images/n07684084_2614.png,train,n07684084_2614,n07684084
LSEJ_010906,images/n07684084_2926.png,train,n07684084_2926,n07684084
LSEJ_010909,images/n07684084_4317.png,train,n07684084_4317,n07684084
LSEJ_010910,images/n07684084_4441.png,train,n07684084_4441,n07684084
LSEJ_010912,images/n07684084_5224.png,train,n07684084_5224,n07684084
LSEJ_010913,images/n07684084_5268.png,train,n07684084_5268,n07684084
LSEJ_010914,images/n07684084_5507.png,train,n07684084_5507,n07684084
LSEJ_010915,images/n07684084_5615.png,train,n07684084_5615,n07684084
LSEJ_010916,images/n07684084_565.png,train,n07684084_565,n07684084
LSEJ_010918,images/n07684084_6092.png,train,n07684084_6092,n07684084
LSEJ_010919,images/n07684084_6374.png,train,n07684084_6374,n07684084
LSEJ_010920,images/n07684084_6455.png,train,n07684084_6455,n07684084
LSEJ_010921,images/n07684084_6508.png,train,n07684084_6508,n07684084
LSEJ_010924,images/n07684084_7963.png,train,n07684084_7963,n07684084
LSEJ_010926,images/n07684084_8463.png,train,n07684084_8463,n07684084
LSEJ_010927,images/n07684084_8718.png,train,n07684084_8718,n07684084
LSEJ_010928,images/n07684084_8900.png,train,n07684084_8900,n07684084
LSEJ_010929,images/n07684084_8973.png,train,n07684084_8973,n07684084
LSEJ_010930,images/n07684084_9286.png,train,n07684084_9286,n07684084
LSEJ_010931,images/n07684084_972.png,train,n07684084_972,n07684084
LSEJ_010933,images/n07693725_1074.png,train,n07693725_1074,n07693725
LSEJ_010934,images/n07693725_1080.png,train,n07693725_1080,n07693725
LSEJ_010936,images/n07693725_11194.png,train,n07693725_11194,n07693725
LSEJ_010937,images/n07693725_11822.png,train,n07693725_11822,n07693725
LSEJ_010938,images/n07693725_11869.png,train,n07693725_11869,n07693725
LSEJ_010939,images/n07693725_11887.png,train,n07693725_11887,n07693725
LSEJ_010940,images/n07693725_12956.png,train,n07693725_12956,n07693725
LSEJ_010941,images/n07693725_2077.png,train,n07693725_2077,n07693725
LSEJ_010942,images/n07693725_3939.png,train,n07693725_3939,n07693725
LSEJ_010943,images/n07693725_4786.png,train,n07693725_4786,n07693725
LSEJ_010944,images/n07693725_4830.png,train,n07693725_4830,n07693725
LSEJ_010945,images/n07693725_5486.png,train,n07693725_5486,n07693725
LSEJ_010946,images/n07693725_5781.png,train,n07693725_5781,n07693725
LSEJ_010949,images/n07695742_10052.png,train,n07695742_10052,n07695742
LSEJ_010950,images/n07695742_10824.png,train,n07695742_10824,n07695742
LSEJ_010954,images/n07695742_2169.png,train,n07695742_2169,n07695742
LSEJ_010955,images/n07695742_2935.png,train,n07695742_2935,n07695742
LSEJ_010956,images/n07695742_3114.png,train,n07695742_3114,n07695742
LSEJ_010957,images/n07695742_4548.png,train,n07695742_4548,n07695742
LSEJ_010958,images/n07695742_4793.png,train,n07695742_4793,n07695742
LSEJ_010959,images/n07695742_7316.png,train,n07695742_7316,n07695742
LSEJ_010960,images/n07695742_7717.png,train,n07695742_7717,n07695742
LSEJ_010961,images/n07695742_8748.png,train,n07695742_8748,n07695742
LSEJ_010962,images/n07695742_9852.png,train,n07695742_9852,n07695742
LSEJ_010964,images/n07697313_12107.png,train,n07697313_12107,n07697313
LSEJ_010965,images/n07697313_1309.png,train,n07697313_1309,n07697313
LSEJ_010966,images/n07697313_16695.png,train,n07697313_16695,n07697313
LSEJ_010967,images/n07697313_2876.png,train,n07697313_2876,n07697313
LSEJ_010970,images/n07697313_804.png,train,n07697313_804,n07697313
LSEJ_010971,images/n07697313_8467.png,train,n07697313_8467,n07697313
LSEJ_010972,images/n07697313_9259.png,train,n07697313_9259,n07697313
LSEJ_010973,images/n07697537_1586.png,train,n07697537_1586,n07697537
LSEJ_010974,images/n07697537_17193.png,train,n07697537_17193,n07697537
LSEJ_010975,images/n07697537_22561.png,train,n07697537_22561,n07697537
LSEJ_010977,images/n07697537_24811.png,train,n07697537_24811,n07697537
LSEJ_010979,images/n07697537_29692.png,train,n07697537_29692,n07697537
LSEJ_010980,images/n07697537_3054.png,train,n07697537_3054,n07697537
LSEJ_010981,images/n07697537_32685.png,train,n07697537_32685,n07697537
LSEJ_010982,images/n07697537_33237.png,train,n07697537_33237,n07697537
LSEJ_010984,images/n07697537_6519.png,train,n07697537_6519,n07697537
LSEJ_010985,images/n07711569_1001.png,train,n07711569_1001,n07711569
LSEJ_010986,images/n07711569_1622.png,train,n07711569_1622,n07711569
LSEJ_010988,images/n07711569_3894.png,train,n07711569_3894,n07711569
LSEJ_010989,images/n07711569_4567.png,train,n07711569_4567,n07711569
LSEJ_010990,images/n07711569_5170.png,train,n07711569_5170,n07711569
LSEJ_010991,images/n07711569_5558.png,train,n07711569_5558,n07711569
LSEJ_010993,images/n07711569_749.png,train,n07711569_749,n07711569
LSEJ_010994,images/n07711569_7849.png,train,n07711569_7849,n07711569
LSEJ_010996,images/n07711569_9696.png,train,n07711569_9696,n07711569
LSEJ_010997,images/n07711569_9703.png,train,n07711569_9703,n07711569
LSEJ_010998,images/n07711569_9732.png,train,n07711569_9732,n07711569
LSEJ_010999,images/n07714571_1135.png,train,n07714571_1135,n07714571
LSEJ_011000,images/n07714571_1161.png,train,n07714571_1161,n07714571
LSEJ_011001,images/n07714571_12068.png,train,n07714571_12068,n07714571
LSEJ_011002,images/n07714571_12936.png,train,n07714571_12936,n07714571
LSEJ_011003,images/n07714571_13376.png,train,n07714571_13376,n07714571
LSEJ_011007,images/n07714571_1459.png,train,n07714571_1459,n07714571
LSEJ_011008,images/n07714571_15540.png,train,n07714571_15540,n07714571
LSEJ_011009,images/n07714571_16509.png,train,n07714571_16509,n07714571
LSEJ_011010,images/n07714571_16752.png,train,n07714571_16752,n07714571
LSEJ_011011,images/n07714571_18274.png,train,n07714571_18274,n07714571
LSEJ_011012,images/n07714571_19267.png,train,n07714571_19267,n07714571
LSEJ_011013,images/n07714571_24905.png,train,n07714571_24905,n07714571
LSEJ_011014,images/n07714571_2562.png,train,n07714571_2562,n07714571
LSEJ_011018,images/n07714571_4346.png,train,n07714571_4346,n07714571
LSEJ_011019,images/n07714571_5538.png,train,n07714571_5538,n07714571
LSEJ_011020,images/n07714571_5579.png,train,n07714571_5579,n07714571
LSEJ_011021,images/n07714571_5669.png,train,n07714571_5669,n07714571
LSEJ_011022,images/n07714990_15522.png,train,n07714990_15522,n07714990
LSEJ_011024,images/n07714990_7755.png,train,n07714990_7755,n07714990
LSEJ_011025,images/n07714990_8148.png,train,n07714990_8148,n07714990
LSEJ_011026,images/n07715103_10480.png,train,n07715103_10480,n07715103
LSEJ_011028,images/n07715103_1455.png,train,n07715103_1455,n07715103
LSEJ_011029,images/n07715103_15020.png,train,n07715103_15020,n07715103
LSEJ_011030,images/n07715103_15025.png,train,n07715103_15025,n07715103
LSEJ_011033,images/n07715103_1764.png,train,n07715103_1764,n07715103
LSEJ_011034,images/n07715103_566.png,train,n07715103_566,n07715103
LSEJ_011035,images/n07715103_7832.png,train,n07715103_7832,n07715103
LSEJ_011036,images/n07715103_825.png,train,n07715103_825,n07715103
LSEJ_011037,images/n07716358_12268.png,train,n07716358_12268,n07716358
LSEJ_011038,images/n07716358_16503.png,train,n07716358_16503,n07716358
LSEJ_011039,images/n07716358_18011.png,train,n07716358_18011,n07716358
LSEJ_011040,images/n07716358_19863.png,train,n07716358_19863,n07716358
LSEJ_011042,images/n07716358_25780.png,train,n07716358_25780,n07716358
LSEJ_011043,images/n07716358_26599.png,train,n07716358_26599,n07716358
LSEJ_011045,images/n07716358_30259.png,train,n07716358_30259,n07716358
LSEJ_011046,images/n07716358_32992.png,train,n07716358_32992,n07716358
LSEJ_011047,images/n07716358_37287.png,train,n07716358_37287,n07716358
LSEJ_011048,images/n07716358_40627.png,train,n07716358_40627,n07716358
LSEJ_011051,images/n07716358_5659.png,train,n07716358_5659,n07716358
LSEJ_011052,images/n07716358_6812.png,train,n07716358_6812,n07716358
LSEJ_011053,images/n07716906_10978.png,train,n07716906_10978,n07716906
LSEJ_011054,images/n07716906_11087.png,train,n07716906_11087,n07716906
LSEJ_011055,images/n07716906_11135.png,train,n07716906_11135,n07716906
LSEJ_011056,images/n07716906_11288.png,train,n07716906_11288,n07716906
LSEJ_011057,images/n07716906_11322.png,train,n07716906_11322,n07716906
LSEJ_011058,images/n07716906_11625.png,train,n07716906_11625,n07716906
LSEJ_011059,images/n07716906_1408.png,train,n07716906_1408,n07716906
LSEJ_011060,images/n07716906_1428.png,train,n07716906_1428,n07716906
LSEJ_011061,images/n07716906_165.png,train,n07716906_165,n07716906
LSEJ_011063,images/n07716906_2028.png,train,n07716906_2028,n07716906
LSEJ_011064,images/n07716906_2520.png,train,n07716906_2520,n07716906
LSEJ_011066,images/n07716906_4295.png,train,n07716906_4295,n07716906
LSEJ_011068,images/n07716906_6654.png,train,n07716906_6654,n07716906
LSEJ_011069,images/n07716906_6692.png,train,n07716906_6692,n07716906
LSEJ_011071,images/n07716906_7295.png,train,n07716906_7295,n07716906
LSEJ_011073,images/n07716906_8265.png,train,n07716906_8265,n07716906
LSEJ_011074,images/n07716906_8339.png,train,n07716906_8339,n07716906
LSEJ_011075,images/n07716906_8363.png,train,n07716906_8363,n07716906
LSEJ_011076,images/n07716906_8909.png,train,n07716906_8909,n07716906
LSEJ_011077,images/n07716906_9092.png,train,n07716906_9092,n07716906
LSEJ_011080,images/n07717410_10279.png,train,n07717410_10279,n07717410
LSEJ_011081,images/n07717410_10338.png,train,n07717410_10338,n07717410
LSEJ_011083,images/n07717410_10631.png,train,n07717410_10631,n07717410
LSEJ_011085,images/n07717410_10993.png,train,n07717410_10993,n07717410
LSEJ_011086,images/n07717410_11059.png,train,n07717410_11059,n07717410
LSEJ_011088,images/n07717410_11221.png,train,n07717410_11221,n07717410
LSEJ_011089,images/n07717410_11267.png,train,n07717410_11267,n07717410
LSEJ_011091,images/n07717410_11299.png,train,n07717410_11299,n07717410
LSEJ_011093,images/n07717410_11449.png,train,n07717410_11449,n07717410
LSEJ_011094,images/n07717410_11528.png,train,n07717410_11528,n07717410
LSEJ_011095,images/n07717410_11533.png,train,n07717410_11533,n07717410
LSEJ_011097,images/n07717410_11599.png,train,n07717410_11599,n07717410
LSEJ_011098,images/n07717410_11636.png,train,n07717410_11636,n07717410
LSEJ_011100,images/n07717410_11716.png,train,n07717410_11716,n07717410
LSEJ_011101,images/n07717410_11727.png,train,n07717410_11727,n07717410
LSEJ_011102,images/n07717410_11790.png,train,n07717410_11790,n07717410
LSEJ_011103,images/n07717410_12016.png,train,n07717410_12016,n07717410
LSEJ_011105,images/n07717410_12476.png,train,n07717410_12476,n07717410
LSEJ_011108,images/n07717410_12724.png,train,n07717410_12724,n07717410
LSEJ_011109,images/n07717410_2528.png,train,n07717410_2528,n07717410
LSEJ_011110,images/n07717410_2806.png,train,n07717410_2806,n07717410
LSEJ_011111,images/n07717410_4231.png,train,n07717410_4231,n07717410
LSEJ_011112,images/n07717410_469.png,train,n07717410_469,n07717410
LSEJ_011113,images/n07717410_5860.png,train,n07717410_5860,n07717410
LSEJ_011114,images/n07717410_589.png,train,n07717410_589,n07717410
LSEJ_011115,images/n07717410_5892.png,train,n07717410_5892,n07717410
LSEJ_011118,images/n07717410_6320.png,train,n07717410_6320,n07717410
LSEJ_011119,images/n07717410_6360.png,train,n07717410_6360,n07717410
LSEJ_011120,images/n07717410_6649.png,train,n07717410_6649,n07717410
LSEJ_011122,images/n07717410_6756.png,train,n07717410_6756,n07717410
LSEJ_011123,images/n07717410_6817.png,train,n07717410_6817,n07717410
LSEJ_011124,images/n07717410_7473.png,train,n07717410_7473,n07717410
LSEJ_011125,images/n07717410_7495.png,train,n07717410_7495,n07717410
LSEJ_011126,images/n07717410_758.png,train,n07717410_758,n07717410
LSEJ_011127,images/n07717410_8416.png,train,n07717410_8416,n07717410
LSEJ_011128,images/n07717410_8553.png,train,n07717410_8553,n07717410
LSEJ_011129,images/n07717410_8836.png,train,n07717410_8836,n07717410
LSEJ_011130,images/n07717410_8946.png,train,n07717410_8946,n07717410
LSEJ_011131,images/n07717410_9258.png,train,n07717410_9258,n07717410
LSEJ_011132,images/n07717410_9995.png,train,n07717410_9995,n07717410
LSEJ_011133,images/n07717556_12089.png,train,n07717556_12089,n07717556
LSEJ_011134,images/n07717556_12850.png,train,n07717556_12850,n07717556
LSEJ_011135,images/n07717556_14586.png,train,n07717556_14586,n07717556
LSEJ_011137,images/n07717556_14716.png,train,n07717556_14716,n07717556
LSEJ_011138,images/n07717556_1500.png,train,n07717556_1500,n07717556
LSEJ_011140,images/n07717556_1814.png,train,n07717556_1814,n07717556
LSEJ_011142,images/n07717556_6032.png,train,n07717556_6032,n07717556
LSEJ_011143,images/n07717556_8311.png,train,n07717556_8311,n07717556
LSEJ_011144,images/n07717556_9423.png,train,n07717556_9423,n07717556
LSEJ_011145,images/n07718472_14090.png,train,n07718472_14090,n07718472
LSEJ_011147,images/n07718472_21157.png,train,n07718472_21157,n07718472
LSEJ_011148,images/n07718472_21365.png,train,n07718472_21365,n07718472
LSEJ_011149,images/n07718472_25013.png,train,n07718472_25013,n07718472
LSEJ_011150,images/n07718472_27840.png,train,n07718472_27840,n07718472
LSEJ_011152,images/n07718472_31705.png,train,n07718472_31705,n07718472
LSEJ_011153,images/n07718472_36615.png,train,n07718472_36615,n07718472
LSEJ_011155,images/n07718472_7224.png,train,n07718472_7224,n07718472
LSEJ_011157,images/n07718747_13250.png,train,n07718747_13250,n07718747
LSEJ_011159,images/n07718747_13978.png,train,n07718747_13978,n07718747
LSEJ_011160,images/n07718747_14472.png,train,n07718747_14472,n07718747
LSEJ_011161,images/n07718747_15697.png,train,n07718747_15697,n07718747
LSEJ_011162,images/n07718747_16595.png,train,n07718747_16595,n07718747
LSEJ_011164,images/n07718747_1921.png,train,n07718747_1921,n07718747
LSEJ_011166,images/n07718747_24427.png,train,n07718747_24427,n07718747
LSEJ_011167,images/n07718747_408.png,train,n07718747_408,n07718747
LSEJ_011168,images/n07718747_4520.png,train,n07718747_4520,n07718747
LSEJ_011169,images/n07718747_4809.png,train,n07718747_4809,n07718747
LSEJ_011170,images/n07718747_5155.png,train,n07718747_5155,n07718747
LSEJ_011171,images/n07718747_993.png,train,n07718747_993,n07718747
LSEJ_011172,images/n07720875_14018.png,train,n07720875_14018,n07720875
LSEJ_011173,images/n07720875_16268.png,train,n07720875_16268,n07720875
LSEJ_011175,images/n07720875_2991.png,train,n07720875_2991,n07720875
LSEJ_011176,images/n07720875_4941.png,train,n07720875_4941,n07720875
LSEJ_011178,images/n07720875_557.png,train,n07720875_557,n07720875
LSEJ_011179,images/n07720875_999.png,train,n07720875_999,n07720875
LSEJ_011180,images/n07730033_10502.png,train,n07730033_10502,n07730033
LSEJ_011181,images/n07730033_10663.png,train,n07730033_10663,n07730033
LSEJ_011182,images/n07730033_1223.png,train,n07730033_1223,n07730033
LSEJ_011185,images/n07730033_4612.png,train,n07730033_4612,n07730033
LSEJ_011187,images/n07734744_15606.png,train,n07734744_15606,n07734744
LSEJ_011188,images/n07734744_2390.png,train,n07734744_2390,n07734744
LSEJ_011189,images/n07734744_491.png,train,n07734744_491,n07734744
LSEJ_011190,images/n07734744_6228.png,train,n07734744_6228,n07734744
LSEJ_011192,images/n07734744_8712.png,train,n07734744_8712,n07734744
LSEJ_011193,images/n07734744_8779.png,train,n07734744_8779,n07734744
LSEJ_011194,images/n07742313_19329.png,train,n07742313_19329,n07742313
LSEJ_011195,images/n07742313_8409.png,train,n07742313_8409,n07742313
LSEJ_011196,images/n07747607_13016.png,train,n07747607_13016,n07747607
LSEJ_011198,images/n07747607_17503.png,train,n07747607_17503,n07747607
LSEJ_011199,images/n07747607_3059.png,train,n07747607_3059,n07747607
LSEJ_011200,images/n07747607_6917.png,train,n07747607_6917,n07747607
LSEJ_011201,images/n07753275_13498.png,train,n07753275_13498,n07753275
LSEJ_011202,images/n07753592_11740.png,train,n07753592_11740,n07753592
LSEJ_011203,images/n07753592_11779.png,train,n07753592_11779,n07753592
LSEJ_011204,images/n07753592_1338.png,train,n07753592_1338,n07753592
LSEJ_011206,images/n07754684_10066.png,train,n07754684_10066,n07754684
LSEJ_011209,images/n07754684_3467.png,train,n07754684_3467,n07754684
LSEJ_011210,images/n07754684_3737.png,train,n07754684_3737,n07754684
LSEJ_011211,images/n07754684_5853.png,train,n07754684_5853,n07754684
LSEJ_011212,images/n07754684_6141.png,train,n07754684_6141,n07754684
LSEJ_011213,images/n07754684_6574.png,train,n07754684_6574,n07754684
LSEJ_011216,images/n07760859_10672.png,train,n07760859_10672,n07760859
LSEJ_011218,images/n07760859_11179.png,train,n07760859_11179,n07760859
LSEJ_011219,images/n07760859_11738.png,train,n07760859_11738,n07760859
LSEJ_011220,images/n07760859_12476.png,train,n07760859_12476,n07760859
LSEJ_011221,images/n07760859_1388.png,train,n07760859_1388,n07760859
LSEJ_011223,images/n07760859_2047.png,train,n07760859_2047,n07760859
LSEJ_011224,images/n07760859_2258.png,train,n07760859_2258,n07760859
LSEJ_011225,images/n07760859_2600.png,train,n07760859_2600,n07760859
LSEJ_011226,images/n07760859_3671.png,train,n07760859_3671,n07760859
LSEJ_011227,images/n07760859_4290.png,train,n07760859_4290,n07760859
LSEJ_011228,images/n07760859_4353.png,train,n07760859_4353,n07760859
LSEJ_011229,images/n07760859_4397.png,train,n07760859_4397,n07760859
LSEJ_011230,images/n07760859_4401.png,train,n07760859_4401,n07760859
LSEJ_011231,images/n07760859_5457.png,train,n07760859_5457,n07760859
LSEJ_011232,images/n07760859_5462.png,train,n07760859_5462,n07760859
LSEJ_011233,images/n07760859_5902.png,train,n07760859_5902,n07760859
LSEJ_011234,images/n07760859_657.png,train,n07760859_657,n07760859
LSEJ_011237,images/n07760859_6899.png,train,n07760859_6899,n07760859
LSEJ_011238,images/n07760859_9289.png,train,n07760859_9289,n07760859
LSEJ_011239,images/n07768694_3116.png,train,n07768694_3116,n07768694
LSEJ_011240,images/n07802026_16231.png,train,n07802026_16231,n07802026
LSEJ_011241,images/n07831146_102.png,train,n07831146_102,n07831146
LSEJ_011242,images/n07831146_1291.png,train,n07831146_1291,n07831146
LSEJ_011243,images/n07831146_2104.png,train,n07831146_2104,n07831146
LSEJ_011245,images/n07831146_4292.png,train,n07831146_4292,n07831146
LSEJ_011247,images/n07831146_5572.png,train,n07831146_5572,n07831146
LSEJ_011248,images/n07831146_8224.png,train,n07831146_8224,n07831146
LSEJ_011249,images/n07831146_83.png,train,n07831146_83,n07831146
LSEJ_011252,images/n07836838_10599.png,train,n07836838_10599,n07836838
LSEJ_011253,images/n07836838_10617.png,train,n07836838_10617,n07836838
LSEJ_011255,images/n07836838_10731.png,train,n07836838_10731,n07836838
LSEJ_011256,images/n07836838_11715.png,train,n07836838_11715,n07836838
LSEJ_011257,images/n07836838_12027.png,train,n07836838_12027,n07836838
LSEJ_011259,images/n07836838_15363.png,train,n07836838_15363,n07836838
LSEJ_011260,images/n07836838_15795.png,train,n07836838_15795,n07836838
LSEJ_011263,images/n07836838_4384.png,train,n07836838_4384,n07836838
LSEJ_011264,images/n07836838_5388.png,train,n07836838_5388,n07836838
LSEJ_011265,images/n07836838_618.png,train,n07836838_618,n07836838
LSEJ_011266,images/n07836838_6910.png,train,n07836838_6910,n07836838
LSEJ_011267,images/n07836838_9239.png,train,n07836838_9239,n07836838
LSEJ_011268,images/n07836838_948.png,train,n07836838_948,n07836838
LSEJ_011269,images/n07860988_1427.png,train,n07860988_1427,n07860988
LSEJ_011270,images/n07860988_3479.png,train,n07860988_3479,n07860988
LSEJ_011271,images/n07860988_4413.png,train,n07860988_4413,n07860988
LSEJ_011272,images/n07860988_4817.png,train,n07860988_4817,n07860988
LSEJ_011273,images/n07860988_5945.png,train,n07860988_5945,n07860988
LSEJ_011276,images/n07860988_9430.png,train,n07860988_9430,n07860988
LSEJ_011278,images/n07871810_11414.png,train,n07871810_11414,n07871810
LSEJ_011279,images/n07871810_11456.png,train,n07871810_11456,n07871810
LSEJ_011280,images/n07871810_14143.png,train,n07871810_14143,n07871810
LSEJ_011281,images/n07871810_14676.png,train,n07871810_14676,n07871810
LSEJ_011282,images/n07871810_15483.png,train,n07871810_15483,n07871810
LSEJ_011283,images/n07871810_15589.png,train,n07871810_15589,n07871810
LSEJ_011284,images/n07871810_15760.png,train,n07871810_15760,n07871810
LSEJ_011285,images/n07871810_2219.png,train,n07871810_2219,n07871810
LSEJ_011286,images/n07871810_3149.png,train,n07871810_3149,n07871810
LSEJ_011287,images/n07871810_3795.png,train,n07871810_3795,n07871810
LSEJ_011289,images/n07871810_828.png,train,n07871810_828,n07871810
LSEJ_011291,images/n07875152_1224.png,train,n07875152_1224,n07875152
LSEJ_011292,images/n07875152_1957.png,train,n07875152_1957,n07875152
LSEJ_011293,images/n07875152_2027.png,train,n07875152_2027,n07875152
LSEJ_011295,images/n07875152_260.png,train,n07875152_260,n07875152
LSEJ_011296,images/n07875152_2664.png,train,n07875152_2664,n07875152
LSEJ_011297,images/n07875152_2674.png,train,n07875152_2674,n07875152
LSEJ_011298,images/n07875152_2688.png,train,n07875152_2688,n07875152
LSEJ_011299,images/n07875152_2736.png,train,n07875152_2736,n07875152
LSEJ_011301,images/n07875152_3245.png,train,n07875152_3245,n07875152
LSEJ_011302,images/n07875152_328.png,train,n07875152_328,n07875152
LSEJ_011304,images/n07875152_3699.png,train,n07875152_3699,n07875152
LSEJ_011305,images/n07875152_3736.png,train,n07875152_3736,n07875152
LSEJ_011307,images/n07875152_4190.png,train,n07875152_4190,n07875152
LSEJ_011308,images/n07875152_4221.png,train,n07875152_4221,n07875152
LSEJ_011309,images/n07875152_4224.png,train,n07875152_4224,n07875152
LSEJ_011310,images/n07875152_4237.png,train,n07875152_4237,n07875152
LSEJ_011311,images/n07875152_4764.png,train,n07875152_4764,n07875152
LSEJ_011315,images/n07875152_788.png,train,n07875152_788,n07875152
LSEJ_011316,images/n07875152_791.png,train,n07875152_791,n07875152
LSEJ_011317,images/n07875152_915.png,train,n07875152_915,n07875152
LSEJ_011318,images/n07875152_931.png,train,n07875152_931,n07875152
LSEJ_011319,images/n07880968_1188.png,train,n07880968_1188,n07880968
LSEJ_011320,images/n07880968_2550.png,train,n07880968_2550,n07880968
LSEJ_011322,images/n07880968_2867.png,train,n07880968_2867,n07880968
LSEJ_011323,images/n07880968_2947.png,train,n07880968_2947,n07880968
LSEJ_011324,images/n07880968_3025.png,train,n07880968_3025,n07880968
LSEJ_011325,images/n07880968_3136.png,train,n07880968_3136,n07880968
LSEJ_011326,images/n07880968_5181.png,train,n07880968_5181,n07880968
LSEJ_011327,images/n07880968_5279.png,train,n07880968_5279,n07880968
LSEJ_011328,images/n07880968_5353.png,train,n07880968_5353,n07880968
LSEJ_011330,images/n07880968_6003.png,train,n07880968_6003,n07880968
LSEJ_011332,images/n07880968_7355.png,train,n07880968_7355,n07880968
LSEJ_011333,images/n07892512_14469.png,train,n07892512_14469,n07892512
LSEJ_011334,images/n07892512_1997.png,train,n07892512_1997,n07892512
LSEJ_011335,images/n07892512_2588.png,train,n07892512_2588,n07892512
LSEJ_011337,images/n07920052_10315.png,train,n07920052_10315,n07920052
LSEJ_011339,images/n07920052_13962.png,train,n07920052_13962,n07920052
LSEJ_011340,images/n07920052_4760.png,train,n07920052_4760,n07920052
LSEJ_011342,images/n07930864_22784.png,train,n07930864_22784,n07930864
LSEJ_011344,images/n07930864_34730.png,train,n07930864_34730,n07930864
LSEJ_011345,images/n07930864_7041.png,train,n07930864_7041,n07930864
LSEJ_011346,images/n07930864_7592.png,train,n07930864_7592,n07930864
LSEJ_011347,images/n07932039_10164.png,train,n07932039_10164,n07932039
LSEJ_011348,images/n07932039_1506.png,train,n07932039_1506,n07932039
LSEJ_011350,images/n07932039_3056.png,train,n07932039_3056,n07932039
LSEJ_011351,images/n07932039_6215.png,train,n07932039_6215,n07932039
LSEJ_011353,images/n07932039_7589.png,train,n07932039_7589,n07932039
LSEJ_011354,images/n09193705_10048.png,train,n09193705_10048,n09193705
LSEJ_011355,images/n09193705_1025.png,train,n09193705_1025,n09193705
LSEJ_011356,images/n09193705_10377.png,train,n09193705_10377,n09193705
LSEJ_011357,images/n09193705_10571.png,train,n09193705_10571,n09193705
LSEJ_011358,images/n09193705_10671.png,train,n09193705_10671,n09193705
LSEJ_011360,images/n09193705_11499.png,train,n09193705_11499,n09193705
LSEJ_011362,images/n09193705_1244.png,train,n09193705_1244,n09193705
LSEJ_011363,images/n09193705_13922.png,train,n09193705_13922,n09193705
LSEJ_011364,images/n09193705_1428.png,train,n09193705_1428,n09193705
LSEJ_011365,images/n09193705_1432.png,train,n09193705_1432,n09193705
LSEJ_011367,images/n09193705_1531.png,train,n09193705_1531,n09193705
LSEJ_011369,images/n09193705_2682.png,train,n09193705_2682,n09193705
LSEJ_011371,images/n09193705_3233.png,train,n09193705_3233,n09193705
LSEJ_011373,images/n09193705_3652.png,train,n09193705_3652,n09193705
LSEJ_011374,images/n09193705_381.png,train,n09193705_381,n09193705
LSEJ_011376,images/n09193705_4495.png,train,n09193705_4495,n09193705
LSEJ_011377,images/n09193705_47888.png,train,n09193705_47888,n09193705
LSEJ_011378,images/n09193705_49180.png,train,n09193705_49180,n09193705
LSEJ_011379,images/n09193705_53006.png,train,n09193705_53006,n09193705
LSEJ_011380,images/n09193705_54663.png,train,n09193705_54663,n09193705
LSEJ_011381,images/n09193705_5534.png,train,n09193705_5534,n09193705
LSEJ_011382,images/n09193705_56204.png,train,n09193705_56204,n09193705
LSEJ_011383,images/n09193705_585.png,train,n09193705_585,n09193705
LSEJ_011384,images/n09193705_5851.png,train,n09193705_5851,n09193705
LSEJ_011385,images/n09193705_59869.png,train,n09193705_59869,n09193705
LSEJ_011386,images/n09193705_6135.png,train,n09193705_6135,n09193705
LSEJ_011387,images/n09193705_6243.png,train,n09193705_6243,n09193705
LSEJ_011388,images/n09193705_6282.png,train,n09193705_6282,n09193705
LSEJ_011389,images/n09193705_6563.png,train,n09193705_6563,n09193705
LSEJ_011392,images/n09193705_6797.png,train,n09193705_6797,n09193705
LSEJ_011393,images/n09193705_7334.png,train,n09193705_7334,n09193705
LSEJ_011394,images/n09193705_7428.png,train,n09193705_7428,n09193705
LSEJ_011395,images/n09193705_8010.png,train,n09193705_8010,n09193705
LSEJ_011396,images/n09193705_8972.png,train,n09193705_8972,n09193705
LSEJ_011397,images/n09193705_90.png,train,n09193705_90,n09193705
LSEJ_011400,images/n09193705_9307.png,train,n09193705_9307,n09193705
LSEJ_011402,images/n09193705_9568.png,train,n09193705_9568,n09193705
LSEJ_011403,images/n09193705_9933.png,train,n09193705_9933,n09193705
LSEJ_011405,images/n09229709_25390.png,train,n09229709_25390,n09229709
LSEJ_011406,images/n09229709_26723.png,train,n09229709_26723,n09229709
LSEJ_011408,images/n09246464_10873.png,train,n09246464_10873,n09246464
LSEJ_011409,images/n09246464_11164.png,train,n09246464_11164,n09246464
LSEJ_011410,images/n09246464_11515.png,train,n09246464_11515,n09246464
LSEJ_011411,images/n09246464_12131.png,train,n09246464_12131,n09246464
LSEJ_011412,images/n09246464_13296.png,train,n09246464_13296,n09246464
LSEJ_011413,images/n09246464_13571.png,train,n09246464_13571,n09246464
LSEJ_011414,images/n09246464_13583.png,train,n09246464_13583,n09246464
LSEJ_011416,images/n09246464_14314.png,train,n09246464_14314,n09246464
LSEJ_011417,images/n09246464_20490.png,train,n09246464_20490,n09246464
LSEJ_011418,images/n09246464_21172.png,train,n09246464_21172,n09246464
LSEJ_011419,images/n09246464_22489.png,train,n09246464_22489,n09246464
LSEJ_011420,images/n09246464_22795.png,train,n09246464_22795,n09246464
LSEJ_011422,images/n09246464_24853.png,train,n09246464_24853,n09246464
LSEJ_011423,images/n09246464_25382.png,train,n09246464_25382,n09246464
LSEJ_011424,images/n09246464_2595.png,train,n09246464_2595,n09246464
LSEJ_011428,images/n09246464_28746.png,train,n09246464_28746,n09246464
LSEJ_011429,images/n09246464_29202.png,train,n09246464_29202,n09246464
LSEJ_011430,images/n09246464_2960.png,train,n09246464_2960,n09246464
LSEJ_011431,images/n09246464_3184.png,train,n09246464_3184,n09246464
LSEJ_011433,images/n09246464_37637.png,train,n09246464_37637,n09246464
LSEJ_011434,images/n09246464_4253.png,train,n09246464_4253,n09246464
LSEJ_011435,images/n09246464_4789.png,train,n09246464_4789,n09246464
LSEJ_011436,images/n09246464_4914.png,train,n09246464_4914,n09246464
LSEJ_011437,images/n09246464_49873.png,train,n09246464_49873,n09246464
LSEJ_011441,images/n09246464_54312.png,train,n09246464_54312,n09246464
LSEJ_011442,images/n09246464_54367.png,train,n09246464_54367,n09246464
LSEJ_011443,images/n09246464_70120.png,train,n09246464_70120,n09246464
LSEJ_011445,images/n09246464_79263.png,train,n09246464_79263,n09246464
LSEJ_011446,images/n09246464_82137.png,train,n09246464_82137,n09246464
LSEJ_011447,images/n09246464_8799.png,train,n09246464_8799,n09246464
LSEJ_011448,images/n09246464_8976.png,train,n09246464_8976,n09246464
LSEJ_011449,images/n09256479_1094.png,train,n09256479_1094,n09256479
LSEJ_011450,images/n09256479_1534.png,train,n09256479_1534,n09256479
LSEJ_011451,images/n09256479_17081.png,train,n09256479_17081,n09256479
LSEJ_011452,images/n09256479_1718.png,train,n09256479_1718,n09256479
LSEJ_011454,images/n09256479_1982.png,train,n09256479_1982,n09256479
LSEJ_011456,images/n09256479_1999.png,train,n09256479_1999,n09256479
LSEJ_011457,images/n09256479_21900.png,train,n09256479_21900,n09256479
LSEJ_011458,images/n09256479_2236.png,train,n09256479_2236,n09256479
LSEJ_011460,images/n09256479_2976.png,train,n09256479_2976,n09256479
LSEJ_011461,images/n09256479_3217.png,train,n09256479_3217,n09256479
LSEJ_011462,images/n09256479_3942.png,train,n09256479_3942,n09256479
LSEJ_011463,images/n09256479_4004.png,train,n09256479_4004,n09256479
LSEJ_011464,images/n09256479_4011.png,train,n09256479_4011,n09256479
LSEJ_011465,images/n09256479_4046.png,train,n09256479_4046,n09256479
LSEJ_011466,images/n09256479_4227.png,train,n09256479_4227,n09256479
LSEJ_011468,images/n09256479_458.png,train,n09256479_458,n09256479
LSEJ_011469,images/n09256479_4874.png,train,n09256479_4874,n09256479
LSEJ_011470,images/n09256479_5169.png,train,n09256479_5169,n09256479
LSEJ_011471,images/n09256479_517.png,train,n09256479_517,n09256479
LSEJ_011472,images/n09256479_5196.png,train,n09256479_5196,n09256479
LSEJ_011475,images/n09256479_5658.png,train,n09256479_5658,n09256479
LSEJ_011477,images/n09256479_6123.png,train,n09256479_6123,n09256479
LSEJ_011478,images/n09256479_758.png,train,n09256479_758,n09256479
LSEJ_011479,images/n09256479_808.png,train,n09256479_808,n09256479
LSEJ_011480,images/n09256479_895.png,train,n09256479_895,n09256479
LSEJ_011482,images/n09288635_1011.png,train,n09288635_1011,n09288635
LSEJ_011483,images/n09288635_1163.png,train,n09288635_1163,n09288635
LSEJ_011484,images/n09288635_1189.png,train,n09288635_1189,n09288635
LSEJ_011486,images/n09288635_1744.png,train,n09288635_1744,n09288635
LSEJ_011487,images/n09288635_1945.png,train,n09288635_1945,n09288635
LSEJ_011489,images/n09288635_2113.png,train,n09288635_2113,n09288635
LSEJ_011490,images/n09288635_24395.png,train,n09288635_24395,n09288635
LSEJ_011491,images/n09288635_24719.png,train,n09288635_24719,n09288635
LSEJ_011492,images/n09288635_25109.png,train,n09288635_25109,n09288635
LSEJ_011494,images/n09288635_25387.png,train,n09288635_25387,n09288635
LSEJ_011495,images/n09288635_3014.png,train,n09288635_3014,n09288635
LSEJ_011496,images/n09288635_3037.png,train,n09288635_3037,n09288635
LSEJ_011497,images/n09288635_3653.png,train,n09288635_3653,n09288635
LSEJ_011499,images/n09288635_4305.png,train,n09288635_4305,n09288635
LSEJ_011500,images/n09288635_4423.png,train,n09288635_4423,n09288635
LSEJ_011501,images/n09288635_4505.png,train,n09288635_4505,n09288635
LSEJ_011503,images/n09288635_507.png,train,n09288635_507,n09288635
LSEJ_011505,images/n09288635_5274.png,train,n09288635_5274,n09288635
LSEJ_011506,images/n09288635_5284.png,train,n09288635_5284,n09288635
LSEJ_011507,images/n09288635_6062.png,train,n09288635_6062,n09288635
LSEJ_011508,images/n09288635_6471.png,train,n09288635_6471,n09288635
LSEJ_011509,images/n09288635_7845.png,train,n09288635_7845,n09288635
LSEJ_011510,images/n09288635_7872.png,train,n09288635_7872,n09288635
LSEJ_011511,images/n09288635_7925.png,train,n09288635_7925,n09288635
LSEJ_011514,images/n09288635_837.png,train,n09288635_837,n09288635
LSEJ_011515,images/n09288635_8804.png,train,n09288635_8804,n09288635
LSEJ_011516,images/n09288635_9130.png,train,n09288635_9130,n09288635
LSEJ_011517,images/n09288635_960.png,train,n09288635_960,n09288635
LSEJ_011520,images/n09332890_10379.png,train,n09332890_10379,n09332890
LSEJ_011521,images/n09332890_10519.png,train,n09332890_10519,n09332890
LSEJ_011522,images/n09332890_10882.png,train,n09332890_10882,n09332890
LSEJ_011523,images/n09332890_1119.png,train,n09332890_1119,n09332890
LSEJ_011525,images/n09332890_11663.png,train,n09332890_11663,n09332890
LSEJ_011527,images/n09332890_1255.png,train,n09332890_1255,n09332890
LSEJ_011528,images/n09332890_13200.png,train,n09332890_13200,n09332890
LSEJ_011529,images/n09332890_13407.png,train,n09332890_13407,n09332890
LSEJ_011530,images/n09332890_14080.png,train,n09332890_14080,n09332890
LSEJ_011531,images/n09332890_14526.png,train,n09332890_14526,n09332890
LSEJ_011532,images/n09332890_14683.png,train,n09332890_14683,n09332890
LSEJ_011533,images/n09332890_14704.png,train,n09332890_14704,n09332890
LSEJ_011534,images/n09332890_1626.png,train,n09332890_1626,n09332890
LSEJ_011536,images/n09332890_3077.png,train,n09332890_3077,n09332890
LSEJ_011537,images/n09332890_308.png,train,n09332890_308,n09332890
LSEJ_011538,images/n09332890_3088.png,train,n09332890_3088,n09332890
LSEJ_011541,images/n09332890_42464.png,train,n09332890_42464,n09332890
LSEJ_011542,images/n09332890_431.png,train,n09332890_431,n09332890
LSEJ_011543,images/n09332890_4487.png,train,n09332890_4487,n09332890
LSEJ_011544,images/n09332890_49047.png,train,n09332890_49047,n09332890
LSEJ_011545,images/n09332890_50547.png,train,n09332890_50547,n09332890
LSEJ_011546,images/n09332890_51000.png,train,n09332890_51000,n09332890
LSEJ_011547,images/n09332890_51488.png,train,n09332890_51488,n09332890
LSEJ_011548,images/n09332890_5583.png,train,n09332890_5583,n09332890
LSEJ_011549,images/n09332890_590.png,train,n09332890_590,n09332890
LSEJ_011552,images/n09332890_7298.png,train,n09332890_7298,n09332890
LSEJ_011554,images/n09399592_10198.png,train,n09399592_10198,n09399592
LSEJ_011555,images/n09399592_109851.png,train,n09399592_109851,n09399592
LSEJ_011556,images/n09399592_111708.png,train,n09399592_111708,n09399592
LSEJ_011560,images/n09399592_14595.png,train,n09399592_14595,n09399592
LSEJ_011562,images/n09399592_1507.png,train,n09399592_1507,n09399592
LSEJ_011563,images/n09399592_15196.png,train,n09399592_15196,n09399592
LSEJ_011564,images/n09399592_15748.png,train,n09399592_15748,n09399592
LSEJ_011565,images/n09399592_16402.png,train,n09399592_16402,n09399592
LSEJ_011566,images/n09399592_16483.png,train,n09399592_16483,n09399592
LSEJ_011568,images/n09399592_17250.png,train,n09399592_17250,n09399592
LSEJ_011569,images/n09399592_18050.png,train,n09399592_18050,n09399592
LSEJ_011570,images/n09399592_18691.png,train,n09399592_18691,n09399592
LSEJ_011571,images/n09399592_18708.png,train,n09399592_18708,n09399592
LSEJ_011572,images/n09399592_24477.png,train,n09399592_24477,n09399592
LSEJ_011574,images/n09399592_27231.png,train,n09399592_27231,n09399592
LSEJ_011576,images/n09399592_28356.png,train,n09399592_28356,n09399592
LSEJ_011577,images/n09399592_30278.png,train,n09399592_30278,n09399592
LSEJ_011578,images/n09399592_30290.png,train,n09399592_30290,n09399592
LSEJ_011579,images/n09399592_30822.png,train,n09399592_30822,n09399592
LSEJ_011580,images/n09399592_3736.png,train,n09399592_3736,n09399592
LSEJ_011581,images/n09399592_434.png,train,n09399592_434,n09399592
LSEJ_011583,images/n09399592_753.png,train,n09399592_753,n09399592
LSEJ_011585,images/n09399592_87608.png,train,n09399592_87608,n09399592
LSEJ_011586,images/n09399592_90957.png,train,n09399592_90957,n09399592
LSEJ_011587,images/n09399592_92104.png,train,n09399592_92104,n09399592
LSEJ_011588,images/n09421951_2038.png,train,n09421951_2038,n09421951
LSEJ_011590,images/n09421951_2515.png,train,n09421951_2515,n09421951
LSEJ_011591,images/n09421951_2674.png,train,n09421951_2674,n09421951
LSEJ_011592,images/n09421951_31.png,train,n09421951_31,n09421951
LSEJ_011593,images/n09421951_32214.png,train,n09421951_32214,n09421951
LSEJ_011594,images/n09421951_3822.png,train,n09421951_3822,n09421951
LSEJ_011595,images/n09421951_431.png,train,n09421951_431,n09421951
LSEJ_011596,images/n09421951_4685.png,train,n09421951_4685,n09421951
LSEJ_011598,images/n09421951_5327.png,train,n09421951_5327,n09421951
LSEJ_011599,images/n09421951_5395.png,train,n09421951_5395,n09421951
LSEJ_011600,images/n09421951_5469.png,train,n09421951_5469,n09421951
LSEJ_011601,images/n09421951_5589.png,train,n09421951_5589,n09421951
LSEJ_011602,images/n09421951_5692.png,train,n09421951_5692,n09421951
LSEJ_011606,images/n09421951_6073.png,train,n09421951_6073,n09421951
LSEJ_011607,images/n09421951_6249.png,train,n09421951_6249,n09421951
LSEJ_011608,images/n09421951_6617.png,train,n09421951_6617,n09421951
LSEJ_011610,images/n09421951_6965.png,train,n09421951_6965,n09421951
LSEJ_011611,images/n09421951_720.png,train,n09421951_720,n09421951
LSEJ_011612,images/n09421951_7444.png,train,n09421951_7444,n09421951
LSEJ_011614,images/n09421951_7630.png,train,n09421951_7630,n09421951
LSEJ_011615,images/n09421951_7751.png,train,n09421951_7751,n09421951
LSEJ_011616,images/n09421951_7909.png,train,n09421951_7909,n09421951
LSEJ_011617,images/n09421951_7973.png,train,n09421951_7973,n09421951
LSEJ_011619,images/n09421951_8276.png,train,n09421951_8276,n09421951
LSEJ_011620,images/n09428293_10241.png,train,n09428293_10241,n09428293
LSEJ_011621,images/n09428293_1063.png,train,n09428293_1063,n09428293
LSEJ_011623,images/n09428293_15150.png,train,n09428293_15150,n09428293
LSEJ_011624,images/n09428293_15183.png,train,n09428293_15183,n09428293
LSEJ_011625,images/n09428293_15434.png,train,n09428293_15434,n09428293
LSEJ_011626,images/n09428293_16035.png,train,n09428293_16035,n09428293
LSEJ_011627,images/n09428293_16064.png,train,n09428293_16064,n09428293
LSEJ_011629,images/n09428293_16949.png,train,n09428293_16949,n09428293
LSEJ_011630,images/n09428293_18048.png,train,n09428293_18048,n09428293
LSEJ_011631,images/n09428293_18690.png,train,n09428293_18690,n09428293
LSEJ_011632,images/n09428293_1996.png,train,n09428293_1996,n09428293
LSEJ_011634,images/n09428293_20741.png,train,n09428293_20741,n09428293
LSEJ_011635,images/n09428293_21046.png,train,n09428293_21046,n09428293
LSEJ_011636,images/n09428293_21127.png,train,n09428293_21127,n09428293
LSEJ_011638,images/n09428293_21189.png,train,n09428293_21189,n09428293
LSEJ_011640,images/n09428293_21565.png,train,n09428293_21565,n09428293
LSEJ_011641,images/n09428293_21977.png,train,n09428293_21977,n09428293
LSEJ_011642,images/n09428293_22318.png,train,n09428293_22318,n09428293
LSEJ_011644,images/n09428293_2383.png,train,n09428293_2383,n09428293
LSEJ_011645,images/n09428293_24737.png,train,n09428293_24737,n09428293
LSEJ_011646,images/n09428293_30259.png,train,n09428293_30259,n09428293
LSEJ_011647,images/n09428293_508.png,train,n09428293_508,n09428293
LSEJ_011648,images/n09428293_615.png,train,n09428293_615,n09428293
LSEJ_011649,images/n09428293_6953.png,train,n09428293_6953,n09428293
LSEJ_011650,images/n09428293_7058.png,train,n09428293_7058,n09428293
LSEJ_011653,images/n09468604_101.png,train,n09468604_101,n09468604
LSEJ_011654,images/n09468604_10200.png,train,n09468604_10200,n09468604
LSEJ_011655,images/n09468604_10815.png,train,n09468604_10815,n09468604
LSEJ_011656,images/n09468604_1158.png,train,n09468604_1158,n09468604
LSEJ_011659,images/n09468604_12420.png,train,n09468604_12420,n09468604
LSEJ_011661,images/n09468604_13906.png,train,n09468604_13906,n09468604
LSEJ_011662,images/n09468604_14211.png,train,n09468604_14211,n09468604
LSEJ_011663,images/n09468604_15925.png,train,n09468604_15925,n09468604
LSEJ_011664,images/n09468604_16138.png,train,n09468604_16138,n09468604
LSEJ_011665,images/n09468604_16882.png,train,n09468604_16882,n09468604
LSEJ_011666,images/n09468604_1699.png,train,n09468604_1699,n09468604
LSEJ_011667,images/n09468604_17164.png,train,n09468604_17164,n09468604
LSEJ_011669,images/n09468604_17339.png,train,n09468604_17339,n09468604
LSEJ_011671,images/n09468604_1783.png,train,n09468604_1783,n09468604
LSEJ_011672,images/n09468604_17899.png,train,n09468604_17899,n09468604
LSEJ_011673,images/n09468604_18549.png,train,n09468604_18549,n09468604
LSEJ_011675,images/n09468604_1995.png,train,n09468604_1995,n09468604
LSEJ_011676,images/n09468604_19964.png,train,n09468604_19964,n09468604
LSEJ_011677,images/n09468604_20024.png,train,n09468604_20024,n09468604
LSEJ_011678,images/n09468604_20498.png,train,n09468604_20498,n09468604
LSEJ_011680,images/n09468604_2814.png,train,n09468604_2814,n09468604
LSEJ_011681,images/n09468604_3078.png,train,n09468604_3078,n09468604
LSEJ_011682,images/n09468604_3215.png,train,n09468604_3215,n09468604
LSEJ_011683,images/n09468604_4071.png,train,n09468604_4071,n09468604
LSEJ_011684,images/n09468604_4171.png,train,n09468604_4171,n09468604
LSEJ_011685,images/n09468604_4216.png,train,n09468604_4216,n09468604
LSEJ_011686,images/n09468604_4415.png,train,n09468604_4415,n09468604
LSEJ_011689,images/n09468604_5538.png,train,n09468604_5538,n09468604
LSEJ_011690,images/n09468604_6098.png,train,n09468604_6098,n09468604
LSEJ_011692,images/n09468604_6723.png,train,n09468604_6723,n09468604
LSEJ_011693,images/n09468604_6751.png,train,n09468604_6751,n09468604
LSEJ_011694,images/n09468604_68244.png,train,n09468604_68244,n09468604
LSEJ_011695,images/n09468604_69176.png,train,n09468604_69176,n09468604
LSEJ_011697,images/n09468604_7402.png,train,n09468604_7402,n09468604
LSEJ_011698,images/n09468604_74236.png,train,n09468604_74236,n09468604
LSEJ_011699,images/n09468604_75123.png,train,n09468604_75123,n09468604
LSEJ_011701,images/n09468604_8457.png,train,n09468604_8457,n09468604
LSEJ_011703,images/n09468604_9481.png,train,n09468604_9481,n09468604
LSEJ_011704,images/n09468604_9743.png,train,n09468604_9743,n09468604
LSEJ_011706,images/n09472597_2355.png,train,n09472597_2355,n09472597
LSEJ_011707,images/n09472597_2871.png,train,n09472597_2871,n09472597
LSEJ_011708,images/n09472597_43664.png,train,n09472597_43664,n09472597
LSEJ_011710,images/n09472597_4485.png,train,n09472597_4485,n09472597
LSEJ_011711,images/n09472597_45242.png,train,n09472597_45242,n09472597
LSEJ_011712,images/n09472597_46440.png,train,n09472597_46440,n09472597
LSEJ_011713,images/n09472597_47255.png,train,n09472597_47255,n09472597
LSEJ_011714,images/n09472597_57066.png,train,n09472597_57066,n09472597
LSEJ_011716,images/n09472597_723.png,train,n09472597_723,n09472597
LSEJ_011717,images/n09472597_9047.png,train,n09472597_9047,n09472597
LSEJ_011718,images/n09472597_9734.png,train,n09472597_9734,n09472597
LSEJ_011719,images/n09835506_1364.png,train,n09835506_1364,n09835506
LSEJ_011721,images/n09835506_2663.png,train,n09835506_2663,n09835506
LSEJ_011722,images/n09835506_3249.png,train,n09835506_3249,n09835506
LSEJ_011723,images/n09835506_7831.png,train,n09835506_7831,n09835506
LSEJ_011724,images/n10148035_27655.png,train,n10148035_27655,n10148035
LSEJ_011725,images/n10565667_3163.png,train,n10565667_3163,n10565667
LSEJ_011727,images/n10565667_4253.png,train,n10565667_4253,n10565667
LSEJ_011729,images/n10565667_7352.png,train,n10565667_7352,n10565667
LSEJ_011730,images/n10565667_7904.png,train,n10565667_7904,n10565667
LSEJ_011731,images/n11879895_2208.png,train,n11879895_2208,n11879895
LSEJ_011732,images/n11879895_2499.png,train,n11879895_2499,n11879895
LSEJ_011734,images/n11879895_4869.png,train,n11879895_4869,n11879895
LSEJ_011735,images/n11879895_7218.png,train,n11879895_7218,n11879895
LSEJ_011736,images/n11939491_13847.png,train,n11939491_13847,n11939491
LSEJ_011737,images/n11939491_18635.png,train,n11939491_18635,n11939491
LSEJ_011739,images/n11939491_3990.png,train,n11939491_3990,n11939491
LSEJ_011740,images/n11939491_5500.png,train,n11939491_5500,n11939491
LSEJ_011741,images/n12057211_1117.png,train,n12057211_1117,n12057211
LSEJ_011742,images/n12057211_1308.png,train,n12057211_1308,n12057211
LSEJ_011744,images/n12057211_202.png,train,n12057211_202,n12057211
LSEJ_011745,images/n12057211_2394.png,train,n12057211_2394,n12057211
LSEJ_011746,images/n12057211_2526.png,train,n12057211_2526,n12057211
LSEJ_011747,images/n12057211_3360.png,train,n12057211_3360,n12057211
LSEJ_011749,images/n12057211_3629.png,train,n12057211_3629,n12057211
LSEJ_011750,images/n12057211_4027.png,train,n12057211_4027,n12057211
LSEJ_011752,images/n12057211_4450.png,train,n12057211_4450,n12057211
LSEJ_011753,images/n12057211_4559.png,train,n12057211_4559,n12057211
LSEJ_011754,images/n12057211_4629.png,train,n12057211_4629,n12057211
LSEJ_011755,images/n12057211_5395.png,train,n12057211_5395,n12057211
LSEJ_011756,images/n12057211_6002.png,train,n12057211_6002,n12057211
LSEJ_011757,images/n12057211_672.png,train,n12057211_672,n12057211
LSEJ_011760,images/n12057211_9534.png,train,n12057211_9534,n12057211
LSEJ_011761,images/n12144580_1182.png,train,n12144580_1182,n12144580
LSEJ_011762,images/n12144580_16213.png,train,n12144580_16213,n12144580
LSEJ_011763,images/n12144580_17301.png,train,n12144580_17301,n12144580
LSEJ_011764,images/n12144580_18042.png,train,n12144580_18042,n12144580
LSEJ_011767,images/n12144580_6155.png,train,n12144580_6155,n12144580
LSEJ_011769,images/n12267677_11081.png,train,n12267677_11081,n12267677
LSEJ_011770,images/n12267677_14702.png,train,n12267677_14702,n12267677
LSEJ_011772,images/n12267677_17215.png,train,n12267677_17215,n12267677
LSEJ_011773,images/n12267677_19017.png,train,n12267677_19017,n12267677
LSEJ_011774,images/n12267677_19026.png,train,n12267677_19026,n12267677
LSEJ_011775,images/n12267677_19328.png,train,n12267677_19328,n12267677
LSEJ_011776,images/n12267677_25308.png,train,n12267677_25308,n12267677
LSEJ_011778,images/n12267677_4465.png,train,n12267677_4465,n12267677
LSEJ_011779,images/n12267677_4891.png,train,n12267677_4891,n12267677
LSEJ_011780,images/n12267677_5749.png,train,n12267677_5749,n12267677
LSEJ_011781,images/n12620546_15651.png,train,n12620546_15651,n12620546
LSEJ_011782,images/n12620546_18727.png,train,n12620546_18727,n12620546
LSEJ_011785,images/n12620546_27524.png,train,n12620546_27524,n12620546
LSEJ_011786,images/n12620546_32457.png,train,n12620546_32457,n12620546
LSEJ_011787,images/n12620546_37576.png,train,n12620546_37576,n12620546
LSEJ_011788,images/n12620546_47794.png,train,n12620546_47794,n12620546
LSEJ_011790,images/n12620546_50131.png,train,n12620546_50131,n12620546
LSEJ_011791,images/n12620546_6013.png,train,n12620546_6013,n12620546
LSEJ_011792,images/n12768682_15165.png,train,n12768682_15165,n12768682
LSEJ_011793,images/n12768682_15181.png,train,n12768682_15181,n12768682
LSEJ_011795,images/n12768682_19025.png,train,n12768682_19025,n12768682
LSEJ_011796,images/n12768682_23077.png,train,n12768682_23077,n12768682
LSEJ_011799,images/n12768682_33520.png,train,n12768682_33520,n12768682
LSEJ_011800,images/n12768682_33654.png,train,n12768682_33654,n12768682
LSEJ_011801,images/n12768682_35568.png,train,n12768682_35568,n12768682
LSEJ_011802,images/n12768682_40844.png,train,n12768682_40844,n12768682
LSEJ_011803,images/n12768682_41816.png,train,n12768682_41816,n12768682
LSEJ_011804,images/n12768682_43067.png,train,n12768682_43067,n12768682
LSEJ_011805,images/n12768682_47849.png,train,n12768682_47849,n12768682
LSEJ_011806,images/n12768682_6668.png,train,n12768682_6668,n12768682
LSEJ_011809,images/n12985857_2189.png,train,n12985857_2189,n12985857
LSEJ_011810,images/n12985857_2598.png,train,n12985857_2598,n12985857
LSEJ_011811,images/n12985857_2640.png,train,n12985857_2640,n12985857
LSEJ_011812,images/n12985857_2713.png,train,n12985857_2713,n12985857
LSEJ_011813,images/n12985857_2865.png,train,n12985857_2865,n12985857
LSEJ_011815,images/n12985857_3210.png,train,n12985857_3210,n12985857
LSEJ_011816,images/n12985857_4045.png,train,n12985857_4045,n12985857
LSEJ_011818,images/n12985857_4194.png,train,n12985857_4194,n12985857
LSEJ_011819,images/n12985857_4243.png,train,n12985857_4243,n12985857
LSEJ_011821,images/n12985857_4495.png,train,n12985857_4495,n12985857
LSEJ_011822,images/n12985857_4585.png,train,n12985857_4585,n12985857
LSEJ_011823,images/n12985857_4626.png,train,n12985857_4626,n12985857
LSEJ_011824,images/n12985857_4712.png,train,n12985857_4712,n12985857
LSEJ_011825,images/n12985857_4858.png,train,n12985857_4858,n12985857
LSEJ_011827,images/n12985857_5155.png,train,n12985857_5155,n12985857
LSEJ_011829,images/n12985857_6407.png,train,n12985857_6407,n12985857
LSEJ_011830,images/n12985857_6849.png,train,n12985857_6849,n12985857
LSEJ_011832,images/n12985857_7521.png,train,n12985857_7521,n12985857
LSEJ_011833,images/n12985857_7633.png,train,n12985857_7633,n12985857
LSEJ_011834,images/n12985857_77.png,train,n12985857_77,n12985857
LSEJ_011835,images/n12985857_7711.png,train,n12985857_7711,n12985857
LSEJ_011836,images/n12998815_1006.png,train,n12998815_1006,n12998815
LSEJ_011837,images/n12998815_10076.png,train,n12998815_10076,n12998815
LSEJ_011838,images/n12998815_11417.png,train,n12998815_11417,n12998815
LSEJ_011840,images/n12998815_13748.png,train,n12998815_13748,n12998815
LSEJ_011841,images/n12998815_14400.png,train,n12998815_14400,n12998815
LSEJ_011844,images/n12998815_20110.png,train,n12998815_20110,n12998815
LSEJ_011845,images/n12998815_21742.png,train,n12998815_21742,n12998815
LSEJ_011846,images/n12998815_2268.png,train,n12998815_2268,n12998815
LSEJ_011847,images/n12998815_2743.png,train,n12998815_2743,n12998815
LSEJ_011848,images/n12998815_3262.png,train,n12998815_3262,n12998815
LSEJ_011849,images/n12998815_7102.png,train,n12998815_7102,n12998815
LSEJ_011850,images/n12998815_7273.png,train,n12998815_7273,n12998815
LSEJ_011852,images/n13037406_1056.png,train,n13037406_1056,n13037406
LSEJ_011853,images/n13037406_2005.png,train,n13037406_2005,n13037406
LSEJ_011854,images/n13037406_2645.png,train,n13037406_2645,n13037406
LSEJ_011855,images/n13037406_2830.png,train,n13037406_2830,n13037406
LSEJ_011856,images/n13037406_3159.png,train,n13037406_3159,n13037406
LSEJ_011860,images/n13037406_3998.png,train,n13037406_3998,n13037406
LSEJ_011861,images/n13037406_4288.png,train,n13037406_4288,n13037406
LSEJ_011862,images/n13037406_4319.png,train,n13037406_4319,n13037406
LSEJ_011863,images/n13037406_5162.png,train,n13037406_5162,n13037406
LSEJ_011864,images/n13037406_5601.png,train,n13037406_5601,n13037406
LSEJ_011865,images/n13037406_5864.png,train,n13037406_5864,n13037406
LSEJ_011866,images/n13037406_712.png,train,n13037406_712,n13037406
LSEJ_011868,images/n13037406_9136.png,train,n13037406_9136,n13037406
LSEJ_011870,images/n13040303_11056.png,train,n13040303_11056,n13040303
LSEJ_011871,images/n13040303_1434.png,train,n13040303_1434,n13040303
LSEJ_011873,images/n13040303_1635.png,train,n13040303_1635,n13040303
LSEJ_011874,images/n13040303_1659.png,train,n13040303_1659,n13040303
LSEJ_011876,images/n13040303_2297.png,train,n13040303_2297,n13040303
LSEJ_011877,images/n13040303_2608.png,train,n13040303_2608,n13040303
LSEJ_011878,images/n13040303_2695.png,train,n13040303_2695,n13040303
LSEJ_011879,images/n13040303_2764.png,train,n13040303_2764,n13040303
LSEJ_011881,images/n13040303_4756.png,train,n13040303_4756,n13040303
LSEJ_011883,images/n13040303_510.png,train,n13040303_510,n13040303
LSEJ_011884,images/n13040303_5421.png,train,n13040303_5421,n13040303
LSEJ_011885,images/n13040303_5606.png,train,n13040303_5606,n13040303
LSEJ_011886,images/n13040303_6179.png,train,n13040303_6179,n13040303
LSEJ_011887,images/n13040303_6470.png,train,n13040303_6470,n13040303
LSEJ_011888,images/n13040303_775.png,train,n13040303_775,n13040303
LSEJ_011889,images/n13040303_787.png,train,n13040303_787,n13040303
LSEJ_011890,images/n13040303_7878.png,train,n13040303_7878,n13040303
LSEJ_011891,images/n13040303_8249.png,train,n13040303_8249,n13040303
LSEJ_011893,images/n13040303_9830.png,train,n13040303_9830,n13040303
LSEJ_011894,images/n13044778_10645.png,train,n13044778_10645,n13044778
LSEJ_011896,images/n13044778_1117.png,train,n13044778_1117,n13044778
LSEJ_011897,images/n13044778_11387.png,train,n13044778_11387,n13044778
LSEJ_011898,images/n13044778_11477.png,train,n13044778_11477,n13044778
LSEJ_011899,images/n13044778_11500.png,train,n13044778_11500,n13044778
LSEJ_011903,images/n13044778_1304.png,train,n13044778_1304,n13044778
LSEJ_011904,images/n13044778_1465.png,train,n13044778_1465,n13044778
LSEJ_011905,images/n13044778_1764.png,train,n13044778_1764,n13044778
LSEJ_011906,images/n13044778_1959.png,train,n13044778_1959,n13044778
LSEJ_011907,images/n13044778_2170.png,train,n13044778_2170,n13044778
LSEJ_011908,images/n13044778_2286.png,train,n13044778_2286,n13044778
LSEJ_011909,images/n13044778_3270.png,train,n13044778_3270,n13044778
LSEJ_011910,images/n13044778_3271.png,train,n13044778_3271,n13044778
LSEJ_011911,images/n13044778_3298.png,train,n13044778_3298,n13044778
LSEJ_011912,images/n13044778_3631.png,train,n13044778_3631,n13044778
LSEJ_011913,images/n13044778_3693.png,train,n13044778_3693,n13044778
LSEJ_011915,images/n13044778_3913.png,train,n13044778_3913,n13044778
LSEJ_011916,images/n13044778_417.png,train,n13044778_417,n13044778
LSEJ_011917,images/n13044778_4307.png,train,n13044778_4307,n13044778
LSEJ_011920,images/n13044778_4662.png,train,n13044778_4662,n13044778
LSEJ_011921,images/n13044778_4668.png,train,n13044778_4668,n13044778
LSEJ_011922,images/n13044778_4987.png,train,n13044778_4987,n13044778
LSEJ_011923,images/n13044778_5013.png,train,n13044778_5013,n13044778
LSEJ_011924,images/n13044778_5019.png,train,n13044778_5019,n13044778
LSEJ_011925,images/n13044778_5142.png,train,n13044778_5142,n13044778
LSEJ_011927,images/n13044778_5243.png,train,n13044778_5243,n13044778
LSEJ_011928,images/n13044778_6052.png,train,n13044778_6052,n13044778
LSEJ_011929,images/n13044778_654.png,train,n13044778_654,n13044778
LSEJ_011930,images/n13044778_6686.png,train,n13044778_6686,n13044778
LSEJ_011931,images/n13044778_7212.png,train,n13044778_7212,n13044778
LSEJ_011932,images/n13044778_8010.png,train,n13044778_8010,n13044778
LSEJ_011934,images/n13044778_8272.png,train,n13044778_8272,n13044778
LSEJ_011935,images/n13044778_8455.png,train,n13044778_8455,n13044778
LSEJ_011936,images/n13044778_867.png,train,n13044778_867,n13044778
LSEJ_011940,images/n13044778_9614.png,train,n13044778_9614,n13044778
LSEJ_011941,images/n13052670_10296.png,train,n13052670_10296,n13052670
LSEJ_011942,images/n13052670_1065.png,train,n13052670_1065,n13052670
LSEJ_011943,images/n13052670_11540.png,train,n13052670_11540,n13052670
LSEJ_011945,images/n13052670_1270.png,train,n13052670_1270,n13052670
LSEJ_011946,images/n13052670_1532.png,train,n13052670_1532,n13052670
LSEJ_011948,images/n13052670_279.png,train,n13052670_279,n13052670
LSEJ_011949,images/n13052670_2855.png,train,n13052670_2855,n13052670
LSEJ_011950,images/n13052670_2919.png,train,n13052670_2919,n13052670
LSEJ_011951,images/n13052670_3159.png,train,n13052670_3159,n13052670
LSEJ_011952,images/n13052670_360.png,train,n13052670_360,n13052670
LSEJ_011953,images/n13052670_4007.png,train,n13052670_4007,n13052670
LSEJ_011954,images/n13052670_4162.png,train,n13052670_4162,n13052670
LSEJ_011955,images/n13052670_4571.png,train,n13052670_4571,n13052670
LSEJ_011957,images/n13052670_5342.png,train,n13052670_5342,n13052670
LSEJ_011958,images/n13052670_5376.png,train,n13052670_5376,n13052670
LSEJ_011959,images/n13052670_5406.png,train,n13052670_5406,n13052670
LSEJ_011960,images/n13052670_6214.png,train,n13052670_6214,n13052670
LSEJ_011961,images/n13052670_6295.png,train,n13052670_6295,n13052670
LSEJ_011962,images/n13052670_659.png,train,n13052670_659,n13052670
LSEJ_011965,images/n13052670_780.png,train,n13052670_780,n13052670
LSEJ_011967,images/n13052670_8346.png,train,n13052670_8346,n13052670
LSEJ_011970,images/n13052670_927.png,train,n13052670_927,n13052670
LSEJ_011971,images/n13052670_9926.png,train,n13052670_9926,n13052670
LSEJ_011972,images/n13054560_1597.png,train,n13054560_1597,n13054560
LSEJ_011973,images/n13054560_1884.png,train,n13054560_1884,n13054560
LSEJ_011974,images/n13054560_2104.png,train,n13054560_2104,n13054560
LSEJ_011975,images/n13054560_2300.png,train,n13054560_2300,n13054560
LSEJ_011978,images/n13054560_6019.png,train,n13054560_6019,n13054560
LSEJ_011979,images/n13054560_768.png,train,n13054560_768,n13054560
LSEJ_011980,images/n13133613_1265.png,train,n13133613_1265,n13133613
LSEJ_011982,images/n13133613_14216.png,train,n13133613_14216,n13133613
LSEJ_011983,images/n13133613_15992.png,train,n13133613_15992,n13133613
LSEJ_011984,images/n13133613_17141.png,train,n13133613_17141,n13133613
LSEJ_011985,images/n13133613_1840.png,train,n13133613_1840,n13133613
LSEJ_011987,images/n13133613_27549.png,train,n13133613_27549,n13133613
LSEJ_011989,images/n13133613_28538.png,train,n13133613_28538,n13133613
LSEJ_011990,images/n13133613_30299.png,train,n13133613_30299,n13133613
LSEJ_011991,images/n13133613_32743.png,train,n13133613_32743,n13133613
LSEJ_011992,images/n13133613_33426.png,train,n13133613_33426,n13133613
LSEJ_011993,images/n13133613_48929.png,train,n13133613_48929,n13133613
LSEJ_011994,images/n13133613_52790.png,train,n13133613_52790,n13133613
LSEJ_011996,images/n13133613_65496.png,train,n13133613_65496,n13133613
LSEJ_011997,images/n15075141_27434.png,train,n15075141_27434,n15075141
LSEJ_011999,images/n15075141_5485.png,train,n15075141_5485,n15075141
LSEJ_012000,images/n15075141_5628.png,train,n15075141_5628,n15075141
